ts,nSeq,ppg,pzt
1779134955.4480376,0,630,455
1779134955.4618256,1,627,459
1779134955.4704947,2,619,463
1779134955.479345,3,606,467
1779134955.4904547,4,588,471
1779134955.4992163,5,568,474
1779134955.5404735,6,548,477
1779134955.541635,7,527,480
1779134955.55042,8,507,483
1779134955.5516474,9,488,487
1779134955.552858,10,470,490
1779134955.5666466,11,454,493
1779134955.5729327,12,441,496
1779134955.586672,13,428,500
1779134955.5928717,14,414,503
1779134955.6066158,15,399,505
1779134955.6078632,16,386,508
1779134955.6216393,17,373,511
1779134955.6304073,18,365,513
1779134955.6392179,19,360,515
1779134955.6504707,20,358,517
1779134955.6591427,21,358,519
1779134955.6730149,22,358,520
1779134955.6816387,23,359,523
1779134955.6928866,24,360,524
1779134955.701638,25,362,526
1779134955.715446,26,364,527
1779134955.7242706,27,366,529
1779134955.7354722,28,367,531
1779134955.7442734,29,368,532
1779134955.7579155,30,368,535
1779134955.7666235,31,365,536
1779134955.7678587,32,362,537
1779134955.7828927,33,357,539
1779134955.791666,34,352,540
1779134955.8004212,35,345,541
1779134955.8116577,36,339,543
1779134955.8254836,37,334,543
1779134955.8329842,38,330,544
1779134955.8417192,39,324,544
1779134955.8704348,40,318,545
1779134955.871656,41,312,546
1779134955.8728719,42,306,547
1779134955.8978703,43,301,549
1779134955.8991127,44,297,550
1779134955.9204974,45,295,551
1779134955.9217496,46,296,551
1779134955.9230163,47,299,551
1779134955.9341474,48,303,552
1779134955.9432745,49,304,552
1779134955.9479713,50,308,553
1779134955.9619327,51,309,554
1779134955.967887,52,309,555
1779134955.9817464,53,308,556
1779134955.990497,54,311,556
1779134956.0041704,55,315,557
1779134956.010383,56,323,557
1779134956.0241795,57,337,557
1779134956.033097,58,356,558
1779134956.0429192,59,384,558
1779134956.0541377,60,419,559
1779134956.0678957,61,457,559
1779134956.0766559,62,496,559
1779134956.0904884,63,533,560
1779134956.0916731,64,566,560
1779134956.1016955,65,592,560
1779134956.1105204,66,612,560
1779134956.1191838,67,626,560
1779134956.13551,68,632,560
1779134956.1367292,69,630,560
1779134956.1492193,70,622,560
1779134956.163114,71,608,560
1779134956.1741514,72,593,559
1779134956.1829162,73,575,559
1779134956.196755,74,556,558
1779134956.2054024,75,537,558
1779134956.216671,76,520,557
1779134956.2304893,77,503,557
1779134956.235518,78,486,556
1779134956.2629123,79,470,556
1779134956.2641573,80,456,555
1779134956.2893898,81,444,554
1779134956.290526,82,433,553
1779134956.3141801,83,423,551
1779134956.315406,84,415,551
1779134956.3166945,85,409,549
1779134956.3178942,86,407,548
1779134956.3229344,87,408,547
1779134956.3317268,88,410,546
1779134956.3404825,89,415,544
1779134956.3542302,90,419,543
1779134956.3617725,91,423,542
1779134956.3729653,92,428,542
1779134956.3817887,93,430,540
1779134956.3954513,94,432,539
1779134956.4042318,95,433,538
1779134956.405402,96,432,536
1779134956.4204237,97,428,535
1779134956.4342332,98,422,534
1779134956.4391983,99,415,533
1779134956.455427,100,409,532
1779134956.4628994,101,404,531
1779134956.4717083,102,399,531
1779134956.4979653,103,393,529
1779134956.4991665,104,387,527
1779134956.5129929,105,381,526
1779134956.5141704,106,377,525
1779134956.5279655,107,373,524
1779134956.5342553,108,370,523
1779134956.5479856,109,366,521
1779134956.5568142,110,365,520
1779134956.568005,111,363,519
1779134956.5691772,112,363,517
1779134956.57925,113,363,516
1779134956.5879307,114,366,515
1779134956.6017165,115,368,514
1779134956.6079443,116,374,512
1779134956.633151,117,376,511
1779134956.6341958,118,378,510
1779134956.6529825,119,380,509
1779134956.6541827,120,388,508
1779134956.6618333,121,403,507
1779134956.670452,122,424,506
1779134956.6842892,123,452,505
1779134956.690626,124,486,504
1779134956.7042136,125,523,504
1779134956.7129471,126,562,503
1779134956.7216897,127,600,503
1779134956.7279892,128,634,502
1779134956.741724,129,663,502
1779134956.7505147,130,687,502
1779134956.7592163,131,701,501
1779134956.7718017,132,711,500
1779134956.7854953,133,712,500
1779134956.7905736,134,709,500
1779134956.8042047,135,699,500
1779134956.8104398,136,686,501
1779134956.8241942,137,670,500
1779134956.8329306,138,655,500
1779134956.846806,139,638,500
1779134956.8529346,140,620,500
1779134956.8667035,141,602,500
1779134956.8755453,142,585,499
1779134956.889313,143,566,499
1779134956.8904536,144,547,499
1779134956.9004612,145,528,498
1779134956.9092777,146,511,497
1779134956.9229665,147,494,497
1779134956.9317474,148,479,496
1779134956.940601,149,468,495
1779134956.954237,150,460,494
1779134956.962977,151,455,494
1779134956.9742336,152,455,493
1779134956.9992952,153,456,492
1779134957.0004656,154,457,491
1779134957.0254645,155,460,489
1779134957.0267694,156,461,488
1779134957.0393002,157,463,487
1779134957.0404627,158,462,485
1779134957.0542634,159,462,484
1779134957.0604725,160,459,482
1779134957.0605168,161,453,481
1779134957.0768147,162,447,479
1779134957.0779753,163,442,478
1779134957.094249,164,437,476
1779134957.1030455,165,430,474
1779134957.1118164,166,424,473
1779134957.1379948,167,418,472
1779134957.1391997,168,411,470
1779134957.1530213,169,406,468
1779134957.1542518,170,399,467
1779134957.168033,171,392,465
1779134957.1742437,172,389,463
1779134957.1855395,173,384,461
1779134957.1942592,174,384,460
1779134957.208009,175,384,459
1779134957.2092128,176,385,459
1779134957.2192378,177,386,457
1779134957.2280166,178,386,456
1779134957.2418442,179,383,455
1779134957.2480094,180,380,454
1779134957.2619472,181,376,452
1779134957.2705007,182,375,451
1779134957.2879896,183,373,450
1779134957.2892241,184,371,448
1779134957.3042505,185,370,447
1779134957.3129828,186,374,446
1779134957.3268528,187,380,444
1779134957.3329911,188,395,443
1779134957.3842459,189,414,441
1779134957.389267,190,441,440
1779134957.3904827,191,476,440
1779134957.3917801,192,517,439
1779134957.3929453,193,561,438
1779134957.394199,194,607,437
1779134957.4030027,195,652,436
1779134957.4092405,196,693,435
1779134957.4230406,197,727,435
1779134957.4318528,198,752,435
1779134957.4405339,199,768,434
1779134957.4519045,200,778,433
1779134957.460552,201,780,433
1779134957.474252,202,776,433
1779134957.4830542,203,768,433
1779134957.498066,204,755,432
1779134957.4992113,205,740,433
1779134957.5129917,206,726,432
1779134957.5269573,207,710,432
1779134957.5279698,208,695,432
1779134957.5429912,209,680,431
1779134957.5518272,210,664,431
1779134957.5605187,211,645,431
1779134957.5718284,212,627,430
1779134957.5805087,213,609,430
1779134957.5942616,214,591,430
1779134957.6030958,215,573,430
1779134957.614292,216,557,430
1779134957.6230404,217,542,429
1779134957.6368465,218,531,429
1779134957.6457477,219,523,429
1779134957.6568208,220,515,428
1779134957.6655657,221,511,428
1779134957.6792614,222,505,428
1779134957.693046,223,500,428
1779134957.694252,224,496,428
1779134957.695482,225,493,428
1779134957.7243092,226,491,428
1779134957.725473,227,489,427
1779134957.7505152,228,487,427
1779134957.751816,229,483,427
1779134957.76212,230,480,426
1779134957.7630205,231,476,426
1779134957.7905426,232,472,425
1779134957.7917721,233,467,424
1779134957.7929344,234,460,423
1779134957.8068326,235,452,423
1779134957.812996,236,444,422
1779134957.8231826,237,438,420
1779134957.836917,238,433,419
1779134957.8455122,239,428,419
1779134957.8467858,240,423,417
1779134957.8618984,241,419,416
1779134957.8705726,242,417,415
1779134957.879306,243,416,414
1779134957.8905275,244,415,413
1779134957.899391,245,414,414
1779134957.913035,246,414,414
1779134957.921851,247,411,414
1779134957.9330685,248,405,414
1779134957.9420664,249,397,414
1779134957.9556365,250,390,415
1779134957.9644759,251,382,415
1779134957.9756362,252,377,415
1779134957.9893901,253,372,415
1779134957.994307,254,372,415
1779134958.0082326,255,374,416
1779134958.0093899,256,379,416
1779134958.0230212,257,388,417
1779134958.0280142,258,404,417
1779134958.041974,259,427,419
1779134958.0530467,260,460,420
1779134958.0618186,261,502,421
1779134958.0755665,262,551,423
1779134958.1193213,263,604,425
1779134958.1207054,264,659,426
1779134958.1217864,265,712,429
1779134958.1229815,266,758,431
1779134958.124235,267,797,433
1779134958.1342947,268,827,435
1779134958.1482027,269,850,439
1779134958.1568737,270,865,443
1779134958.17068,271,871,446
1779134958.1717606,272,866,450
1779134958.1818285,273,855,454
1779134958.19056,274,837,459
1779134958.1992419,275,815,462
1779134958.210593,276,792,467
1779134958.2192352,277,768,470
1779134958.230525,278,748,473
1779134958.2442906,279,729,478
1779134958.2505856,280,711,483
1779134958.2643018,281,696,489
1779134958.2731073,282,682,494
1779134958.2868326,283,671,499
1779134958.2929785,284,664,504
1779134958.306764,285,660,509
1779134958.315488,286,658,515
1779134958.3293307,287,656,519
1779134958.3304706,288,657,525
1779134958.3405707,289,659,530
1779134958.3494847,290,664,534
1779134958.3630152,291,667,540
1779134958.3692846,292,670,545
1779134958.3830261,293,671,549
1779134958.396809,294,668,555
1779134958.4018295,295,664,559
1779134958.4305546,296,655,563
1779134958.4318862,297,647,568
1779134958.433037,298,635,571
1779134958.4455166,299,621,575
1779134958.4705622,300,606,578
1779134958.4718304,301,587,581
1779134958.491835,302,565,583
1779134958.4929786,303,543,585
1779134958.4942553,304,523,585
1779134958.4992313,305,505,586
1779134958.5130954,306,488,585
1779134958.5180264,307,473,585
1779134958.53432,308,459,583
1779134958.5356562,309,448,582
1779134958.553095,310,437,580
1779134958.5618398,311,428,579
1779134958.57308,312,418,577
1779134958.5819376,313,410,575
1779134958.5955036,314,402,574
1779134958.6043549,315,394,572
1779134958.6155756,316,384,570
1779134958.6242876,317,375,568
1779134958.6380641,318,367,566
1779134958.646894,319,359,564
1779134958.6480217,320,352,562
1779134958.658035,321,344,560
1779134958.6744123,322,338,556
1779134958.675491,323,331,553
1779134958.695568,324,327,550
1779134958.6967928,325,327,547
1779134958.710595,326,332,544
1779134958.719307,327,340,541
1779134958.730599,328,351,539
1779134958.744283,329,365,537
1779134958.7505782,330,383,536
1779134958.7620382,331,406,534
1779134958.773022,332,437,534
1779134958.7819457,333,474,533
1779134958.7955308,334,520,532
1779134958.804338,335,575,531
1779134958.8054957,336,634,531
1779134958.8594165,337,694,530
1779134958.860516,338,757,529
1779134958.861803,339,814,527
1779134958.863014,340,865,526
1779134958.8642812,341,906,525
1779134958.874337,342,934,524
1779134958.883053,343,951,524
1779134958.894328,344,957,523
1779134958.9030437,345,954,523
1779134958.9170547,346,944,523
1779134958.9255302,347,929,523
1779134958.9368942,348,910,523
1779134958.9505255,349,888,524
1779134958.9593158,350,865,525
1779134958.9680436,351,843,527
1779134958.9695961,352,820,528
1779134958.9793887,353,798,530
1779134958.9882267,354,775,532
1779134959.002006,355,751,533
1779134959.0105402,356,728,535
1779134959.0193326,357,704,536
1779134959.0330625,358,679,538
1779134959.0418277,359,653,539
1779134959.073101,360,628,540
1779134959.074252,361,607,540
1779134959.0754974,362,586,541
1779134959.0893137,363,567,541
1779134959.0905423,364,550,541
1779134959.1055856,365,535,541
1779134959.1142683,366,524,540
1779134959.1230338,367,515,540
1779134959.1292763,368,507,539
1779134959.1380463,369,500,537
1779134959.152222,370,495,536
1779134959.1605563,371,490,535
1779134959.1719015,372,484,534
1779134959.221823,373,480,532
1779134959.222988,374,476,531
1779134959.224226,375,473,529
1779134959.225478,376,472,529
1779134959.2267375,377,469,528
1779134959.236918,378,468,527
1779134959.2433205,379,464,527
1779134959.2542703,380,462,527
1779134959.2633102,381,459,527
1779134959.2768152,382,454,527
1779134959.2843168,383,447,527
1779134959.2904992,384,442,526
1779134959.2993646,385,435,526
1779134959.3080401,386,429,524
1779134959.3220737,387,423,524
1779134959.3280954,388,415,523
1779134959.3419845,389,404,522
1779134959.3507423,390,395,521
1779134959.3594487,391,385,521
1779134959.3706043,392,379,520
1779134959.3793616,393,374,518
1779134959.3931775,394,370,517
1779134959.401919,395,367,515
1779134959.413134,396,364,514
1779134959.4221392,397,364,513
1779134959.4355478,398,366,512
1779134959.4445958,399,371,510
1779134959.4455652,400,380,509
1779134959.460696,401,393,507
1779134959.4696777,402,415,506
1779134959.4830742,403,444,504
1779134959.4930208,404,484,503
1779134959.5020258,405,531,501
1779134959.5105398,406,588,500
1779134959.524411,407,648,499
1779134959.5305462,408,711,497
1779134959.544321,409,769,497
1779134959.590609,410,822,495
1779134959.592105,411,866,494
1779134959.5929916,412,899,492
1779134959.5943484,413,920,492
1779134959.5955908,414,932,488
1779134959.6119325,415,932,488
1779134959.6130466,416,923,485
1779134959.6183977,417,907,484
1779134959.6319633,418,883,482
1779134959.6405513,419,857,480
1779134959.651812,420,830,478
1779134959.6605518,421,804,476
1779134959.674426,422,781,473
1779134959.6830764,423,760,471
1779134959.7130468,424,739,470
1779134959.714273,425,719,468
1779134959.7155025,426,697,466
1779134959.7293322,427,674,465
1779134959.730564,428,649,462
1779134959.7455628,429,622,461
1779134959.7543662,430,593,459
1779134959.768372,431,566,458
1779134959.7693348,432,541,456
1779134959.7793622,433,519,455
1779134959.7880847,434,502,454
1779134959.8019032,435,489,452
1779134959.8080316,436,479,451
1779134959.8221667,437,473,450
1779134959.8306212,438,470,449
1779134959.8444045,439,468,448
1779134959.8530476,440,469,447
1779134959.8618495,441,469,446
1779134959.875616,442,470,446
1779134959.8843594,443,471,444
1779134959.8955517,444,470,443
1779134959.9092934,445,468,442
1779134959.9143574,446,465,441
1779134959.941847,447,459,440
1779134959.9430518,448,451,440
1779134959.9680536,449,442,439
1779134959.9693832,450,434,439
1779134959.9893103,451,423,438
1779134959.9906657,452,413,438
1779134959.9918706,453,403,437
1779134959.993048,454,392,436
1779134960.0067775,455,382,435
1779134960.0080311,456,371,435
1779134960.0243318,457,360,435
1779134960.0330396,458,352,434
1779134960.0419235,459,343,433
1779134960.053019,460,337,431
1779134960.061799,461,332,430
1779134960.075559,462,329,429
1779134960.0842805,463,329,428
1779134960.085513,464,330,428
1779134960.100633,465,331,427
1779134960.1092932,466,332,426
1779134960.1256511,467,332,425
1779134960.1268141,468,331,424
1779134960.1418726,469,330,423
1779134960.1506336,470,329,423
1779134960.164407,471,325,421
1779134960.1706326,472,324,420
1779134960.1843722,473,323,419
1779134960.193033,474,324,417
1779134960.2068875,475,327,416
1779134960.213005,476,338,414
1779134960.2268546,477,356,413
1779134960.2342854,478,388,412
1779134960.243084,479,430,411
1779134960.249372,480,483,410
1779134960.2581186,481,542,409
1779134960.2718034,482,607,409
1779134960.2806594,483,672,409
1779134960.3257089,484,736,408
1779134960.326893,485,787,407
1779134960.3519564,486,829,407
1779134960.3530982,487,860,407
1779134960.3606489,488,879,406
1779134960.3619683,489,887,408
1779134960.3630655,490,888,407
1779134960.3643181,491,879,408
1779134960.3756714,492,864,409
1779134960.3843887,493,844,409
1779134960.3981552,494,824,411
1779134960.4071574,495,798,412
1779134960.4082265,496,773,413
1779134960.4231625,497,745,414
1779134960.4318192,498,720,416
1779134960.4431021,499,696,417
1779134960.4543555,500,673,419
1779134960.4631484,501,653,419
1779134960.4768178,502,633,421
1779134960.4855914,503,612,422
1779134960.496897,504,592,424
1779134960.510814,505,573,425
1779134960.515642,506,553,426
1779134960.5293756,507,535,427
1779134960.5355604,508,522,429
1779134960.545574,509,510,430
1779134960.559338,510,502,431
1779134960.5681536,511,497,432
1779134960.5682178,512,491,433
1779134960.579312,513,485,435
1779134960.588172,514,481,436
1779134960.6020842,515,474,438
1779134960.6105604,516,467,439
1779134960.6217918,517,458,440
1779134960.6307023,518,451,442
1779134960.6456437,519,441,444
1779134960.650574,520,432,445
1779134960.675647,521,424,446
1779134960.6768737,522,416,448
1779134960.6993759,523,410,449
1779134960.7006545,524,405,451
1779134960.7018204,525,400,452
1779134960.7168179,526,394,454
1779134960.7255554,527,389,455
1779134960.7268088,528,384,457
1779134960.7430732,529,377,459
1779134960.753035,530,373,460
1779134960.7618272,531,368,461
1779134960.770605,532,363,463
1779134960.781785,533,359,464
1779134960.7905493,534,353,466
1779134960.8043182,535,347,467
1779134960.8130112,536,342,467
1779134960.8243003,537,337,468
1779134960.8331597,538,331,470
1779134960.846867,539,327,472
1779134960.8555226,540,324,473
1779134960.8655436,541,320,474
1779134960.8743792,542,316,476
1779134960.888111,543,313,477
1779134960.8893545,544,309,478
1779134960.9005342,545,308,480
1779134960.914318,546,310,481
1779134960.919375,547,313,481
1779134960.9330726,548,317,483
1779134960.9418101,549,320,484
1779134960.950639,550,323,486
1779134960.9643643,551,330,487
1779134960.9893293,552,343,488
1779134960.9905694,553,364,489
1779134961.002143,554,394,490
1779134961.0030541,555,433,492
1779134961.0170705,556,480,493
1779134961.0421925,557,533,495
1779134961.0430894,558,589,496
1779134961.0680842,559,644,498
1779134961.0692728,560,697,499
1779134961.0780776,561,743,500
1779134961.079271,562,780,502
1779134961.0805583,563,806,502
1779134961.0943842,564,821,504
1779134961.1006794,565,828,504
1779134961.1143076,566,826,506
1779134961.1205425,567,815,506
1779134961.134318,568,798,507
1779134961.140564,569,777,508
1779134961.1544182,570,754,510
1779134961.1631455,571,730,511
1779134961.1720755,572,705,512
1779134961.183054,573,684,513
1779134961.191792,574,664,514
1779134961.2055726,575,643,515
1779134961.2068207,576,621,515
1779134961.22312,577,600,516
1779134961.231808,578,581,517
1779134961.2405818,579,561,517
1779134961.254318,580,540,518
1779134961.260567,581,524,518
1779134961.2743483,582,507,519
1779134961.2869294,583,494,519
1779134961.2955756,584,483,519
1779134961.3068135,585,476,520
1779134961.3155787,586,472,520
1779134961.3293674,587,469,521
1779134961.3383732,588,467,521
1779134961.3495696,589,467,521
1779134961.363153,590,467,521
1779134961.3631737,591,467,521
1779134961.364309,592,466,521
1779134961.3781207,593,464,521
1779134961.411927,594,460,521
1779134961.4131052,595,455,521
1779134961.4318435,596,449,521
1779134961.4337206,597,440,521
1779134961.4342976,598,429,521
1779134961.4443877,599,419,521
1779134961.45063,600,408,521
1779134961.4644084,601,399,520
1779134961.470659,602,392,520
1779134961.4881039,603,386,520
1779134961.4893084,604,381,519
1779134961.5031583,605,376,519
1779134961.5143654,606,371,518
1779134961.5230985,607,366,518
1779134961.5293763,608,362,518
1779134961.5383685,609,358,516
1779134961.5493767,610,352,516
1779134961.5631142,611,348,515
1779134961.5693748,612,344,513
1779134961.5831451,613,343,512
1779134961.5918257,614,342,512
1779134961.6005626,615,340,511
1779134961.630629,616,341,511
1779134961.6318126,617,340,510
1779134961.6330345,618,342,507
1779134961.6431193,619,343,507
1779134961.6518707,620,344,505
1779134961.6657317,621,347,504
1779134961.6743205,622,347,503
1779134961.683063,623,348,502
1779134961.6893282,624,349,501
1779134961.6980774,625,355,500
1779134961.7093427,626,364,499
1779134961.7180812,627,382,498
1779134961.7318795,628,406,497
1779134961.7405603,629,438,496
1779134961.751929,630,478,496
1779134961.7768495,631,524,495
1779134961.778082,632,576,495
1779134961.8006058,633,632,494
1779134961.8018632,634,687,494
1779134961.8031058,635,739,493
1779134961.8182116,636,783,493
1779134961.823135,637,817,492
1779134961.8344173,638,839,491
1779134961.8431895,639,852,491
1779134961.849417,640,855,492
1779134961.8581405,641,849,491
1779134961.8693545,642,835,491
1779134961.8782256,643,814,491
1779134961.8919117,644,789,490
1779134961.9019508,645,764,490
1779134961.9105947,646,735,490
1779134961.919396,647,708,490
1779134961.9331603,648,682,489
1779134961.941955,649,659,488
1779134961.953744,650,636,488
1779134961.9669185,651,611,487
1779134961.9718513,652,588,487
1779134961.9864123,653,567,487
1779134961.99185,654,548,486
1779134962.005947,655,530,486
1779134962.0068383,656,515,486
1779134962.0206833,657,499,485
1779134962.032172,658,486,485
1779134962.0406363,659,476,484
1779134962.0544052,660,468,484
1779134962.0631874,661,462,483
1779134962.0743625,662,456,483
1779134962.0831256,663,451,483
1779134962.0970283,664,447,482
1779134962.1056628,665,443,482
1779134962.1143734,666,440,481
1779134962.162315,667,438,481
1779134962.1630783,668,435,480
1779134962.164358,669,431,480
1779134962.1655943,670,426,479
1779134962.1668415,671,419,479
1779134962.1768878,672,412,479
1779134962.1821415,673,403,478
1779134962.1885858,674,397,478
1779134962.2021928,675,390,477
1779134962.2106292,676,382,477
1779134962.219421,677,378,476
1779134962.2306445,678,375,476
1779134962.2394223,679,371,476
1779134962.270697,680,365,476
1779134962.2718463,681,361,475
1779134962.273335,682,355,475
1779134962.2831247,683,350,475
1779134962.291865,684,349,475
1779134962.306224,685,348,473
1779134962.3143697,686,346,473
1779134962.3244002,687,343,472
1779134962.3293898,688,338,472
1779134962.3387642,689,332,472
1779134962.3493884,690,327,471
1779134962.3583105,691,323,471
1779134962.3718677,692,320,471
1779134962.3807847,693,320,471
1779134962.3918567,694,319,470
1779134962.4006748,695,317,469
1779134962.414428,696,314,468
1779134962.4256852,697,310,468
1779134962.4319475,698,307,468
1779134962.4456336,699,308,468
1779134962.4543805,700,311,467
1779134962.4681358,701,318,467
1779134962.4744403,702,333,466
1779134962.4830732,703,354,465
1779134962.528199,704,382,465
1779134962.5293388,705,417,465
1779134962.5369058,706,461,465
1779134962.53809,707,512,464
1779134962.5393856,708,568,464
1779134962.5405908,709,623,464
1779134962.5519133,710,674,464
1779134962.5606086,711,718,464
1779134962.5743604,712,754,464
1779134962.5830927,713,781,465
1779134962.5943701,714,799,464
1779134962.6031582,715,808,464
1779134962.616877,716,807,464
1779134962.6281078,717,798,464
1779134962.634359,718,784,465
1779134962.6481566,719,768,465
1779134962.6493888,720,747,466
1779134962.6580894,721,727,465
1779134962.669363,722,707,465
1779134962.6781127,723,687,465
1779134962.6918516,724,667,465
1779134962.7006524,725,647,466
1779134962.7119226,726,627,465
1779134962.7206593,727,609,465
1779134962.731859,728,591,465
1779134962.740629,729,571,465
1779134962.7569408,730,553,464
1779134962.7581134,731,535,464
1779134962.7718797,732,518,464
1779134962.7856648,733,502,464
1779134962.7919014,734,487,463
1779134962.8056712,735,475,463
1779134962.8068569,736,464,463
1779134962.8206782,737,456,462
1779134962.831944,738,452,462
1779134962.840866,739,449,462
1779134962.8544512,740,449,461
1779134962.879437,741,448,461
1779134962.8806565,742,448,460
1779134962.91073,743,447,460
1779134962.911841,744,446,459
1779134962.928245,745,441,459
1779134962.9294696,746,437,459
1779134962.9305863,747,432,458
1779134962.9318764,748,427,457
1779134962.9481847,749,421,457
1779134962.9543579,750,416,457
1779134962.9681492,751,409,456
1779134962.9693997,752,402,455
1779134962.97833,753,393,455
1779134962.9893994,754,386,455
1779134962.9981487,755,377,454
1779134963.011881,756,368,453
1779134963.02068,757,361,453
1779134963.0318701,758,354,453
1779134963.040635,759,346,452
1779134963.0507455,760,340,451
1779134963.0643828,761,335,450
1779134963.0718849,762,331,451
1779134963.085642,763,329,450
1779134963.0944004,764,331,449
1779134963.1031535,765,333,448
1779134963.1144338,766,336,447
1779134963.1231515,767,337,446
1779134963.129369,768,339,446
1779134963.1381235,769,339,446
1779134963.1494122,770,336,445
1779134963.1581688,771,333,445
1779134963.1719384,772,330,443
1779134963.1807072,773,328,443
1779134963.1918924,774,328,442
1779134963.200626,775,328,441
1779134963.2143998,776,327,441
1779134963.2231634,777,324,440
1779134963.248221,778,322,440
1779134963.2494044,779,321,440
1779134963.2731953,780,324,439
1779134963.2743633,781,333,439
1779134963.2756052,782,350,438
1779134963.2856352,783,379,438
1779134963.294379,784,418,437
1779134963.2956278,785,467,437
1779134963.3119144,786,524,437
1779134963.3206816,787,586,437
1779134963.3294673,788,647,437
1779134963.3432302,789,706,437
1779134963.3494468,790,757,437
1779134963.363555,791,798,438
1779134963.372,792,827,438
1779134963.380694,793,843,438
1779134963.3918934,794,851,438
1779134963.4007359,795,848,439
1779134963.4145215,796,837,440
1779134963.4233613,797,818,440
1779134963.4344318,798,796,441
1779134963.4431484,799,772,443
1779134963.4494162,800,750,444
1779134963.458149,801,728,445
1779134963.4694412,802,708,445
1779134963.4782295,803,688,446
1779134963.4919116,804,668,447
1779134963.500748,805,649,448
1779134963.5119538,806,629,449
1779134963.5381947,807,607,451
1779134963.5398848,808,587,452
1779134963.5533152,809,568,453
1779134963.5543861,810,551,455
1779134963.5644655,811,535,456
1779134963.5731869,812,520,457
1779134963.5820642,813,506,459
1779134963.612023,814,495,460
1779134963.6131554,815,486,462
1779134963.6381793,816,480,464
1779134963.6394043,817,473,466
1779134963.6619415,818,470,468
1779134963.6637187,819,466,470
1779134963.6643608,820,463,471
1779134963.6656458,821,461,473
1779134963.6756513,822,459,474
1779134963.6844087,823,455,476
1779134963.693133,824,454,477
1779134963.702042,825,450,479
1779134963.71315,826,445,480
1779134963.7269275,827,440,482
1779134963.733159,828,433,483
1779134963.7469285,829,429,485
1779134963.7531316,830,424,486
1779134963.7669108,831,420,487
1779134963.7682097,832,415,488
1779134963.7818754,833,408,489
1779134963.788129,834,400,490
1779134963.801984,835,393,492
1779134963.810678,836,385,492
1779134963.8194413,837,379,494
1779134963.8306754,838,373,495
1779134963.8397493,839,367,496
1779134963.8531194,840,361,497
1779134963.8620045,841,358,497
1779134963.873149,842,355,499
1779134963.884404,843,351,500
1779134963.8931248,844,347,500
1779134963.9068773,845,345,500
1779134963.9131184,846,345,501
1779134963.9268858,847,346,502
1779134963.9281251,848,347,502
1779134963.94192,849,346,503
1779134963.9481463,850,344,504
1779134963.9731498,851,343,504
1779134963.9744,852,342,505
1779134963.9994736,853,341,505
1779134964.0007255,854,340,506
1779134964.0257204,855,341,507
1779134964.0268695,856,340,507
1779134964.0331457,857,341,508
1779134964.0344636,858,342,508
1779134964.0443952,859,345,508
1779134964.0531175,860,352,509
1779134964.0619323,861,366,509
1779134964.078141,862,385,510
1779134964.079402,863,414,511
1779134964.0881274,864,452,511
1779134964.0994225,865,503,511
1779134964.1106493,866,559,512
1779134964.1194365,867,618,513
1779134964.1331177,868,675,513
1779134964.1422055,869,729,514
1779134964.153174,870,775,515
1779134964.1618917,871,812,515
1779134964.195684,872,840,517
1779134964.1968975,873,856,516
1779134964.198171,874,864,518
1779134964.2056413,875,866,518
1779134964.2143774,876,857,518
1779134964.2281716,877,843,519
1779134964.2343595,878,824,519
1779134964.2481573,879,803,521
1779134964.2493947,880,782,521
1779134964.2581327,881,760,521
1779134964.269428,882,737,521
1779134964.2781258,883,714,522
1779134964.2918968,884,692,522
1779134964.3007042,885,672,523
1779134964.3131187,886,651,523
1779134964.3220336,887,628,524
1779134964.3670297,888,606,524
1779134964.3681855,889,584,524
1779134964.369465,890,563,524
1779134964.3706918,891,543,524
1779134964.37195,892,527,525
1779134964.3857462,893,513,525
1779134964.3920066,894,503,525
1779134964.4058177,895,498,525
1779134964.406902,896,494,525
1779134964.4182365,897,494,525
1779134964.4294977,898,494,525
1779134964.4382417,899,494,525
1779134964.4520164,900,496,525
1779134964.4607725,901,497,525
1779134964.4719384,902,499,525
1779134964.4807076,903,498,525
1779134964.4945042,904,495,525
1779134964.5033069,905,491,525
1779134964.5157552,906,485,526
1779134964.5244582,907,476,526
1779134964.5332105,908,467,526
1779134964.5469818,909,458,526
1779134964.5532513,910,447,527
1779134964.5669947,911,437,526
1779134964.5681813,912,429,527
1779134964.5819468,913,418,527
1779134964.588189,914,411,527
1779134964.6020682,915,402,528
1779134964.6107252,916,396,528
1779134964.6196833,917,391,528
1779134964.630867,918,386,529
1779134964.639632,919,384,529
1779134964.6532564,920,383,529
1779134964.6620193,921,384,529
1779134964.673191,922,382,529
1779134964.6819692,923,382,529
1779134964.728274,924,383,530
1779134964.72944,925,385,530
1779134964.7407293,926,387,531
1779134964.741885,927,387,531
1779134964.7432036,928,385,531
1779134964.7443995,929,380,530
1779134964.7556598,930,376,530
1779134964.7606616,931,371,529
1779134964.7694,932,369,528
1779134964.783147,933,368,527
1779134964.7893925,934,368,526
1779134964.8031774,935,368,526
1779134964.833208,936,372,525
1779134964.834413,937,380,524
1779134964.8356352,938,395,523
1779134964.8456793,939,419,522
1779134964.8544087,940,455,521
1779134964.8632488,941,501,520
1779134964.8744235,942,557,519
1779134964.8881626,943,619,518
1779134964.889441,944,683,516
1779134964.8981535,945,745,516
1779134964.909416,946,801,514
1779134964.9181862,947,848,513
1779134964.932012,948,884,512
1779134964.9421308,949,908,511
1779134964.9506617,950,922,509
1779134964.959437,951,924,508
1779134964.973217,952,917,507
1779134964.9820383,953,903,506
1779134964.993183,954,882,504
1779134965.007068,955,856,504
1779134965.0119355,956,828,504
1779134965.0256994,957,798,503
1779134965.0319347,958,768,501
1779134965.045709,959,739,500
1779134965.0471241,960,713,499
1779134965.0606983,961,688,498
1779134965.0857415,962,665,496
1779134965.086894,963,643,496
1779134965.1094542,964,625,494
1779134965.1107893,965,606,493
1779134965.1119304,966,588,492
1779134965.1220062,967,572,491
1779134965.135794,968,558,490
1779134965.1420105,969,548,489
1779134965.1519458,970,542,488
1779134965.1657846,971,536,487
1779134965.1745386,972,532,485
1779134965.1831832,973,528,484
1779134965.194415,974,525,483
1779134965.208201,975,523,481
1779134965.2094216,976,519,480
1779134965.2183535,977,516,479
1779134965.234424,978,510,478
1779134965.235783,979,501,476
1779134965.2495878,980,492,475
1779134965.26319,981,484,474
1779134965.26945,982,477,473
1779134965.2832177,983,470,471
1779134965.292073,984,464,470
1779134965.3008258,985,459,469
1779134965.3119175,986,453,468
1779134965.3208597,987,446,467
1779134965.3345401,988,440,466
1779134965.3432913,989,432,465
1779134965.353357,990,423,463
1779134965.3620896,991,412,462
1779134965.3682883,992,403,461
1779134965.382073,993,395,460
1779134965.3882718,994,387,459
1779134965.401934,995,382,458
1779134965.4107573,996,378,457
1779134965.4195004,997,376,455
1779134965.4544797,998,375,454
1779134965.4557734,999,372,453
1779134965.4809399,1000,370,452
1779134965.481965,1001,368,451
1779134965.504622,1002,368,451
1779134965.5058231,1003,366,451
1779134965.506939,1004,365,450
1779134965.5083227,1005,362,449
1779134965.519551,1006,360,449
1779134965.5244732,1007,358,448
1779134965.5331829,1008,358,448
1779134965.53818,1009,355,448
1779134965.549484,1010,354,448
1779134965.5582087,1011,355,447
1779134965.5719657,1012,359,447
1779134965.5857987,1013,365,447
1779134965.5920205,1014,375,446
1779134965.600755,1015,392,446
1779134965.614433,1016,422,446
1779134965.623222,1017,465,445
1779134965.6344178,1018,517,445
1779134965.6432347,1019,577,445
1779134965.6569586,1020,638,446
1779134965.6644182,1021,701,446
1779134965.6757538,1022,758,446
1779134965.6894493,1023,809,446
1779134965.6907768,1024,851,446
1779134965.6995595,1025,885,447
1779134965.7107468,1026,908,446
1779134965.7194624,1027,919,447
1779134965.7332466,1028,919,448
1779134965.7422295,1029,913,448
1779134965.7532463,1030,899,449
1779134965.765881,1031,880,450
1779134965.7744703,1032,857,452
1779134965.7882507,1033,833,451
1779134965.7944522,1034,809,452
1779134965.819557,1035,784,454
1779134965.8207796,1036,760,453
1779134965.83943,1037,736,454
1779134965.8407564,1038,714,454
1779134965.8457427,1039,692,455
1779134965.8544452,1040,673,455
1779134965.8607724,1041,652,456
1779134965.8707714,1042,630,456
1779134965.879538,1043,607,457
1779134965.89325,1044,583,457
1779134965.9020612,1045,560,458
1779134965.9133182,1046,539,458
1779134965.9220212,1047,523,459
1779134965.9357657,1048,512,459
1779134965.9444582,1049,503,460
1779134965.9557607,1050,498,460
1779134965.9644732,1051,495,460
1779134965.974434,1052,496,460
1779134965.9882007,1053,497,460
1779134965.9994469,1054,497,461
1779134966.0082827,1055,497,461
1779134966.0083013,1056,496,461
1779134966.0219457,1057,493,461
1779134966.0307474,1058,491,462
1779134966.041991,1059,485,462
1779134966.0508404,1060,477,462
1779134966.0649576,1061,468,462
1779134966.0732617,1062,459,463
1779134966.0820603,1063,447,462
1779134966.111338,1064,436,462
1779134966.1120503,1065,424,463
1779134966.1133814,1066,414,463
1779134966.1245701,1067,404,462
1779134966.1383023,1068,394,462
1779134966.1432567,1069,385,462
1779134966.157176,1070,376,462
1779134966.2095401,1071,370,462
1779134966.21075,1072,366,462
1779134966.2120333,1073,361,462
1779134966.2132273,1074,360,462
1779134966.214464,1075,360,461
1779134966.2157655,1076,364,461
1779134966.2232075,1077,367,460
1779134966.231953,1078,368,460
1779134966.2432394,1079,371,459
1779134966.25199,1080,373,459
1779134966.2657845,1081,373,459
1779134966.2744403,1082,373,460
1779134966.286958,1083,369,460
1779134966.29574,1084,365,460
1779134966.3044858,1085,359,459
1779134966.318309,1086,355,459
1779134966.329547,1087,353,459
1779134966.3307874,1088,351,459
1779134966.3446348,1089,350,459
1779134966.3496876,1090,350,459
1779134966.3666751,1091,352,459
1779134966.3670201,1092,357,458
1779134966.3808265,1093,368,458
1779134966.3970008,1094,388,458
1779134966.3982193,1095,417,457
1779134966.4132657,1096,457,457
1779134966.422012,1097,506,457
1779134966.4357998,1098,564,458
1779134966.4420137,1099,628,458
1779134966.4558263,1100,696,458
1779134966.4646628,1101,764,458
1779134966.4732563,1102,826,459
1779134966.4844937,1103,878,459
1779134966.4932714,1104,919,459
1779134966.4982553,1105,946,459
1779134966.509505,1106,961,460
1779134966.5207934,1107,966,462
1779134966.529738,1108,961,461
1779134966.5546076,1109,942,462
1779134966.555974,1110,917,463
1779134966.575841,1111,887,463
1779134966.5769532,1112,857,464
1779134966.5820508,1113,827,467
1779134966.5958388,1114,798,468
1779134966.6020188,1115,773,467
1779134966.6132622,1116,749,468
1779134966.621973,1117,730,470
1779134966.635809,1118,710,470
1779134966.6419818,1119,690,471
1779134966.6508162,1120,671,472
1779134966.659507,1121,651,473
1779134966.6682537,1122,630,474
1779134966.6796796,1123,609,475
1779134966.6932738,1124,591,476
1779134966.6995869,1125,573,477
1779134966.7123468,1126,556,478
1779134966.7232163,1127,542,479
1779134966.7508667,1128,530,480
1779134966.7520342,1129,521,480
1779134966.7532294,1130,513,481
1779134966.7645738,1131,509,483
1779134966.773266,1132,504,483
1779134966.7870126,1133,499,484
1779134966.795923,1134,495,485
1779134966.8070428,1135,492,486
1779134966.8120844,1136,488,487
1779134966.8208005,1137,486,488
1779134966.829764,1138,483,489
1779134966.8408165,1139,479,489
1779134966.8497448,1140,473,490
1779134966.8633142,1141,466,491
1779134966.8721657,1142,458,492
1779134966.8833416,1143,449,492
1779134966.8970695,1144,439,493
1779134966.9420328,1145,428,494
1779134966.9432654,1146,415,495
1779134966.9444923,1147,403,495
1779134966.9457645,1148,391,496
1779134966.94722,1149,382,496
1779134966.9607873,1150,372,498
1779134966.9620097,1151,364,498
1779134966.9721444,1152,357,499
1779134966.9808652,1153,352,500
1779134966.9896448,1154,349,501
1779134967.0008745,1155,347,502
1779134967.009543,1156,346,503
1779134967.0208237,1157,345,503
1779134967.034543,1158,343,503
1779134967.0407994,1159,342,504
1779134967.0545468,1160,340,504
1779134967.0633748,1161,338,505
1779134967.0722888,1162,338,506
1779134967.08331,1163,338,507
1779134967.0973387,1164,337,507
1779134967.1033683,1165,337,508
1779134967.1172569,1166,336,508
1779134967.1245224,1167,335,509
1779134967.1308758,1168,332,510
1779134967.1396158,1169,330,510
1779134967.1533215,1170,329,511
1779134967.1595294,1171,329,512
1779134967.1733017,1172,333,512
1779134967.1820686,1173,344,512
1779134967.1908188,1174,364,513
1779134967.202076,1175,394,513
1779134967.210828,1176,439,514
1779134967.2245486,1177,496,515
1779134967.2320542,1178,565,516
1779134967.2433002,1179,640,517
1779134967.2521055,1180,718,517
1779134967.2658653,1181,790,518
1779134967.2908266,1182,854,519
1779134967.2920396,1183,905,519
1779134967.3121176,1184,942,520
1779134967.313764,1185,961,522
1779134967.3145084,1186,968,521
1779134967.320818,1187,964,522
1779134967.3333592,1188,948,523
1779134967.342062,1189,924,524
1779134967.3508334,1190,892,524
1779134967.362109,1191,858,524
1779134967.3910196,1192,824,525
1779134967.392013,1193,792,526
1779134967.3932686,1194,763,526
1779134967.404566,1195,736,526
1779134967.4133084,1196,709,526
1779134967.427072,1197,683,527
1779134967.4332936,1198,657,527
1779134967.4499533,1199,632,527
1779134967.4508798,1200,608,527
1779134967.4595304,1201,584,527
1779134967.4733074,1202,562,527
1779134967.4795387,1203,542,528
1779134967.4933267,1204,526,528
1779134967.5022843,1205,514,528
1779134967.5159526,1206,505,528
1779134967.5220277,1207,502,528
1779134967.5396557,1208,499,528
1779134967.5411701,1209,497,528
1779134967.5545826,1210,496,528
1779134967.5658631,1211,494,527
1779134967.5745769,1212,490,527
1779134967.588305,1213,487,528
1779134967.5971,1214,483,527
1779134967.608311,1215,478,527
1779134967.6133032,1216,471,527
1779134967.6220841,1217,462,527
1779134967.6308405,1218,452,527
1779134967.6796317,1219,442,527
1779134967.6807947,1220,432,527
1779134967.6820288,1221,422,527
1779134967.6832662,1222,413,526
1779134967.6845293,1223,402,526
1779134967.694588,1224,393,525
1779134967.7033415,1225,385,526
1779134967.7122047,1226,379,525
1779134967.723304,1227,374,525
1779134967.732086,1228,370,525
1779134967.7445972,1229,367,525
1779134967.7533183,1230,366,525
1779134967.764559,1231,364,524
1779134967.7733371,1232,361,524
1779134967.7783346,1233,358,524
1779134967.7922728,1234,355,523
1779134967.7996016,1235,353,522
1779134967.8133378,1236,351,521
1779134967.8195982,1237,348,521
1779134967.8333342,1238,344,520
1779134967.8396068,1239,342,521
1779134967.85082,1240,339,520
1779134967.8645835,1241,335,519
1779134967.8708346,1242,333,518
1779134967.8821452,1243,329,517
1779134967.8908217,1244,327,516
1779134967.9045854,1245,327,515
1779134967.9136913,1246,324,514
1779134967.9245925,1247,323,514
1779134967.9296129,1248,324,512
1779134967.938399,1249,327,511
1779134967.950978,1250,336,510
1779134967.962104,1251,354,510
1779134967.9708219,1252,384,509
1779134967.9846108,1253,424,508
1779134967.9953635,1254,476,508
1779134968.0333965,1255,537,507
1779134968.034531,1256,607,507
1779134968.0595863,1257,679,506
1779134968.0608094,1258,750,506
1779134968.0858111,1259,813,505
1779134968.0870247,1260,867,505
1779134968.104646,1261,909,505
1779134968.1057937,1262,935,503
1779134968.1070747,1263,948,503
1779134968.1086009,1264,948,504
1779134968.1097214,1265,935,504
1779134968.1107996,1266,915,503
1779134968.127078,1267,887,503
1779134968.128293,1268,856,502
1779134968.1423678,1269,824,503
1779134968.1508873,1270,793,503
1779134968.1595511,1271,762,503
1779134968.1733623,1272,730,502
1779134968.1821225,1273,702,502
1779134968.195835,1274,677,502
1779134968.2020822,1275,652,501
1779134968.2158551,1276,628,500
1779134968.224587,1277,606,500
1779134968.2383504,1278,585,500
1779134968.2470627,1279,563,499
1779134968.253372,1280,543,499
1779134968.259784,1281,526,499
1779134968.2683406,1282,511,498
1779134968.279572,1283,498,498
1779134968.293371,1284,488,497
1779134968.2996235,1285,480,497
1779134968.313347,1286,474,497
1779134968.3196933,1287,471,496
1779134968.3333437,1288,470,496
1779134968.3421333,1289,469,496
1779134968.3508747,1290,468,495
1779134968.3645747,1291,467,495
1779134968.4046054,1292,463,495
1779134968.4058,1293,458,495
1779134968.4133472,1294,454,494
1779134968.4146464,1295,448,494
1779134968.415877,1296,440,493
1779134968.4170196,1297,431,493
1779134968.4309273,1298,420,492
1779134968.4420645,1299,410,492
1779134968.4559255,1300,400,492
1779134968.4609294,1301,388,491
1779134968.4721353,1302,379,490
1779134968.4832695,1303,368,490
1779134968.4921453,1304,359,489
1779134968.5058892,1305,351,489
1779134968.514519,1306,344,489
1779134968.5258322,1307,339,488
1779134968.5346224,1308,336,488
1779134968.548374,1309,332,488
1779134968.557059,1310,329,488
1779134968.5684328,1311,327,487
1779134968.573323,1312,326,487
1779134968.580932,1313,326,487
1779134968.5897415,1314,328,487
1779134968.6008852,1315,328,486
1779134968.6095417,1316,331,486
1779134968.6233444,1317,335,485
1779134968.6321588,1318,336,485
1779134968.6433153,1319,334,485
1779134968.6709597,1320,329,485
1779134968.6721413,1321,324,485
1779134968.6733458,1322,320,484
1779134968.6846628,1323,316,484
1779134968.6933632,1324,314,483
1779134968.7071183,1325,312,483
1779134968.7158265,1326,312,483
1779134968.7275097,1327,311,483
1779134968.7321544,1328,307,483
1779134968.7572072,1329,307,482
1779134968.7584937,1330,311,482
1779134968.7821457,1331,324,481
1779134968.783326,1332,348,481
1779134968.7845929,1333,386,481
1779134968.7983503,1334,436,480
1779134968.7995088,1335,498,480
1779134968.814639,1336,570,480
1779134968.8233185,1337,646,480
1779134968.8321536,1338,721,480
1779134968.8433201,1339,793,480
1779134968.85207,1340,855,480
1779134968.8658977,1341,904,480
1779134968.874558,1342,939,480
1779134968.8857968,1343,959,482
1779134968.8907936,1344,965,481
1779134968.899604,1345,961,480
1779134968.9108129,1346,944,481
1779134968.9220886,1347,919,480
1779134968.9308877,1348,892,481
1779134968.9445987,1349,860,481
1779134968.9534092,1350,827,481
1779134968.964591,1351,798,481
1779134968.973326,1352,769,481
1779134968.987108,1353,743,482
1779134968.9958754,1354,719,482
1779134969.007064,1355,695,483
1779134969.0158436,1356,671,483
1779134969.0296206,1357,648,482
1779134969.0383542,1358,626,482
1779134969.054741,1359,603,482
1779134969.0547786,1360,582,482
1779134969.055849,1361,563,482
1779134969.069591,1362,543,481
1779134969.0784032,1363,524,481
1779134969.09462,1364,507,482
1779134969.0958078,1365,491,481
1779134969.145824,1366,480,481
1779134969.147086,1367,472,481
1779134969.1482844,1368,466,481
1779134969.149562,1369,462,480
1779134969.1508799,1370,460,480
1779134969.1646745,1371,459,480
1779134969.1710382,1372,459,480
1779134969.184612,1373,459,480
1779134969.1933558,1374,460,480
1779134969.202067,1375,460,479
1779134969.208357,1376,457,479
1779134969.2195811,1377,451,479
1779134969.2283688,1378,444,479
1779134969.2420685,1379,435,478
1779134969.2484202,1380,424,478
1779134969.262173,1381,413,478
1779134969.2708383,1382,401,478
1779134969.284612,1383,389,478
1779134969.3109176,1384,379,477
1779134969.312131,1385,368,477
1779134969.3133523,1386,357,476
1779134969.3246262,1387,347,476
1779134969.3358614,1388,337,476
1779134969.3446772,1389,329,476
1779134969.358371,1390,325,476
1779134969.3671174,1391,324,476
1779134969.368362,1392,323,475
1779134969.3834887,1393,320,475
1779134969.3921225,1394,315,475
1779134969.4009154,1395,311,475
1779134969.4122627,1396,307,474
1779134969.4233725,1397,307,474
1779134969.432271,1398,307,474
1779134969.4460645,1399,308,474
1779134969.4522846,1400,311,473
1779134969.4658751,1401,315,472
1779134969.5121891,1402,318,472
1779134969.513325,1403,320,472
1779134969.5146573,1404,323,472
1779134969.5158188,1405,326,472
1779134969.5171094,1406,326,472
1779134969.5297406,1407,325,472
1779134969.529794,1408,323,472
1779134969.540925,1409,320,471
1779134969.5497308,1410,319,471
1779134969.5634215,1411,317,472
1779134969.572202,1412,314,471
1779134969.583428,1413,309,471
1779134969.5928571,1414,306,471
1779134969.6059096,1415,307,470
1779134969.6146605,1416,315,469
1779134969.626048,1417,335,470
1779134969.6346781,1418,368,469
1779134969.6483943,1419,418,468
1779134969.657072,1420,480,468
1779134969.6683304,1421,553,468
1779134969.677344,1422,632,468
1779134969.690875,1423,711,468
1779134969.6909053,1424,787,468
1779134969.6995842,1425,854,468
1779134969.7108123,1426,909,468
1779134969.719585,1427,950,467
1779134969.7346466,1428,973,467
1779134969.7433245,1429,974,467
1779134969.7546105,1430,974,467
1779134969.7633328,1431,965,467
1779134969.7770898,1432,940,467
1779134969.785849,1433,908,469
1779134969.7970734,1434,874,469
1779134969.805862,1435,843,467
1779134969.8197546,1436,812,468
1779134969.8285606,1437,783,468
1779134969.8396266,1438,756,468
1779134969.8647158,1439,729,467
1779134969.8647742,1440,703,467
1779134969.8658705,1441,679,469
1779134969.8883584,1442,656,467
1779134969.889608,1443,633,468
1779134969.890811,1444,612,468
1779134969.9058,1445,593,468
1779134969.910872,1446,577,468
1779134969.9220815,1447,563,468
1779134969.9521801,1448,549,468
1779134969.9533598,1449,538,468
1779134969.9596348,1450,527,469
1779134969.9609067,1451,517,469
1779134969.9758646,1452,509,470
1779134969.9846015,1453,503,470
1779134969.993356,1454,498,471
1779134970.0046446,1455,493,472
1779134970.0134082,1456,488,472
1779134970.0183904,1457,484,472
1779134970.0321133,1458,480,473
1779134970.0383575,1459,473,474
1779134970.056041,1460,468,476
1779134970.0570955,1461,461,477
1779134970.0709248,1462,452,478
1779134970.082305,1463,444,479
1779134970.09083,1464,435,480
1779134970.104703,1465,426,481
1779134970.1134224,1466,416,482
1779134970.1247241,1467,408,483
1779134970.133313,1468,398,484
1779134970.1476007,1469,385,485
1779134970.155941,1470,372,486
1779134970.1647494,1471,362,487
1779134970.1709049,1472,353,488
1779134970.1799192,1473,344,489
1779134970.1884964,1474,338,490
1779134970.1997209,1475,332,491
1779134970.2309568,1476,327,492
1779134970.232399,1477,325,492
1779134970.25107,1478,322,494
1779134970.2522378,1479,319,494
1779134970.2534504,1480,316,495
1779134970.265973,1481,313,496
1779134970.2746756,1482,313,497
1779134970.2858615,1483,312,498
1779134970.2946799,1484,313,498
1779134970.3084333,1485,315,498
1779134970.3171663,1486,317,499
1779134970.3334048,1487,320,500
1779134970.3346393,1488,323,500
1779134970.3434348,1489,326,501
1779134970.3484633,1490,326,502
1779134970.3597987,1491,324,502
1779134970.3696902,1492,323,503
1779134970.3834248,1493,321,504
1779134970.3921995,1494,320,504
1779134970.4033945,1495,318,504
1779134970.4122505,1496,314,505
1779134970.4259248,1497,311,505
1779134970.434636,1498,308,506
1779134970.4459782,1499,308,506
1779134970.454776,1500,313,506
1779134970.4684079,1501,325,507
1779134970.4772668,1502,347,508
1779134970.493395,1503,380,508
1779134970.4945962,1504,426,509
1779134970.4999177,1505,484,510
1779134970.5083702,1506,551,510
1779134970.5196383,1507,621,511
1779134970.533395,1508,693,512
1779134970.5396655,1509,762,513
1779134970.553441,1510,822,513
1779134970.5596402,1511,871,513
1779134970.5946636,1512,907,514
1779134970.595878,1513,930,515
1779134970.620961,1514,939,516
1779134970.622146,1515,935,516
1779134970.6458802,1516,921,518
1779134970.6471121,1517,899,518
1779134970.648386,1518,870,519
1779134970.6499994,1519,837,519
1779134970.6508565,1520,801,520
1779134970.665919,1521,764,519
1779134970.6671457,1522,729,520
1779134970.680905,1523,698,521
1779134970.6898246,1524,669,521
1779134970.7034502,1525,642,521
1779134970.7121673,1526,618,522
1779134970.7233844,1527,595,522
1779134970.7322035,1528,577,523
1779134970.745945,1529,560,523
1779134970.754817,1530,544,524
1779134970.7659583,1531,531,524
1779134970.7821429,1532,519,524
1779134970.7833695,1533,509,525
1779134970.7971637,1534,500,525
1779134970.813513,1535,492,525
1779134970.814605,1536,486,525
1779134970.8197203,1537,483,525
1779134970.8284447,1538,481,526
1779134970.8446665,1539,480,526
1779134970.845853,1540,479,526
1779134970.8596272,1541,476,526
1779134970.8733492,1542,475,526
1779134970.8796635,1543,470,526
1779134970.891152,1544,463,526
1779134970.9046314,1545,455,526
1779134970.9134843,1546,446,526
1779134970.92468,1547,437,526
1779134970.9333992,1548,428,526
1779134970.9835138,1549,417,526
1779134970.9846992,1550,406,526
1779134970.9859753,1551,395,526
1779134970.9897134,1552,388,525
1779134970.9908423,1553,382,525
1779134970.9922092,1554,375,525
1779134971.0084708,1555,368,525
1779134971.0097122,1556,363,525
1779134971.0233653,1557,359,525
1779134971.0321553,1558,356,526
1779134971.0433939,1559,354,525
1779134971.0521982,1560,351,525
1779134971.0659194,1561,347,525
1779134971.0746398,1562,343,525
1779134971.0859585,1563,339,525
1779134971.0946496,1564,336,524
1779134971.1083934,1565,333,523
1779134971.1171398,1566,332,523
1779134971.1333966,1567,332,523
1779134971.1409428,1568,331,522
1779134971.140988,1569,329,522
1779134971.1496725,1570,330,522
1779134971.1609526,1571,333,521
1779134971.1696703,1572,335,521
1779134971.183404,1573,337,521
1779134971.1922743,1574,337,520
1779134971.2047489,1575,337,519
1779134971.2359831,1576,337,519
1779134971.2372196,1577,337,518
1779134971.2384796,1578,337,517
1779134971.244715,1579,339,517
1779134971.2583928,1580,342,517
1779134971.267145,1581,349,515
1779134971.2760284,1582,364,516
1779134971.2922897,1583,387,515
1779134971.297122,1584,422,515
1779134971.2983837,1585,468,515
1779134971.3234253,1586,522,515
1779134971.3246105,1587,581,515
1779134971.3497472,1588,643,515
1779134971.350925,1589,705,515
1779134971.36726,1590,763,515
1779134971.3684754,1591,811,515
1779134971.3697295,1592,854,514
1779134971.3846474,1593,884,514
1779134971.3934493,1594,903,514
1779134971.4009652,1595,909,514
1779134971.4146395,1596,906,514
1779134971.4238443,1597,893,514
1779134971.4371302,1598,874,515
1779134971.4458823,1599,848,513
1779134971.4609551,1600,819,514
1779134971.460985,1601,789,514
1779134971.4696074,1602,760,513
1779134971.485885,1603,731,513
1779134971.4871259,1604,702,512
1779134971.504704,1605,675,512
1779134971.5134988,1606,651,512
1779134971.5247178,1607,627,511
1779134971.5334358,1608,603,510
1779134971.547802,1609,581,510
1779134971.5558803,1610,561,509
1779134971.5674167,1611,543,509
1779134971.5758872,1612,527,508
1779134971.5896504,1613,512,508
1779134971.598487,1614,500,508
1779134971.6122015,1615,492,507
1779134971.6122198,1616,488,507
1779134971.6209178,1617,488,506
1779134971.6296692,1618,488,505
1779134971.6434052,1619,490,505
1779134971.6496205,1620,493,504
1779134971.6634505,1621,493,504
1779134971.6722107,1622,494,504
1779134971.6974607,1623,494,503
1779134971.6983936,1624,492,503
1779134971.7239263,1625,487,502
1779134971.7246032,1626,478,502
1779134971.725868,1627,468,502
1779134971.7421367,1628,456,501
1779134971.7433786,1629,441,500
1779134971.7571347,1630,428,500
1779134971.7659066,1631,415,500
1779134971.7671244,1632,407,500
1779134971.7823734,1633,397,499
1779134971.790926,1634,386,499
1779134971.7996411,1635,377,500
1779134971.810898,1636,368,499
1779134971.8196442,1637,361,500
1779134971.8333938,1638,357,500
1779134971.8423243,1639,356,500
1779134971.8710177,1640,359,499
1779134971.8721426,1641,359,500
1779134971.8738844,1642,359,500
1779134971.887174,1643,359,500
1779134971.893574,1644,360,499
1779134971.907137,1645,361,499
1779134971.9134505,1646,359,498
1779134971.9235027,1647,357,498
1779134971.9297035,1648,356,497
1779134971.9387817,1649,356,497
1779134971.9523993,1650,355,497
1779134971.9609723,1651,355,497
1779134971.9722357,1652,353,497
1779134971.9809518,1653,349,496
1779134971.9946632,1654,347,495
1779134972.003411,1655,342,495
1779134972.0146735,1656,337,494
1779134972.0259585,1657,333,494
1779134972.0397015,1658,332,494
1779134972.064662,1659,332,493
1779134972.0658846,1660,335,492
1779134972.090949,1661,347,492
1779134972.0921457,1662,364,492
1779134972.1009068,1663,392,491
1779134972.102324,1664,433,491
1779134972.1033888,1665,483,490
1779134972.1134162,1666,542,490
1779134972.119656,1667,607,490
1779134972.1309443,1668,676,490
1779134972.1396823,1669,745,489
1779134972.1534476,1670,805,489
1779134972.1621413,1671,857,489
1779134972.1736796,1672,897,490
1779134972.1822088,1673,922,488
1779134972.195961,1674,934,488
1779134972.204674,1675,934,488
1779134972.2159522,1676,921,488
1779134972.2246485,1677,900,489
1779134972.2372265,1678,874,488
1779134972.2509236,1679,844,489
1779134972.2521803,1680,813,488
1779134972.2622437,1681,781,489
1779134972.2709184,1682,749,489
1779134972.279671,1683,720,488
1779134972.2959402,1684,694,488
1779134972.2971575,1685,671,488
1779134972.3109274,1686,653,488
1779134972.3246806,1687,635,487
1779134972.3372526,1688,617,487
1779134972.3384109,1689,600,487
1779134972.3521824,1690,581,487
1779134972.3660464,1691,561,486
1779134972.372279,1692,541,486
1779134972.3859239,1693,523,486
1779134972.3946846,1694,508,485
1779134972.4035084,1695,497,485
1779134972.4097126,1696,487,484
1779134972.4349363,1697,480,484
1779134972.4596896,1698,477,483
1779134972.4610598,1699,475,483
1779134972.48345,1700,473,483
1779134972.4846547,1701,474,482
1779134972.5159314,1702,473,481
1779134972.517145,1703,471,481
1779134972.5184085,1704,468,480
1779134972.5198498,1705,463,480
1779134972.5209074,1706,458,480
1779134972.5221303,1707,452,480
1779134972.5410028,1708,445,479
1779134972.5421977,1709,435,479
1779134972.5559416,1710,425,479
1779134972.5647113,1711,415,478
1779134972.5659513,1712,406,478
1779134972.5809531,1713,395,478
1779134972.5896564,1714,384,478
1779134972.6034806,1715,376,477
1779134972.6097171,1716,369,477
1779134972.6235154,1717,363,477
1779134972.6321816,1718,357,476
1779134972.6461177,1719,352,476
1779134972.650983,1720,348,476
1779134972.664713,1721,344,476
1779134972.6734273,1722,340,476
1779134972.6822073,1723,337,476
1779134972.6934469,1724,336,476
1779134972.7024946,1725,335,476
1779134972.7159486,1726,333,476
1779134972.7247036,1727,332,476
1779134972.725934,1728,332,476
1779134972.7409823,1729,332,476
1779134972.7496738,1730,333,476
1779134972.7613473,1731,333,476
1779134972.7722254,1732,333,476
1779134972.8146865,1733,332,476
1779134972.8159297,1734,331,475
1779134972.8284893,1735,331,476
1779134972.8296695,1736,330,476
1779134972.8309066,1737,329,477
1779134972.8321664,1738,327,476
1779134972.8460472,1739,323,476
1779134972.8522332,1740,323,476
1779134972.8635278,1741,320,476
1779134972.8772311,1742,318,477
1779134972.886097,1743,315,478
1779134972.8872068,1744,312,477
1779134972.9022903,1745,311,477
1779134972.9109929,1746,312,478
1779134972.9198687,1747,317,478
1779134972.9310575,1748,328,477
1779134972.9398444,1749,348,477
1779134972.953505,1750,379,477
1779134972.9609995,1751,422,477
1779134972.9723186,1752,478,477
1779134972.9810047,1753,545,477
1779134972.9946654,1754,621,477
1779134973.003415,1755,700,477
1779134973.0146542,1756,777,477
1779134973.0234683,1757,846,477
1779134973.0372384,1758,905,477
1779134973.0460021,1759,950,477
1779134973.0473247,1760,974,478
1779134973.0647335,1761,975,478
1779134973.065916,1762,975,478
1779134973.0797374,1763,975,478
1779134973.090934,1764,962,479
1779134973.09967,1765,934,480
1779134973.1134608,1766,900,481
1779134973.1221807,1767,865,481
1779134973.151025,1768,830,482
1779134973.1522582,1769,795,483
1779134973.1778352,1770,762,483
1779134973.1784036,1771,732,483
1779134973.1998522,1772,705,483
1779134973.2009115,1773,684,484
1779134973.2021403,1774,663,484
1779134973.2039654,1775,643,485
1779134973.2122355,1776,623,486
1779134973.2211077,1777,604,487
1779134973.2302072,1778,588,487
1779134973.243445,1779,572,487
1779134973.249675,1780,559,488
1779134973.2634635,1781,546,489
1779134973.2747061,1782,536,490
1779134973.2834308,1783,529,491
1779134973.2952917,1784,524,492
1779134973.3034909,1785,523,492
1779134973.3172715,1786,522,493
1779134973.326057,1787,519,494
1779134973.342226,1788,518,495
1779134973.343499,1789,514,496
1779134973.3572342,1790,509,497
1779134973.371002,1791,503,498
1779134973.3722067,1792,497,499
1779134973.380975,1793,488,500
1779134973.3898184,1794,477,500
1779134973.4034789,1795,465,501
1779134973.4097838,1796,454,503
1779134973.4234574,1797,442,504
1779134973.4324002,1798,430,504
1779134973.446086,1799,419,506
1779134973.4548118,1800,410,507
1779134973.4634786,1801,401,508
1779134973.4797914,1802,393,510
1779134973.480964,1803,384,511
1779134973.4973617,1804,378,512
1779134973.5060785,1805,374,513
1779134973.5562701,1806,369,515
1779134973.557213,1807,365,516
1779134973.5584362,1808,361,518
1779134973.559783,1809,358,519
1779134973.5609443,1810,355,520
1779134973.562469,1811,352,522
1779134973.578478,1812,350,523
1779134973.5798082,1813,348,524
1779134973.590982,1814,348,525
1779134973.5999296,1815,349,527
1779134973.615996,1816,350,527
1779134973.6171958,1817,350,528
1779134973.631062,1818,347,529
1779134973.644818,1819,344,529
1779134973.6509953,1820,342,529
1779134973.6648152,1821,339,530
1779134973.6737046,1822,338,530
1779134973.682215,1823,336,530
1779134973.6909578,1824,335,531
1779134973.6997988,1825,334,530
1779134973.7134566,1826,333,529
1779134973.7184348,1827,329,528
1779134973.729803,1828,328,527
1779134973.743491,1829,328,524
1779134973.7498214,1830,330,524
1779134973.763504,1831,330,522
1779134973.7947814,1832,333,521
1779134973.79594,1833,339,519
1779134973.7973392,1834,348,519
1779134973.8059502,1835,363,518
1779134973.8122282,1836,390,518
1779134973.8210008,1837,431,517
1779134973.834833,1838,482,517
1779134973.8434439,1839,543,516
1779134973.8498995,1840,611,516
1779134973.8635008,1841,681,516
1779134973.8685284,1842,752,516
1779134973.8960183,1843,816,517
1779134973.8972087,1844,873,519
1779134973.9223423,1845,913,519
1779134973.9234586,1846,942,520
1779134973.9373019,1847,958,522
1779134973.938528,1848,963,524
1779134973.9397628,1849,959,526
1779134973.954892,1850,945,528
1779134973.9636045,1851,926,531
1779134973.9749708,1852,898,534
1779134973.9834542,1853,866,536
1779134973.9973428,1854,832,540
1779134974.0034637,1855,797,542
1779134974.009856,1856,763,545
1779134974.0235038,1857,729,547
1779134974.0284903,1858,702,549
1779134974.042221,1859,677,551
1779134974.048463,1860,657,553
1779134974.0622406,1861,639,556
1779134974.0760024,1862,625,558
1779134974.0809858,1863,614,560
1779134974.0922263,1864,608,562
1779134974.1023185,1865,603,564
1779134974.1160548,1866,601,566
1779134974.12485,1867,600,568
1779134974.1360886,1868,602,569
1779134974.1448448,1869,604,571
1779134974.158567,1870,606,572
1779134974.167298,1871,608,573
1779134974.1685436,1872,613,574
1779134974.1835635,1873,615,575
1779134974.1923177,1874,615,576
1779134974.2010696,1875,615,577
1779134974.2135665,1876,613,578
1779134974.2222314,1877,609,579
1779134974.2360868,1878,604,579
1779134974.2448401,1879,595,579
1779134974.2747955,1880,583,579
1779134974.2759821,1881,568,579
1779134974.30099,1882,550,579
1779134974.323577,1883,527,579
1779134974.3247945,1884,502,580
1779134974.3260214,1885,476,580
1779134974.327247,1886,449,581
1779134974.3284667,1887,420,582
1779134974.334926,1888,391,583
1779134974.343551,1889,359,583
1779134974.3523042,1890,328,583
1779134974.3611226,1891,296,583
1779134974.3723204,1892,270,583
1779134974.3810492,1893,246,582
1779134974.394873,1894,230,582
1779134974.4048548,1895,217,582
1779134974.431074,1896,205,580
1779134974.4322283,1897,198,579
1779134974.433475,1898,193,579
1779134974.4472218,1899,188,577
1779134974.453451,1900,183,575
1779134974.4675624,1901,180,574
1779134974.4759588,1902,181,574
1779134974.489773,1903,179,573
1779134974.490962,1904,179,571
1779134974.5009534,1905,181,569
1779134974.5134683,1906,186,567
1779134974.5222156,1907,192,566
1779134974.533528,1908,199,564
1779134974.5422318,1909,207,562
1779134974.5560563,1910,215,560
1779134974.564844,1911,226,559
1779134974.575979,1912,243,556
1779134974.5847995,1913,266,554
1779134974.5984938,1914,299,551
1779134974.6072829,1915,342,549
1779134974.6160262,1916,396,547
1779134974.6410565,1917,458,545
1779134974.6423306,1918,526,543
1779134974.6624458,1919,598,542
1779134974.6635299,1920,670,540
1779134974.6648438,1921,740,540
1779134974.6723154,1922,802,537
1779134974.6809974,1923,854,536
1779134974.6922808,1924,895,533
1779134974.7009869,1925,925,531
1779134974.7185066,1926,943,529
1779134974.719796,1927,950,527
1779134974.7360306,1928,949,526
1779134974.7448337,1929,942,525
1779134974.753505,1930,927,523
1779134974.7673457,1931,909,520
1779134974.7735312,1932,888,518
1779134974.787334,1933,866,515
1779134974.7960289,1934,844,511
1779134974.8098228,1935,820,507
1779134974.8109705,1936,796,503
1779134974.8209517,1937,768,500
1779134974.829791,1938,740,496
1779134974.8435552,1939,712,492
1779134974.8498476,1940,686,489
1779134974.8635418,1941,658,485
1779134974.8722148,1942,632,482
1779134974.8859777,1943,606,479
1779134974.892227,1944,583,476
1779134974.9059896,1945,563,473
1779134974.9147766,1946,547,470
1779134974.9284968,1947,537,467
1779134974.9372575,1948,531,465
1779134974.9459972,1949,527,462
1779134974.959763,1950,527,460
1779134974.9684663,1951,530,457
1779134974.9698353,1952,534,454
1779134974.9798472,1953,539,451
1779134975.0110397,1954,543,449
1779134975.0122623,1955,546,447
1779134975.0297835,1956,546,444
1779134975.0309737,1957,543,441
1779134975.0322154,1958,536,439
1779134975.0423582,1959,525,436
1779134975.0711162,1960,512,435
1779134975.0723054,1961,496,432
1779134975.0735736,1962,483,430
1779134975.0872347,1963,468,428
1779134975.093524,1964,451,425
1779134975.1072462,1965,437,423
1779134975.1135197,1966,423,422
1779134975.1272948,1967,411,420
1779134975.1284692,1968,398,419
1779134975.143561,1969,386,418
1779134975.1510053,1970,376,417
1779134975.1598213,1971,368,415
1779134975.1709998,1972,361,412
1779134975.1847684,1973,356,410
1779134975.1909997,1974,352,409
1779134975.2053177,1975,348,407
1779134975.211073,1976,347,406
1779134975.2247546,1977,347,406
1779134975.233466,1978,349,406
1779134975.242267,1979,354,407
1779134975.253565,1980,360,407
1779134975.2622812,1981,368,408
1779134975.276031,1982,376,408
1779134975.2847743,1983,380,409
1779134975.2860231,1984,382,408
1779134975.300985,1985,383,408
1779134975.3148086,1986,383,406
1779134975.3199875,1987,384,404
1779134975.3310623,1988,390,402
1779134975.3448083,1989,403,399
1779134975.3873322,1990,423,396
1779134975.3885572,1991,457,391
1779134975.4047997,1992,499,387
1779134975.405982,1993,550,383
1779134975.40724,1994,606,379
1779134975.408516,1995,666,374
1779134975.4248035,1996,726,370
1779134975.4259882,1997,780,368
1779134975.4347851,1998,824,365
1779134975.448559,1999,860,364
1779134975.449785,2000,884,362
1779134975.4598327,2001,896,360
1779134975.468536,2002,896,359
1779134975.4823277,2003,886,359
1779134975.4885597,2004,864,359
1779134975.5023634,2005,835,359
1779134975.5160499,2006,804,360
1779134975.5210078,2007,773,361
1779134975.5322895,2008,744,364
1779134975.5460613,2009,717,366
1779134975.5548236,2010,692,370
1779134975.563526,2011,671,372
1779134975.573501,2012,652,376
1779134975.5873287,2013,633,378
1779134975.5960176,2014,614,380
1779134975.609808,2015,596,382
1779134975.6110322,2016,579,384
1779134975.621155,2017,560,385
1779134975.6298943,2018,540,385
1779134975.643612,2019,522,386
1779134975.6523292,2020,504,386
1779134975.6610377,2021,487,387
1779134975.676091,2022,470,387
1779134975.6811354,2023,458,387
1779134975.7110453,2024,451,386
1779134975.7123356,2025,447,384
1779134975.7134848,2026,447,382
1779134975.7522924,2027,447,379
1779134975.7534807,2028,450,376
1779134975.764776,2029,454,372
1779134975.7659848,2030,456,368
1779134975.7672358,2031,460,366
1779134975.768506,2032,460,364
1779134975.7822728,2033,459,362
1779134975.7909906,2034,454,361
1779134975.7998455,2035,448,359
1779134975.8110516,2036,440,358
1779134975.824798,2037,430,356
1779134975.8309922,2038,419,355
1779134975.844797,2039,405,353
1779134975.8510835,2040,390,350
1779134975.8647745,2041,376,347
1779134975.8735044,2042,365,344
1779134975.8822725,2043,355,340
1779134975.8935122,2044,347,336
1779134975.9023807,2045,342,332
1779134975.9161263,2046,338,327
1779134975.9247768,2047,337,322
1779134975.9260502,2048,337,318
1779134975.941007,2049,335,315
1779134975.9497912,2050,335,314
1779134975.963561,2051,335,314
1779134975.9722753,2052,335,314
1779134975.9810202,2053,333,314
1779134975.997279,2054,330,313
1779134975.998503,2055,327,311
1779134976.0147722,2056,323,309
1779134976.0235114,2057,318,307
1779134976.0322948,2058,312,305
1779134976.0460355,2059,307,303
1779134976.0522585,2060,305,303
1779134976.0660214,2061,308,304
1779134976.0747736,2062,316,306
1779134976.0835397,2063,332,310
1779134976.1110587,2064,359,313
1779134976.1110828,2065,398,318
1779134976.1360285,2066,448,323
1779134976.1372564,2067,506,326
1779134976.153067,2068,568,330
1779134976.1537592,2069,630,334
1779134976.154784,2070,688,337
1779134976.1686146,2071,739,339
1779134976.1698444,2072,781,340
1779134976.1854403,2073,810,339
1779134976.193553,2074,828,341
1779134976.2023487,2075,834,341
1779134976.211611,2076,831,340
1779134976.22479,2077,820,341
1779134976.233641,2078,802,342
1779134976.2473352,2079,780,342
1779134976.2485206,2080,756,344
1779134976.2638261,2081,732,344
1779134976.2722707,2082,710,347
1779134976.2810495,2083,689,349
1779134976.292282,2084,669,351
1779134976.3010502,2085,647,353
1779134976.3148258,2086,625,356
1779134976.3235805,2087,603,360
1779134976.351169,2088,579,363
1779134976.3522925,2089,556,367
1779134976.353529,2090,532,371
1779134976.3673549,2091,510,374
1779134976.3735435,2092,489,378
1779134976.3873374,2093,470,382
1779134976.3960705,2094,455,385
1779134976.4098125,2095,443,388
1779134976.4211917,2096,435,390
1779134976.421264,2097,432,391
1779134976.4298074,2098,430,391
1779134976.443544,2099,429,391
1779134976.4497738,2100,430,392
1779134976.4947965,2101,432,393
1779134976.4959855,2102,435,394
1779134976.4972403,2103,440,395
1779134976.499162,2104,443,396
1779134976.5035374,2105,444,398
1779134976.517354,2106,442,399
1779134976.5237823,2107,440,401
1779134976.5323787,2108,435,403
1779134976.54609,2109,427,404
1779134976.5548348,2110,417,406
1779134976.5635579,2111,407,407
1779134976.5839949,2112,395,408
1779134976.5840375,2113,382,409
1779134976.5886116,2114,372,409
1779134976.6023257,2115,359,410
1779134976.608592,2116,349,411
1779134976.6223392,2117,339,412
1779134976.631056,2118,330,411
1779134976.6410534,2119,321,410
1779134976.652502,2120,313,408
1779134976.6660888,2121,307,406
1779134976.674802,2122,299,404
1779134976.6836183,2123,295,401
1779134976.6954892,2124,294,400
1779134976.703555,2125,296,399
1779134976.7173967,2126,299,399
1779134976.7261307,2127,303,399
1779134976.7411902,2128,308,400
1779134976.7412126,2129,311,401
1779134976.7548149,2130,315,402
1779134976.7598355,2131,318,403
1779134976.7760863,2132,319,403
1779134976.7773304,2133,322,404
1779134976.7911031,2134,325,406
1779134976.8048532,2135,335,409
1779134976.811105,2136,351,412
1779134976.8389015,2137,377,415
1779134976.8398137,2138,414,418
1779134976.8651204,2139,462,422
1779134976.8660424,2140,521,425
1779134976.8712764,2141,590,430
1779134976.872319,2142,660,433
1779134976.8861096,2143,729,437
1779134976.9025245,2144,795,441
1779134976.902555,2145,853,445
1779134976.911135,2146,900,449
1779134976.9199018,2147,934,454
1779134976.9310932,2148,952,457
1779134976.9398072,2149,958,462
1779134976.9500637,2150,950,466
1779134976.9636073,2151,931,471
1779134976.9911218,2152,905,474
1779134976.9923131,2153,873,478
1779134976.9935799,2154,837,482
1779134977.0073504,2155,799,486
1779134977.0151317,2156,761,490
1779134977.0285468,2157,724,494
1779134977.0335457,2158,689,499
1779134977.0485992,2159,655,504
1779134977.04981,2160,625,510
1779134977.0598679,2161,597,515
1779134977.068562,2162,571,519
1779134977.0823019,2163,547,524
1779134977.0885868,2164,527,527
1779134977.102336,2165,508,530
1779134977.1110725,2166,493,532
1779134977.1248295,2167,481,534
1779134977.1310735,2168,471,536
1779134977.144832,2169,464,536
1779134977.153567,2170,458,537
1779134977.1673229,2171,453,538
1779134977.173558,2172,448,539
1779134977.187308,2173,443,540
1779134977.2135715,2174,440,541
1779134977.2148328,2175,437,543
1779134977.237381,2176,435,545
1779134977.2385268,2177,433,546
1779134977.2397697,2178,431,549
1779134977.2410595,2179,430,551
1779134977.2522995,2180,428,555
1779134977.2610765,2181,427,558
1779134977.2748253,2182,424,563
1779134977.2835333,2183,417,568
1779134977.294808,2184,408,572
1779134977.303525,2185,397,578
1779134977.3173203,2186,385,583
1779134977.3261125,2187,372,588
1779134977.337346,2188,360,591
1779134977.346102,2189,350,594
1779134977.3598666,2190,340,595
1779134977.3685827,2191,333,596
1779134977.369846,2192,327,596
1779134977.3848565,2193,324,596
1779134977.3860772,2194,320,598
1779134977.4000962,2195,315,600
1779134977.4110992,2196,308,600
1779134977.4198031,2197,301,604
1779134977.4336352,2198,293,606
1779134977.442367,2199,287,608
1779134977.4535463,2200,281,609
1779134977.462339,2201,277,611
1779134977.47233,2202,275,612
1779134977.4860823,2203,274,614
1779134977.494853,2204,274,615
1779134977.5035772,2205,280,617
1779134977.5174294,2206,292,618
1779134977.5260878,2207,312,620
1779134977.5424325,2208,343,621
1779134977.5424619,2209,382,623
1779134977.551087,2210,435,625
1779134977.5826313,2211,495,626
1779134977.5835588,2212,566,628
1779134977.608896,2213,639,630
1779134977.6097941,2214,712,631
1779134977.6350129,2215,784,631
1779134977.636083,2216,847,632
1779134977.6373308,2217,897,633
1779134977.6385753,2218,935,634
1779134977.6475403,2219,960,633
1779134977.653571,2220,969,633
1779134977.6673784,2221,968,633
1779134977.6723197,2222,957,633
1779134977.6836126,2223,935,632
1779134977.7000403,2224,906,632
1779134977.7000759,2225,871,633
1779134977.7085726,2226,835,635
1779134977.7224581,2227,802,637
1779134977.728655,2228,768,639
1779134977.7423337,2229,732,641
1779134977.7511847,2230,696,642
1779134977.7651422,2231,659,642
1779134977.7710738,2232,621,640
1779134977.7873955,2233,583,639
1779134977.7923124,2234,546,637
1779134977.8061643,2235,516,635
1779134977.8122993,2236,489,632
1779134977.8261096,2237,467,630
1779134977.8348439,2238,451,627
1779134977.8437407,2239,441,623
1779134977.8586342,2240,438,620
1779134977.8586593,2241,442,616
1779134977.872346,2242,451,614
1779134977.8811398,2243,464,611
1779134977.8924053,2244,480,607
1779134977.901099,2245,494,603
1779134977.9150093,2246,508,599
1779134977.9235876,2247,520,595
1779134977.9649348,2248,527,591
1779134977.9660606,2249,529,588
1779134977.9674146,2250,527,585
1779134977.9685853,2251,521,583
1779134977.9798205,2252,512,582
1779134977.9848263,2253,499,580
1779134977.9948251,2254,483,578
1779134978.0085933,2255,468,577
1779134978.0200202,2256,452,575
1779134978.0200531,2257,435,574
1779134978.0285947,2258,417,573
1779134978.0423508,2259,401,572
1779134978.0485964,2260,386,572
1779134978.0623426,2261,371,573
1779134978.0711145,2262,358,573
1779134978.0849292,2263,344,573
1779134978.091438,2264,333,572
1779134978.1011107,2265,324,571
1779134978.114866,2266,318,569
1779134978.1238532,2267,311,568
1779134978.134845,2268,305,566
1779134978.1438506,2269,302,562
1779134978.1573896,2270,300,560
1779134978.1661637,2271,301,556
1779134978.1829562,2272,308,553
1779134978.1829822,2273,324,551
1779134978.191174,2274,352,550
1779134978.2035828,2275,392,548
1779134978.20985,2276,446,547
1779134978.2236297,2277,511,547
1779134978.2323484,2278,585,547
1779134978.2414112,2279,663,546
1779134978.2710931,2280,741,545
1779134978.2724044,2281,814,545
1779134978.2735865,2282,877,543
1779134978.2824464,2283,926,543
1779134978.3399246,2284,959,542
1779134978.3410792,2285,974,540
1779134978.3424401,2286,975,541
1779134978.3436928,2287,975,542
1779134978.346203,2288,960,543
1779134978.3462374,2289,935,547
1779134978.3536391,2290,905,551
1779134978.3623788,2291,870,554
1779134978.3736231,2292,836,557
1779134978.3824298,2293,803,559
1779134978.3962266,2294,770,561
1779134978.4050844,2295,738,563
1779134978.4149067,2296,706,565
1779134978.4236388,2297,675,567
1779134978.4375844,2298,643,568
1779134978.4461732,2299,611,569
1779134978.4574065,2300,581,569
1779134978.4661279,2301,550,568
1779134978.4798975,2302,519,563
1779134978.49363,2303,490,558
1779134978.494857,2304,462,551
1779134978.4962194,2305,438,544
1779134978.5124366,2306,416,538
1779134978.521218,2307,402,534
1779134978.5324187,2308,391,530
1779134978.5411222,2309,382,528
1779134978.5549912,2310,379,525
1779134978.5636692,2311,378,523
1779134978.5748787,2312,382,519
1779134978.5836365,2313,389,515
1779134978.599007,2314,398,512
1779134978.606134,2315,409,508
1779134978.6161168,2316,420,505
1779134978.624884,2317,431,502
1779134978.6386166,2318,440,499
1779134978.6526477,2319,446,496
1779134978.658669,2320,451,492
1779134978.6586988,2321,455,488
1779134978.6886566,2322,455,484
1779134978.6898642,2323,453,480
1779134978.7035947,2324,449,475
1779134978.7048469,2325,440,469
1779134978.7135718,2326,430,463
1779134978.7223446,2327,419,458
1779134978.7335994,2328,408,453
1779134978.7473667,2329,397,450
1779134978.7523248,2330,386,447
1779134978.7661126,2331,376,445
1779134978.7723958,2332,368,443
1779134978.786163,2333,363,441
1779134978.794934,2334,360,439
1779134978.8086169,2335,359,438
1779134978.8199258,2336,357,436
1779134978.8199558,2337,355,435
1779134978.8311617,2338,354,435
1779134978.8448813,2339,353,435
1779134978.8511205,2340,349,435
1779134978.859873,2341,350,434
1779134978.873649,2342,354,433
1779134978.8823678,2343,369,431
1779134978.9111724,2344,396,428
1779134978.912369,2345,434,425
1779134978.9137948,2346,487,423
1779134978.9273489,2347,548,420
1779134978.9336169,2348,616,417
1779134978.9423754,2349,687,415
1779134978.9561858,2350,754,412
1779134978.9648585,2351,815,409
1779134978.9811995,2352,865,407
1779134978.981226,2353,902,406
1779134978.9898663,2354,926,403
1779134979.0036085,2355,935,401
1779134979.009926,2356,935,399
1779134979.0235956,2357,924,398
1779134979.0711632,2358,905,399
1779134979.0723581,2359,879,396
1779134979.0735974,2360,847,395
1779134979.074865,2361,812,393
1779134979.0761206,2362,775,391
1779134979.0900207,2363,738,388
1779134979.0911388,2364,701,385
1779134979.106132,2365,665,383
1779134979.1148922,2366,632,380
1779134979.1291683,2367,601,379
1779134979.1398997,2368,572,378
1779134979.1399422,2369,541,377
1779134979.151114,2370,512,377
1779134979.1598747,2371,484,377
1779134979.1712117,2372,456,377
1779134979.1798594,2373,427,377
1779134979.1938694,2374,401,377
1779134979.2026117,2375,379,376
1779134979.213881,2376,359,376
1779134979.2224517,2377,342,375
1779134979.2361224,2378,329,374
1779134979.2448723,2379,319,373
1779134979.2574008,2380,311,373
1779134979.2661302,2381,305,372
1779134979.2748868,2382,299,371
1779134979.2886052,2383,294,369
1779134979.2998972,2384,290,367
1779134979.2999425,2385,285,366
1779134979.3087058,2386,281,363
1779134979.3224137,2387,277,360
1779134979.3336859,2388,275,358
1779134979.3474607,2389,272,357
1779134979.3524315,2390,271,358
1779134979.3624682,2391,271,359
1779134979.3787386,2392,270,359
1779134979.379971,2393,268,359
1779134979.3937166,2394,264,359
1779134979.41874,2395,260,355
1779134979.4198575,2396,254,352
1779134979.4411821,2397,247,349
1779134979.4423826,2398,236,347
1779134979.4435947,2399,227,345
1779134979.4636407,2400,217,344
1779134979.4636726,2401,208,344
1779134979.4686139,2402,199,343
1779134979.4823744,2403,190,341
1779134979.4885883,2404,181,340
1779134979.5024612,2405,171,339
1779134979.5112069,2406,162,337
1779134979.520207,2407,153,336
1779134979.5512393,2408,145,336
1779134979.552544,2409,137,336
1779134979.5536087,2410,131,337
1779134979.562426,2411,124,336
1779134979.5762467,2412,119,335
1779134979.5812058,2413,116,336
1779134979.5949278,2414,117,336
1779134979.6036432,2415,125,337
1779134979.6198761,2416,144,339
1779134979.6286702,2417,175,341
1779134979.6287024,2418,219,344
1779134979.642381,2419,278,348
1779134979.648598,2420,349,351
1779134979.6624916,2421,426,354
1779134979.6711838,2422,510,357
1779134979.6799667,2423,593,359
1779134979.6911983,2424,673,364
1779134979.704976,2425,741,366
1779134979.7111964,2426,799,370
1779134979.7249105,2427,841,371
1779134979.7311192,2428,871,368
1779134979.7449522,2429,887,361
1779134979.753697,2430,892,352
1779134979.7861319,2431,890,344
1779134979.8099656,2432,880,339
1779134979.8099833,2433,862,337
1779134979.8111193,2434,838,337
1779134979.8123553,2435,810,343
1779134979.8138392,2436,780,350
1779134979.828656,2437,746,359
1779134979.8298697,2438,711,369
1779134979.8436444,2439,673,379
1779134979.8498764,2440,632,388
1779134979.863669,2441,585,399
1779134979.872667,2442,535,407
1779134979.8811479,2443,482,415
1779134979.8924186,2444,427,422
1779134979.9061196,2445,372,428
1779134979.9123802,2446,317,432
1779134979.9262571,2447,270,435
1779134979.9425216,2448,230,436
1779134979.9425383,2449,198,435
1779134979.9512854,2450,178,432
1779134979.959882,2451,170,429
1779134979.9711256,2452,173,423
1779134979.979915,2453,186,417
1779134979.9936628,2454,205,411
1779134980.0011277,2455,229,404
1779134980.0123818,2456,256,396
1779134980.0262268,2457,283,389
1779134980.0312233,2458,312,382
1779134980.0449612,2459,342,375
1779134980.0536788,2460,370,370
1779134980.0624292,2461,395,366
1779134980.0762138,2462,415,363
1779134980.0849285,2463,428,361
1779134980.101341,2464,432,360
1779134980.1100266,2465,428,359
1779134980.1100545,2466,419,359
1779134980.1237023,2467,403,360
1779134980.1549792,2468,386,361
1779134980.1561375,2469,368,363
1779134980.1912296,2470,348,364
1779134980.1923974,2471,328,364
1779134980.2049136,2472,306,364
1779134980.206134,2473,287,365
1779134980.2073612,2474,271,367
1779134980.2086442,2475,258,368
1779134980.21738,2476,247,370
1779134980.226154,2477,238,371
1779134980.2349043,2478,230,369
1779134980.2487044,2479,226,366
1779134980.2599819,2480,223,360
1779134980.260014,2481,220,354
1779134980.268672,2482,218,348
1779134980.2824297,2483,218,343
1779134980.288678,2484,220,339
1779134980.30245,2485,221,336
1779134980.3111744,2486,226,333
1779134980.3212218,2487,236,331
1779134980.332417,2488,252,328
1779134980.346177,2489,276,324
1779134980.354958,2490,309,320
1779134980.3637526,2491,352,316
1779134980.3749266,2492,406,312
1779134980.3837068,2493,469,310
1779134980.3975513,2494,537,307
1779134980.4062293,2495,607,306
1779134980.4238696,2496,673,306
1779134980.4239135,2497,733,307
1779134980.4287248,2498,783,308
1779134980.4424093,2499,824,310
1779134980.4486284,2500,854,313
1779134980.4623954,2501,872,316
1779134980.4711797,2502,880,321
1779134980.4799213,2503,875,323
1779134980.4911878,2504,865,327
1779134980.517425,2505,849,332
1779134980.518627,2506,828,336
1779134980.543732,2507,804,339
1779134980.5449357,2508,777,343
1779134980.570268,2509,751,348
1779134980.5711234,2510,724,354
1779134980.5723784,2511,699,359
1779134980.5887856,2512,675,367
1779134980.5888007,2513,648,372
1779134980.589938,2514,620,377
1779134980.5987453,2515,593,383
1779134980.61497,2516,565,387
1779134980.6161208,2517,536,391
1779134980.632439,2518,507,396
1779134980.6411548,2519,480,400
1779134980.6524444,2520,453,405
1779134980.6612568,2521,429,411
1779134980.6749027,2522,405,416
1779134980.6836224,2523,384,422
1779134980.694944,2524,367,429
1779134980.7087498,2525,352,435
1779134980.7136621,2526,342,442
1779134980.727529,2527,332,449
1779134980.7411904,2528,324,455
1779134980.7412112,2529,318,460
1779134980.7499552,2530,314,464
1779134980.7586281,2531,315,468
1779134980.7699475,2532,318,474
1779134980.7836497,2533,322,480
1779134980.7923825,2534,326,487
1779134980.8011491,2535,330,495
1779134980.8361583,2536,335,503
1779134980.8374093,2537,340,510
1779134980.8411665,2538,342,517
1779134980.842386,2539,342,524
1779134980.853633,2540,339,531
1779134980.862382,2541,334,537
1779134980.9074397,2542,326,543
1779134980.9086778,2543,318,550
1779134980.9149063,2544,309,558
1779134980.9149196,2545,301,567
1779134980.9161723,2546,292,576
1779134980.9174032,2547,283,584
1779134980.9336746,2548,274,593
1779134980.939911,2549,267,601
1779134980.95368,2550,262,610
1779134980.9624338,2551,257,617
1779134980.9736705,2552,252,625
1779134980.9824207,2553,247,631
1779134980.9962158,2554,241,636
1779134981.0049305,2555,238,642
1779134981.016167,2556,236,647
1779134981.0249434,2557,234,653
1779134981.041263,2558,230,659
1779134981.0424488,2559,228,664
1779134981.0649881,2560,229,670
1779134981.0661998,2561,231,674
1779134981.06622,2562,242,679
1779134981.0799458,2563,260,683
1779134981.0911498,2564,288,687
1779134981.0999234,2565,327,690
1779134981.1136527,2566,377,692
1779134981.1224082,2567,435,694
1779134981.1337736,2568,496,695
1779134981.142451,2569,556,695
1779134981.1524544,2570,612,693
1779134981.1661932,2571,663,692
1779134981.1749947,2572,705,689
1779134981.1836424,2573,736,687
1779134981.1974115,2574,757,684
1779134981.2061398,2575,768,682
1779134981.2224667,2576,771,679
1779134981.222504,2577,765,676
1779134981.2312183,2578,754,672
1779134981.2563686,2579,738,668
1779134981.257462,2580,717,665
1779134981.2825456,2581,692,660
1779134981.283691,2582,664,655
1779134981.2887669,2583,637,648
1779134981.294934,2584,609,642
1779134981.3037872,2585,583,636
1779134981.3174055,2586,559,630
1779134981.326357,2587,537,624
1779134981.3375118,2588,517,619
1779134981.3514023,2589,497,614
1779134981.3562927,2590,476,609
1779134981.372469,2591,453,605
1779134981.3788078,2592,431,601
1779134981.3788507,2593,412,596
1779134981.392705,2594,392,591
1779134981.4013512,2595,375,585
1779134981.4128053,2596,359,580
1779134981.4213276,2597,345,575
1779134981.4350717,2598,335,569
1779134981.4438984,2599,329,564
1779134981.468849,2600,324,560
1779134981.4699073,2601,322,555
1779134981.4812267,2602,323,551
1779134981.48246,2603,324,547
1779134981.4988482,2604,327,543
1779134981.507516,2605,332,539
1779134981.5214117,2606,336,535
1779134981.5300028,2607,340,531
1779134981.5463433,2608,342,527
1779134981.5463867,2609,343,525
1779134981.5475368,2610,344,523
1779134981.562539,2611,342,523
1779134981.5688689,2612,338,522
1779134981.582576,2613,335,522
1779134981.5913134,2614,329,524
1779134981.6262848,2615,324,526
1779134981.6274414,2616,318,527
1779134981.6450408,2617,309,528
1779134981.646256,2618,301,530
1779134981.6475594,2619,291,532
1779134981.6538367,2620,284,533
1779134981.6675963,2621,277,533
1779134981.6724093,2622,272,531
1779134981.6862438,2623,269,530
1779134981.7025628,2624,265,528
1779134981.7025838,2625,263,526
1779134981.7112722,2626,262,526
1779134981.7199457,2627,260,527
1779134981.731174,2628,259,527
1779134981.7399557,2629,259,529
1779134981.7537704,2630,258,529
1779134981.7624552,2631,259,531
1779134981.7737372,2632,262,532
1779134981.7824268,2633,271,534
1779134981.7962048,2634,286,535
1779134981.8049488,2635,307,535
1779134981.816202,2636,335,536
1779134981.8249397,2637,371,535
1779134981.8387675,2638,414,536
1779134981.8474746,2639,461,536
1779134981.8638306,2640,510,538
1779134981.864974,2641,558,540
1779134981.8649821,2642,605,542
1779134981.8799882,2643,648,544
1779134981.8912385,2644,687,547
1779134981.8999445,2645,717,550
1779134981.9137676,2646,738,552
1779134981.9226167,2647,750,556
1779134981.9337883,2648,752,560
1779134981.9424398,2649,748,561
1779134981.9561813,2650,737,563
1779134981.9649804,2651,722,566
1779134982.012508,2652,702,569
1779134982.0137947,2653,679,571
1779134982.0149407,2654,655,573
1779134982.0161955,2655,629,575
1779134982.018783,2656,603,578
1779134982.033767,2657,576,580
1779134982.0337803,2658,550,582
1779134982.038775,2659,525,584
1779134982.050002,2660,501,587
1779134982.0588226,2661,478,588
1779134982.0724678,2662,456,590
1779134982.0813098,2663,438,591
1779134982.1150026,2664,421,593
1779134982.1162362,2665,408,594
1779134982.1175067,2666,398,595
1779134982.1262705,2667,391,594
1779134982.132467,2668,386,594
1779134982.1463046,2669,382,593
1779134982.155191,2670,380,593
1779134982.1687942,2671,380,592
1779134982.1850646,2672,380,592
1779134982.1850898,2673,381,591
1779134982.1861923,2674,381,591
1779134982.20122,2675,381,591
1779134982.212488,2676,381,590
1779134982.2263684,2677,381,589
1779134982.2312562,2678,380,588
1779134982.2449706,2679,380,587
1779134982.2512052,2680,379,586
1779134982.2649875,2681,376,585
1779134982.2789586,2682,374,583
1779134982.283758,2683,370,582
1779134982.3011932,2684,366,581
1779134982.3061988,2685,364,580
1779134982.319976,2686,361,579
1779134982.328796,2687,359,577
1779134982.3299928,2688,355,577
1779134982.3763323,2689,348,575
1779134982.3775992,2690,344,573
1779134982.3787963,2691,338,572
1779134982.3800228,2692,335,568
1779134982.3812897,2693,332,566
1779134982.3967466,2694,327,562
1779134982.4028773,2695,321,560
1779134982.413824,2696,316,557
1779134982.427567,2697,311,554
1779134982.4325356,2698,308,551
1779134982.4463532,2699,311,549
1779134982.4538279,2700,320,545
1779134982.4675329,2701,336,543
1779134982.4762764,2702,360,540
1779134982.4900467,2703,393,538
1779134982.501361,2704,433,536
1779134982.5013895,2705,479,534
1779134982.5113072,2706,529,532
1779134982.5206192,2707,581,531
1779134982.5313318,2708,633,529
1779134982.5401697,2709,683,528
1779134982.5538166,2710,728,527
1779134982.5625267,2711,762,525
1779134982.5738053,2712,787,524
1779134982.5825317,2713,801,524
1779134982.5962687,2714,805,522
1779134982.605293,2715,801,521
1779134982.6200316,2716,791,521
1779134982.6212227,2717,773,519
1779134982.6350756,2718,753,518
1779134982.6489065,2719,728,517
1779134982.660055,2720,700,516
1779134982.6600788,2721,671,515
1779134982.6738393,2722,641,513
1779134982.6788077,2723,613,513
1779134982.6950521,2724,583,512
1779134982.6962452,2725,556,511
1779134982.726401,2726,531,511
1779134982.7275977,2727,506,510
1779134982.7538085,2728,483,509
1779134982.7550871,2729,461,508
1779134982.7762804,2730,444,508
1779134982.7774367,2731,428,506
1779134982.7787764,2732,417,505
1779134982.783798,2733,408,504
1779134982.7975411,2734,401,503
1779134982.803849,2735,399,502
1779134982.818857,2736,397,501
1779134982.818917,2737,397,499
1779134982.8315492,2738,399,499
1779134982.840089,2739,402,498
1779134982.8513176,2740,406,497
1779134982.8601534,2741,407,497
1779134982.87386,2742,408,496
1779134982.8824713,2743,408,496
1779134982.8938007,2744,407,496
1779134982.902495,2745,406,495
1779134982.9162734,2746,404,494
1779134982.9250257,2747,402,493
1779134982.9350288,2748,398,492
1779134982.948875,2749,391,492
1779134982.9539013,2750,384,492
1779134982.9675589,2751,379,491
1779134982.9838283,2752,373,490
1779134982.9849973,2753,368,490
1779134982.9850056,2754,364,489
1779134982.9988508,2755,359,489
1779134983.0099618,2756,354,490
1779134983.0187917,2757,351,490
1779134983.0324688,2758,348,490
1779134983.039957,2759,343,490
1779134983.0513067,2760,337,490
1779134983.060021,2761,332,490
1779134983.110038,2762,327,489
1779134983.1112192,2763,323,489
1779134983.112436,2764,322,489
1779134983.113759,2765,322,488
1779134983.1149695,2766,324,487
1779134983.128778,2767,326,487
1779134983.1400316,2768,334,487
1779134983.1400461,2769,346,486
1779134983.1487331,2770,363,486
1779134983.162598,2771,385,486
1779134983.1688526,2772,416,485
1779134983.1825535,2773,455,485
1779134983.1912653,2774,500,485
1779134983.204979,2775,551,485
1779134983.2112541,2776,603,485
1779134983.2249637,2777,654,485
1779134983.233792,2778,704,485
1779134983.2450542,2779,747,485
1779134983.2562208,2780,781,484
1779134983.2650137,2781,806,485
1779134983.2788708,2782,820,484
1779134983.2875268,2783,825,484
1779134983.298782,2784,821,484
1779134983.3125603,2785,808,484
1779134983.312579,2786,791,483
1779134983.321244,2787,770,483
1779134983.3325686,2788,748,482
1779134983.3413258,2789,724,482
1779134983.3526194,2790,700,482
1779134983.3613343,2791,673,481
1779134983.391316,2792,647,481
1779134983.392498,2793,622,480
1779134983.3938053,2794,598,481
1779134983.4025679,2795,575,480
1779134983.413859,2796,553,480
1779134983.4275928,2797,533,480
1779134983.4337883,2798,515,480
1779134983.483763,2799,498,480
1779134983.4862301,2800,483,480
1779134983.4875083,2801,472,480
1779134983.4875197,2802,462,480
1779134983.4887698,2803,453,479
1779134983.4899747,2804,443,479
1779134983.5050907,2805,433,479
1779134983.5062838,2806,425,479
1779134983.5202055,2807,419,479
1779134983.5312605,2808,415,479
1779134983.5399826,2809,412,479
1779134983.5575204,2810,411,479
1779134983.558773,2811,412,479
1779134983.5750422,2812,412,479
1779134983.5838416,2813,412,479
1779134983.5925093,2814,412,479
1779134983.6062229,2815,412,479
1779134983.6226637,2816,411,479
1779134983.6226947,2817,411,479
1779134983.6313787,2818,409,480
1779134983.64,2819,406,480
1779134983.6513176,2820,403,480
1779134983.6600263,2821,398,480
1779134983.673794,2822,392,480
1779134983.6825366,2823,387,480
1779134983.6937923,2824,380,480
1779134983.7026122,2825,373,480
1779134983.7163608,2826,364,481
1779134983.725108,2827,357,482
1779134983.7363403,2828,349,482
1779134983.7451112,2829,343,482
1779134983.7587843,2830,337,482
1779134983.7675843,2831,335,482
1779134983.778891,2832,335,481
1779134983.7926083,2833,334,481
1779134983.8012903,2834,335,481
1779134983.8013175,2835,337,481
1779134983.827599,2836,341,480
1779134983.8288572,2837,344,480
1779134983.853781,2838,348,480
1779134983.8550432,2839,357,479
1779134983.8751013,2840,376,479
1779134983.876339,2841,401,479
1779134983.877576,2842,436,479
1779134983.891583,2843,481,479
1779134983.8925138,2844,535,479
1779134983.9075923,2845,594,480
1779134983.9163475,2846,653,480
1779134983.9307368,2847,708,480
1779134983.9412813,2848,758,480
1779134983.9413214,2849,800,480
1779134983.9501815,2850,833,481
1779134983.9588306,2851,855,481
1779134983.9738057,2852,868,481
1779134983.9788177,2853,871,482
1779134983.992653,2854,864,483
1779134984.0012887,2855,851,482
1779134984.0363295,2856,833,483
1779134984.0375261,2857,811,483
1779134984.0387614,2858,785,484
1779134984.0438085,2859,763,484
1779134984.0550427,2860,737,484
1779134984.0638225,2861,711,485
1779134984.0788527,2862,686,486
1779134984.0850308,2863,660,486
1779134984.1003456,2864,636,486
1779134984.1088219,2865,613,486
1779134984.108849,2866,591,486
1779134984.1225233,2867,570,486
1779134984.1287897,2868,550,486
1779134984.1425526,2869,534,486
1779134984.1513774,2870,519,486
1779134984.1600268,2871,504,486
1779134984.1712954,2872,490,486
1779134984.196555,2873,479,485
1779134984.1977255,2874,469,485
1779134984.2225974,2875,460,484
1779134984.224316,2876,452,484
1779134984.2463274,2877,448,484
1779134984.2475376,2878,443,483
1779134984.248747,2879,440,483
1779134984.2601175,2880,438,482
1779134984.2601466,2881,434,482
1779134984.273804,2882,431,481
1779134984.2788148,2883,427,481
1779134984.2912784,2884,423,481
1779134984.3000896,2885,420,480
1779134984.3138158,2886,417,480
1779134984.3225577,2887,414,480
1779134984.333839,2888,411,480
1779134984.3475974,2889,407,479
1779134984.352563,2890,404,479
1779134984.3663373,2891,402,478
1779134984.3725696,2892,399,478
1779134984.3838089,2893,395,477
1779134984.397598,2894,391,476
1779134984.4063022,2895,387,476
1779134984.4226675,2896,382,475
1779134984.4227066,2897,376,475
1779134984.4313092,2898,368,475
1779134984.4400733,2899,359,475
1779134984.4513202,2900,352,474
1779134984.4600482,2901,343,473
1779134984.4742281,2902,336,472
1779134984.4863112,2903,331,471
1779134984.4925463,2904,328,470
1779134984.506345,2905,325,469
1779134984.5112734,2906,322,467
1779134984.525068,2907,320,467
1779134984.533792,2908,320,466
1779134984.5738723,2909,324,465
1779134984.5750356,2910,334,465
1779134984.5837982,2911,350,465
1779134984.5863192,2912,376,465
1779134984.58757,2913,408,464
1779134984.587576,2914,448,464
1779134984.6000526,2915,496,464
1779134984.6112967,2916,554,465
1779134984.620054,2917,615,465
1779134984.6338367,2918,675,465
1779134984.6425612,2919,733,465
1779134984.671385,2920,783,465
1779134984.6726627,2921,824,466
1779134984.6737618,2922,857,465
1779134984.687679,2923,881,465
1779134984.693836,2924,896,466
1779134984.7025526,2925,901,467
1779134984.7163,2926,897,467
1779134984.7250402,2927,884,468
1779134984.7413,2928,867,469
1779134984.7500858,2929,845,470
1779134984.7588665,2930,819,471
1779134984.7588983,2931,792,472
1779134984.7700531,2932,765,473
1779134984.7788527,2933,738,472
1779134984.7925563,2934,711,473
1779134984.800042,2935,683,473
1779134984.8113134,2936,653,474
1779134984.820065,2937,623,475
1779134984.8337946,2938,593,476
1779134984.8425844,2939,563,477
1779134984.8538089,2940,536,478
1779134984.8625884,2941,512,479
1779134984.8763275,2942,492,479
1779134984.8850558,2943,475,480
1779134984.901332,2944,462,481
1779134984.9388423,2945,453,481
1779134984.9400854,2946,448,483
1779134984.9401252,2947,446,483
1779134984.9525979,2948,445,484
1779134984.95379,2949,448,486
1779134984.95504,2950,451,488
1779134984.9638011,2951,455,489
1779134984.970018,2952,459,491
1779134984.983825,2953,459,492
1779134984.9925766,2954,458,494
1779134985.001475,2955,457,496
1779134985.016328,2956,454,497
1779134985.0213122,2957,451,498
1779134985.0350804,2958,449,499
1779134985.0438168,2959,444,500
1779134985.058875,2960,439,501
1779134985.0589056,2961,430,502
1779134985.0728314,2962,422,502
1779134985.0813205,2963,412,501
1779134985.0925696,2964,403,500
1779134985.1013417,2965,394,501
1779134985.1175823,2966,385,501
1779134985.1189332,2967,377,502
1779134985.13514,2968,371,501
1779134985.1437938,2969,362,501
1779134985.1525648,2970,355,499
1779134985.1663342,2971,348,498
1779134985.1725419,2972,344,496
1779134985.1863477,2973,341,494
1779134985.195116,2974,340,492
1779134985.2088077,2975,338,490
1779134985.222968,2976,339,488
1779134985.2229967,2977,344,486
1779134985.2313025,2978,352,484
1779134985.2400699,2979,363,483
1779134985.2513506,2980,377,482
1779134985.260067,2981,399,480
1779134985.2738318,2982,429,479
1779134985.2989833,2983,467,479
1779134985.300049,2984,515,477
1779134985.3264103,2985,568,476
1779134985.3277004,2986,627,476
1779134985.3489153,2987,687,475
1779134985.3500948,2988,746,475
1779134985.3512845,2989,798,474
1779134985.352553,2990,841,473
1779134985.36642,2991,873,474
1779134985.3826396,2992,898,473
1779134985.3826673,2993,910,473
1779134985.3913364,2994,912,473
1779134985.4051213,2995,903,473
1779134985.4113662,2996,889,472
1779134985.4200616,2997,868,472
1779134985.430077,2998,840,472
1779134985.4438138,2999,809,472
1779134985.4551566,3000,775,472
1779134985.4638262,3001,740,472
1779134985.478084,3002,707,472
1779134985.486338,3003,673,472
1779134985.4975476,3004,642,472
1779134985.506298,3005,609,472
1779134985.5200853,3006,580,472
1779134985.5288239,3007,553,472
1779134985.5307908,3008,529,472
1779134985.5400796,3009,508,473
1779134985.5538263,3010,489,472
1779134985.5600896,3011,474,472
1779134985.571367,3012,461,472
1779134985.5800693,3013,452,472
1779134985.5938373,3014,445,472
1779134985.6025631,3015,440,472
1779134985.6138475,3016,440,472
1779134985.622571,3017,441,472
1779134985.6363578,3018,447,472
1779134985.682594,3019,451,472
1779134985.6838405,3020,455,472
1779134985.6850648,3021,457,472
1779134985.6866724,3022,458,472
1779134985.6875339,3023,455,472
1779134985.7038329,3024,449,472
1779134985.7050788,3025,442,471
1779134985.7192895,3026,434,471
1779134985.719305,3027,423,470
1779134985.7301042,3028,414,470
1779134985.7388647,3029,401,469
1779134985.750114,3030,389,468
1779134985.7639017,3031,378,468
1779134985.7700698,3032,367,468
1779134985.784453,3033,357,468
1779134985.7925262,3034,349,467
1779134985.8062892,3035,343,467
1779134985.8125298,3036,339,466
1779134985.8264048,3037,335,466
1779134985.8326628,3038,334,466
1779134985.8463442,3039,332,466
1779134985.8627994,3040,333,465
1779134985.8628101,3041,333,464
1779134985.871311,3042,333,464
1779134985.8801374,3043,333,463
1779134985.891339,3044,333,463
1779134985.905116,3045,332,462
1779134985.9113255,3046,331,462
1779134985.9250634,3047,329,460
1779134985.9538572,3048,330,460
1779134985.9550574,3049,334,460
1779134985.9563415,3050,342,459
1779134985.9700787,3051,356,459
1779134985.9713135,3052,378,459
1779134985.9862986,3053,410,459
1779134985.9950488,3054,454,459
1779134986.0088134,3055,509,459
1779134986.035074,3056,571,460
1779134986.0538824,3057,638,461
1779134986.0551817,3058,706,460
1779134986.055207,3059,773,461
1779134986.0563126,3060,832,461
1779134986.0600872,3061,881,462
1779134986.0738723,3062,919,462
1779134986.0800607,3063,945,461
1779134986.0913942,3064,959,462
1779134986.105164,3065,960,462
1779134986.1105664,3066,950,463
1779134986.1238115,3067,928,463
1779134986.1325853,3068,902,463
1779134986.1414044,3069,872,463
1779134986.155067,3070,839,463
1779134986.165053,3071,807,464
1779134986.1814234,3072,774,463
1779134986.1901214,3073,741,463
1779134986.1989129,3074,710,464
1779134986.198955,3075,680,464
1779134986.2101722,3076,651,464
1779134986.218946,3077,624,464
1779134986.2326841,3078,600,463
1779134986.2413929,3079,576,464
1779134986.2526844,3080,557,464
1779134986.2613442,3081,539,464
1779134986.2713683,3082,525,464
1779134986.285143,3083,514,464
1779134986.2938063,3084,507,464
1779134986.3075573,3085,500,464
1779134986.312564,3086,495,464
1779134986.3263626,3087,492,463
1779134986.3428433,3088,489,463
1779134986.3428934,3089,487,463
1779134986.3515391,3090,487,463
1779134986.360126,3091,487,463
1779134986.3751643,3092,485,463
1779134986.4002185,3093,483,463
1779134986.4013872,3094,479,463
1779134986.420178,3095,472,463
1779134986.421372,3096,464,463
1779134986.422646,3097,454,463
1779134986.4376416,3098,443,463
1779134986.442855,3099,431,463
1779134986.4539127,3100,420,463
1779134986.4628391,3101,410,463
1779134986.4788966,3102,402,463
1779134986.4801145,3103,391,464
1779134986.491345,3104,380,464
1779134986.5001125,3105,370,463
1779134986.5138144,3106,361,463
1779134986.5225768,3107,352,463
1779134986.534299,3108,345,463
1779134986.5426142,3109,339,464
1779134986.5563715,3110,333,464
1779134986.5651183,3111,327,464
1779134986.5938575,3112,322,464
1779134986.595096,3113,318,463
1779134986.5963304,3114,314,463
1779134986.6101248,3115,312,462
1779134986.6163542,3116,312,462
1779134986.6302006,3117,310,461
1779134986.6363575,3118,308,460
1779134986.6501415,3119,307,460
1779134986.6614356,3120,309,458
1779134986.6614723,3121,316,458
1779134986.6701808,3122,329,457
1779134986.6788678,3123,352,456
1779134986.6901228,3124,384,457
1779134986.698926,3125,425,456
1779134986.7126212,3126,478,456
1779134986.7213845,3127,539,456
1779134986.7326465,3128,605,456
1779134986.7413673,3129,678,456
1779134986.7876797,3130,748,457
1779134986.788832,3131,814,457
1779134986.7901032,3132,870,457
1779134986.7913454,3133,914,457
1779134986.7925794,3134,944,457
1779134986.8088598,3135,961,458
1779134986.820175,3136,966,459
1779134986.8201969,3137,960,459
1779134986.8288476,3138,943,459
1779134986.842602,3139,918,460
1779134986.8488755,3140,888,460
1779134986.8627212,3141,854,460
1779134986.8713791,3142,816,461
1779134986.8851504,3143,779,461
1779134986.8913453,3144,741,462
1779134986.9051173,3145,704,462
1779134986.9138873,3146,669,462
1779134986.9276311,3147,636,463
1779134986.9338565,3148,606,463
1779134986.9476342,3149,578,463
1779134986.9563603,3150,551,464
1779134986.9701152,3151,527,464
1779134986.9813926,3152,508,465
1779134986.9814107,3153,493,465
1779134986.9900901,3154,481,466
1779134986.9988606,3155,472,466
1779134987.013872,3156,463,467
1779134987.0188568,3157,456,467
1779134987.0326107,3158,452,467
1779134987.0413578,3159,449,467
1779134987.052605,3160,449,467
1779134987.0613456,3161,448,467
1779134987.0752378,3162,447,467
1779134987.0838413,3163,444,467
1779134987.0951269,3164,440,467
1779134987.10386,3165,436,467
1779134987.140205,3166,432,467
1779134987.1414156,3167,426,467
1779134987.161376,3168,419,467
1779134987.1626174,3169,411,467
1779134987.1626346,3170,402,467
1779134987.1638272,3171,394,467
1779134987.1751118,3172,386,467
1779134987.1838756,3173,378,467
1779134987.1926363,3174,371,467
1779134987.2013297,3175,366,466
1779134987.2339125,3176,359,467
1779134987.235208,3177,351,467
1779134987.2363174,3178,344,467
1779134987.2451577,3179,336,467
1779134987.256399,3180,327,467
1779134987.265248,3181,321,467
1779134987.2790134,3182,316,467
1779134987.2879488,3183,313,468
1779134987.2989235,3184,311,469
1779134987.3076413,3185,308,469
1779134987.3215048,3186,307,468
1779134987.321562,3187,307,469
1779134987.333915,3188,307,469
1779134987.3427026,3189,305,469
1779134987.351485,3190,301,468
1779134987.3652015,3191,298,468
1779134987.3715186,3192,298,467
1779134987.3855276,3193,300,467
1779134987.3938813,3194,305,465
1779134987.402679,3195,315,465
1779134987.4139476,3196,330,464
1779134987.4226806,3197,352,464
1779134987.4376776,3198,386,463
1779134987.443934,3199,430,463
1779134987.4589293,3200,487,463
1779134987.458971,3201,551,463
1779134987.4726615,3202,623,463
1779134987.500208,3203,697,463
1779134987.501384,3204,769,463
1779134987.5264084,3205,833,463
1779134987.5276513,3206,887,464
1779134987.5526989,3207,929,464
1779134987.5538838,3208,958,464
1779134987.5576158,3209,972,464
1779134987.5588393,3210,974,463
1779134987.5639107,3211,973,464
1779134987.5752285,3212,953,464
1779134987.5838552,3213,926,466
1779134987.5977154,3214,894,465
1779134987.6064558,3215,857,465
1779134987.622671,3216,820,464
1779134987.6226974,3217,782,465
1779134987.6314304,3218,747,465
1779134987.6401443,3219,711,464
1779134987.65141,3220,673,464
1779134987.6601412,3221,638,464
1779134987.673951,3222,604,464
1779134987.6830492,3223,572,464
1779134987.6939743,3224,543,464
1779134987.7026362,3225,516,464
1779134987.716369,3226,494,464
1779134987.7251344,3227,479,463
1779134987.736377,3228,468,464
1779134987.7451355,3229,459,463
1779134987.7588928,3230,455,463
1779134987.772773,3231,454,462
1779134987.7751286,3232,455,462
1779134987.790203,3233,458,462
1779134987.7993612,3234,460,461
1779134987.7994065,3235,461,461
1779134987.8102515,3236,463,460
1779134987.8239841,3237,463,460
1779134987.8301573,3238,462,460
1779134987.843873,3239,460,459
1779134987.8689969,3240,456,459
1779134987.8701217,3241,450,459
1779134987.8953333,3242,442,459
1779134987.8965194,3243,432,458
1779134987.9214509,3244,422,458
1779134987.9226255,3245,411,458
1779134987.9476855,3246,398,459
1779134987.9488559,3247,385,459
1779134987.9576402,3248,372,460
1779134987.9588747,3249,357,460
1779134987.9601266,3250,344,461
1779134987.960151,3251,332,462
1779134987.971378,3252,322,462
1779134987.9801462,3253,316,462
1779134987.9939134,3254,312,463
1779134988.0027077,3255,310,465
1779134988.0139189,3256,310,467
1779134988.0276275,3257,310,468
1779134988.0326076,3258,311,469
1779134988.0463765,3259,312,469
1779134988.052601,3260,314,469
1779134988.062631,3261,315,468
1779134988.0763886,3262,316,467
1779134988.0901682,3263,318,466
1779134988.1014903,3264,319,465
1779134988.1015186,3265,321,464
1779134988.1102052,3266,323,464
1779134988.118926,3267,326,463
1779134988.1302497,3268,329,464
1779134988.1388814,3269,335,464
1779134988.152694,3270,350,464
1779134988.1639402,3271,374,464
1779134988.1752553,3272,410,464
1779134988.1838794,3273,456,465
1779134988.19769,3274,515,465
1779134988.207104,3275,583,466
1779134988.2564626,3276,656,467
1779134988.2576387,3277,730,467
1779134988.2588944,3278,799,467
1779134988.26073,3279,860,467
1779134988.2626212,3280,911,467
1779134988.2727885,3281,945,468
1779134988.2728322,3282,966,469
1779134988.2815614,3283,973,470
1779134988.2926443,3284,973,470
1779134988.3015213,3285,958,471
1779134988.3152025,3286,932,472
1779134988.323936,3287,899,473
1779134988.335213,3288,863,474
1779134988.3443282,3289,822,476
1779134988.3576913,3290,781,477
1779134988.3664339,3291,738,479
1779134988.3789794,3292,696,480
1779134988.3877454,3293,654,481
1779134988.3964858,3294,614,483
1779134988.4101882,3295,578,485
1779134988.4214945,3296,545,486
1779134988.4215276,3297,518,488
1779134988.4301872,3298,494,489
1779134988.4389877,3299,476,490
1779134988.4502318,3300,463,491
1779134988.4640024,3301,451,492
1779134988.470194,3302,445,493
1779134988.4815133,3303,442,493
1779134988.5114872,3304,443,494
1779134988.5126412,3305,448,494
1779134988.513903,3306,455,494
1779134988.5227153,3307,463,494
1779134988.5340042,3308,471,494
1779134988.5427365,3309,478,494
1779134988.55649,3310,482,493
1779134988.5652344,3311,483,493
1779134988.5815926,3312,481,492
1779134988.6064835,3313,475,492
1779134988.6077096,3314,466,491
1779134988.6077404,3315,455,490
1779134988.6289275,3316,443,489
1779134988.6302087,3317,433,489
1779134988.6314013,3318,424,489
1779134988.6454613,3319,416,489
1779134988.6515267,3320,409,488
1779134988.6651936,3321,403,488
1779134988.6714926,3322,394,490
1779134988.685277,3323,384,491
1779134988.6914117,3324,374,492
1779134988.7014546,3325,366,493
1779134988.7151983,3326,363,493
1779134988.723917,3327,360,492
1779134988.7389386,3328,358,491
1779134988.7389581,3329,355,490
1779134988.7527332,3330,351,488
1779134988.761716,3331,350,487
1779134988.7727213,3332,347,487
1779134988.7813845,3333,345,487
1779134988.7952094,3334,344,487
1779134988.8063982,3335,344,488
1779134988.8126538,3336,348,489
1779134988.8265114,3337,357,490
1779134988.8351414,3338,376,490
1779134988.8438616,3339,408,490
1779134988.8551307,3340,453,491
1779134988.8639338,3341,511,491
1779134988.8776338,3342,583,490
1779134988.8864393,3343,661,489
1779134988.9027715,3344,741,489
1779134988.902803,3345,818,489
1779134988.915182,3346,887,487
1779134988.9164004,3347,944,486
1779134988.932679,3348,975,486
1779134988.9414167,3349,975,485
1779134988.9889479,3350,975,484
1779134988.9908571,3351,975,484
1779134988.9916832,3352,975,483
1779134988.992666,3353,975,481
1779134988.9939783,3354,975,481
1779134989.0076694,3355,964,480
1779134989.0139492,3356,917,480
1779134989.0242207,3357,862,479
1779134989.0377138,3358,805,478
1779134989.044118,3359,745,479
1779134989.0590062,3360,688,477
1779134989.0590312,3361,633,476
1779134989.0726807,3362,584,475
1779134989.0814667,3363,542,475
1779134989.0926876,3364,505,473
1779134989.1016047,3365,476,472
1779134989.1152465,3366,455,472
1779134989.151484,3367,441,471
1779134989.1526477,3368,436,470
1779134989.1539905,3369,439,469
1779134989.1551893,3370,444,468
1779134989.1689644,3371,452,467
1779134989.1752217,3372,460,466
1779134989.183969,3373,467,465
1779134989.1977963,3374,474,464
1779134989.2064226,3375,479,463
1779134989.2228255,3376,483,462
1779134989.2228973,3377,483,461
1779134989.2315338,3378,480,460
1779134989.2402902,3379,475,459
1779134989.2514138,3380,466,458
1779134989.260285,3381,456,457
1779134989.2740073,3382,444,456
1779134989.2827425,3383,431,456
1779134989.2940245,3384,418,455
1779134989.3028307,3385,405,454
1779134989.3165545,3386,392,454
1779134989.3415356,3387,382,453
1779134989.3427408,3388,372,453
1779134989.3664458,3389,363,452
1779134989.3676703,3390,356,451
1779134989.3689315,3391,349,450
1779134989.3852904,3392,344,449
1779134989.3853207,3393,340,449
1779134989.3864057,3394,338,449
1779134989.4004326,3395,337,449
1779134989.411471,3396,336,448
1779134989.420458,3397,335,448
1779134989.4339426,3398,331,447
1779134989.4439454,3399,328,446
1779134989.4501963,3400,323,446
1779134989.4644973,3401,319,444
1779134989.4726658,3402,316,444
1779134989.4865203,3403,313,442
1779134989.492702,3404,315,441
1779134989.5064187,3405,319,440
1779134989.5153177,3406,329,439
1779134989.528968,3407,348,437
1779134989.5402179,3408,376,436
1779134989.5402381,3409,419,435
1779134989.5490103,3410,475,434
1779134989.5627172,3411,546,432
1779134989.5689242,3412,630,432
1779134989.5827165,3413,723,431
1779134989.591463,3414,817,430
1779134989.605173,3415,911,428
1779134989.6114058,3416,975,428
1779134989.625278,3417,975,427
1779134989.6390684,3418,975,426
1779134989.643917,3419,975,425
1779134989.6551578,3420,975,425
1779134989.668967,3421,975,425
1779134989.6776817,3422,975,423
1779134989.712703,3423,975,424
1779134989.7302213,3424,975,423
1779134989.7314384,3425,975,422
1779134989.7327466,3426,975,421
1779134989.7327616,3427,975,420
1779134989.7339191,3428,975,420
1779134989.7489653,3429,975,419
1779134989.7501955,3430,975,418
1779134989.760229,3431,975,418
1779134989.791442,3432,975,418
1779134989.7927017,3433,975,419
1779134989.793915,3434,968,417
1779134989.8028116,3435,888,418
1779134989.813952,3436,813,418
1779134989.8226707,3437,739,419
1779134989.8364604,3438,672,420
1779134989.8452504,3439,611,420
1779134989.8652549,3440,561,421
1779134989.8664176,3441,520,421
1779134989.8802125,3442,489,422
1779134989.8802419,3443,470,423
1779134989.8921137,3444,456,423
1779134989.9002519,3445,451,424
1779134989.9140315,3446,447,425
1779134989.9227748,3447,444,426
1779134989.9340005,3448,444,427
1779134989.9428213,3449,443,428
1779134989.9565299,3450,443,429
1779134989.965236,3451,439,430
1779134989.9752421,3452,435,431
1779134989.989,3453,430,432
1779134989.9939983,3454,426,432
1779134990.0077803,3455,421,433
1779134990.0189958,3456,415,433
1779134990.027803,3457,407,434
1779134990.0414739,3458,398,435
1779134990.0414963,3459,387,435
1779134990.050207,3460,375,435
1779134990.0764792,3461,364,435
1779134990.0777984,3462,353,436
1779134990.09901,3463,340,437
1779134990.1005712,3464,328,437
1779134990.1014385,3465,316,436
1779134990.1165102,3466,304,437
1779134990.121431,3467,292,438
1779134990.1328175,3468,283,439
1779134990.1415477,3469,273,440
1779134990.1553776,3470,265,441
1779134990.1640458,3471,260,442
1779134990.1815577,3472,258,443
1779134990.190194,3473,255,441
1779134990.1989655,3474,253,442
1779134990.1989942,3475,253,441
1779134990.2102206,3476,254,441
1779134990.2190225,3477,257,440
1779134990.232799,3478,259,440
1779134990.2414963,3479,263,439
1779134990.252808,3480,271,440
1779134990.2614877,3481,284,439
1779134990.2752337,3482,307,440
1779134990.2828143,3483,344,440
1779134990.293944,3484,400,440
1779134990.3028147,3485,472,441
1779134990.3168168,3486,556,441
1779134990.3252456,3487,652,442
1779134990.3416111,3488,753,442
1779134990.350321,3489,853,443
1779134990.3590424,3490,945,445
1779134990.359092,3491,975,444
1779134990.370277,3492,975,447
1779134990.3789678,3493,975,448
1779134990.3902597,3494,975,450
1779134990.4040003,3495,975,452
1779134990.4315288,3496,975,455
1779134990.4327977,3497,975,456
1779134990.4578383,3498,975,458
1779134990.4591496,3499,975,460
1779134990.4793231,3500,975,462
1779134990.480229,3501,975,464
1779134990.48143,3502,975,464
1779134990.4827976,3503,975,465
1779134990.4940305,3504,975,467
1779134990.5015175,3505,975,468
1779134990.5102413,3506,975,468
1779134990.5240207,3507,916,470
1779134990.532824,3508,843,470
1779134990.541473,3509,772,470
1779134990.5552907,3510,705,470
1779134990.5641024,3511,646,470
1779134990.5752685,3512,595,471
1779134990.5839546,3513,553,471
1779134990.5978184,3514,520,471
1779134990.6064742,3515,496,471
1779134990.6178055,3516,480,471
1779134990.6264877,3517,470,471
1779134990.640197,3518,466,472
1779134990.6490145,3519,466,472
1779134990.6502259,3520,468,472
1779134990.6602423,3521,470,472
1779134990.668976,3522,472,472
1779134990.6828055,3523,473,472
1779134990.6914663,3524,471,472
1779134990.7002914,3525,463,472
1779134990.7115126,3526,452,472
1779134990.7204554,3527,440,472
1779134990.7365067,3528,427,472
1779134990.737749,3529,412,472
1779134990.751537,3530,398,471
1779134990.7652886,3531,387,471
1779134990.7715025,3532,375,471
1779134990.7858374,3533,362,470
1779134990.8102627,3534,349,471
1779134990.8116162,3535,338,470
1779134990.8340383,3536,327,468
1779134990.834072,3537,320,468
1779134990.8352215,3538,317,467
1779134990.8445282,3539,315,468
1779134990.8502882,3540,313,468
1779134990.864139,3541,312,468
1779134990.870339,3542,312,468
1779134990.8839834,3543,311,467
1779134990.8902292,3544,311,467
1779134990.9039667,3545,310,467
1779134990.9128346,3546,308,467
1779134990.921502,3547,305,466
1779134990.9328237,3548,301,465
1779134990.941499,3549,295,466
1779134990.9555051,3550,292,465
1779134990.964018,3551,295,465
1779134990.9802845,3552,304,463
1779134990.9942687,3553,321,464
1779134990.9942963,3554,353,463
1779134990.999006,3555,402,463
1779134991.0102766,3556,467,463
1779134991.018976,3557,549,463
1779134991.0328252,3558,643,463
1779134991.0414743,3559,743,463
1779134991.0740323,3560,845,463
1779134991.0752625,3561,940,463
1779134991.0765243,3562,975,465
1779134991.085932,3563,975,463
1779134991.0965269,3564,975,463
1779134991.105494,3565,975,463
1779134991.115269,3566,975,465
1779134991.1289918,3567,975,463
1779134991.1402438,3568,975,464
1779134991.1402652,3569,975,465
1779134991.1490169,3570,975,464
1779134991.1739957,3571,975,465
1779134991.1752417,3572,975,463
1779134991.2003062,3573,975,464
1779134991.2015004,3574,975,463
1779134991.2052171,3575,974,463
1779134991.2114596,3576,898,463
1779134991.2214973,3577,824,463
1779134991.2359598,3578,750,463
1779134991.243994,3579,681,464
1779134991.2555976,3580,618,463
1779134991.2640607,3581,560,463
1779134991.2777889,3582,511,463
1779134991.286475,3583,471,463
1779134991.3027885,3584,440,463
1779134991.302809,3585,418,463
1779134991.3115203,3586,404,464
1779134991.320297,3587,399,464
1779134991.3315496,3588,400,464
1779134991.3454392,3589,405,464
1779134991.354212,3590,412,464
1779134991.3628833,3591,420,464
1779134991.3740344,3592,427,463
1779134991.3827956,3593,431,463
1779134991.39654,3594,434,463
1779134991.4052534,3595,433,463
1779134991.4164736,3596,430,462
1779134991.425255,3597,422,462
1779134991.435239,3598,412,462
1779134991.448988,3599,399,462
1779134991.4602804,3600,383,461
1779134991.46031,3601,368,461
1779134991.4689853,3602,350,460
1779134991.482754,3603,335,460
1779134991.4914973,3604,320,460
1779134991.5002983,3605,307,459
1779134991.513989,3606,295,459
1779134991.5477958,3607,283,459
1779134991.5489662,3608,271,459
1779134991.5702753,3609,264,459
1779134991.5714974,3610,259,459
1779134991.5727613,3611,257,459
1779134991.5739944,3612,255,459
1779134991.584007,3613,255,459
1779134991.5977728,3614,256,459
1779134991.6027455,3615,259,459
1779134991.6227846,3616,263,459
1779134991.627776,3617,265,459
1779134991.6415575,3618,267,459
1779134991.6415746,3619,266,459
1779134991.650346,3620,267,459
1779134991.6608372,3621,268,459
1779134991.673839,3622,266,459
1779134991.6814995,3623,263,459
1779134991.7115388,3624,261,460
1779134991.7127335,3625,260,460
1779134991.7139752,3626,259,459
1779134991.7228205,3627,257,459
1779134991.7340348,3628,257,459
1779134991.7452307,3629,254,458
1779134991.754019,3630,254,457
1779134991.7678118,3631,252,457
1779134991.779043,3632,252,457
1779134991.7877991,3633,252,456
1779134991.801524,3634,255,455
1779134991.8015468,3635,260,454
1779134991.810267,3636,277,454
1779134991.819013,3637,307,453
1779134991.8328092,3638,351,453
1779134991.8415084,3639,414,453
1779134991.8540149,3640,496,453
1779134991.8627656,3641,591,454
1779134991.871514,3642,696,454
1779134991.885344,3643,806,454
1779134991.9153502,3644,911,454
1779134991.916506,3645,975,454
1779134991.941583,3646,975,454
1779134991.9427793,3647,975,454
1779134991.966525,3648,975,455
1779134991.96779,3649,975,455
1779134991.9690073,3650,975,456
1779134991.9690328,3651,975,456
1779134991.9702253,3652,975,458
1779134991.9853187,3653,975,456
1779134991.9864955,3654,975,458
1779134992.0003102,3655,975,457
1779134992.0115511,3656,975,458
1779134992.0203993,3657,975,459
1779134992.0340512,3658,975,459
1779134992.0428154,3659,975,458
1779134992.0540411,3660,975,459
1779134992.062784,3661,975,460
1779134992.0766206,3662,949,460
1779134992.086016,3663,864,460
1779134992.1015246,3664,779,461
1779134992.1103094,3665,698,462
1779134992.1190178,3666,625,462
1779134992.1190403,3667,563,462
1779134992.1302917,3668,511,462
1779134992.1390116,3669,472,462
1779134992.1528082,3670,443,463
1779134992.1615145,3671,422,462
1779134992.1715019,3672,408,463
1779134992.1803114,3673,403,463
1779134992.1940074,3674,404,463
1779134992.2029784,3675,407,463
1779134992.2140515,3676,409,464
1779134992.2230008,3677,413,464
1779134992.2365236,3678,413,464
1779134992.245379,3679,414,464
1779134992.289184,3680,411,464
1779134992.2903156,3681,405,464
1779134992.307855,3682,398,465
1779134992.307888,3683,390,465
1779134992.30901,3684,382,465
1779134992.3102684,3685,372,465
1779134992.3115351,3686,363,465
1779134992.3253994,3687,350,465
1779134992.3515646,3688,339,465
1779134992.3528502,3689,326,465
1779134992.3540313,3690,311,465
1779134992.3678315,3691,298,466
1779134992.3690968,3692,288,465
1779134992.3828373,3693,279,466
1779134992.3916721,3694,274,466
1779134992.4060729,3695,270,467
1779134992.4216402,3696,265,467
1779134992.4303524,3697,264,467
1779134992.4390364,3698,265,467
1779134992.439058,3699,265,467
1779134992.4553363,3700,266,468
1779134992.4565194,3701,268,468
1779134992.470336,3702,269,467
1779134992.4815738,3703,270,467
1779134992.4928346,3704,271,467
1779134992.5065846,3705,272,468
1779134992.5115368,3706,272,468
1779134992.5253088,3707,274,470
1779134992.53152,3708,273,470
1779134992.5453334,3709,272,471
1779134992.5590675,3710,271,470
1779134992.565308,3711,271,470
1779134992.5817118,3712,271,470
1779134992.590291,3713,272,470
1779134992.5990713,3714,271,470
1779134992.5991004,3715,269,470
1779134992.6103013,3716,268,470
1779134992.619045,3717,271,469
1779134992.6465478,3718,276,469
1779134992.6477904,3719,291,468
1779134992.6690524,3720,319,468
1779134992.6702943,3721,362,468
1779134992.6715035,3722,421,468
1779134992.6853456,3723,496,468
1779134992.692798,3724,583,469
1779134992.7065334,3725,682,469
1779134992.7115085,3726,785,469
1779134992.7252572,3727,884,470
1779134992.7416115,3728,971,470
1779134992.750292,3729,975,472
1779134992.7590551,3730,975,471
1779134992.7590728,3731,975,472
1779134992.7704043,3732,975,472
1779134992.7790365,3733,975,473
1779134992.792771,3734,975,474
1779134992.801548,3735,975,475
1779134992.8129618,3736,975,475
1779134992.8216503,3737,975,475
1779134992.8353713,3738,975,476
1779134992.8440723,3739,975,476
1779134992.8553588,3740,975,477
1779134992.8640623,3741,975,478
1779134992.8778012,3742,931,478
1779134992.8865345,3743,853,478
1779134992.904038,3744,773,478
1779134992.9040565,3745,697,478
1779134992.9091275,3746,627,478
1779134992.9227517,3747,564,478
1779134992.929028,3748,511,478
1779134992.9427474,3749,468,477
1779134992.9516306,3750,435,477
1779134992.9602938,3751,414,477
1779134992.9915662,3752,401,476
1779134992.9927666,3753,397,476
1779134993.017826,3754,400,476
1779134993.019027,3755,409,476
1779134993.0403144,3756,418,476
1779134993.0415473,3757,430,476
1779134993.042744,3758,438,475
1779134993.0440204,3759,441,475
1779134993.060394,3760,442,475
1779134993.0616338,3761,440,475
1779134993.0703812,3762,435,474
1779134993.0840807,3763,427,474
1779134993.0903964,3764,418,473
1779134993.1041257,3765,405,473
1779134993.1129956,3766,391,473
1779134993.1216707,3767,376,473
1779134993.1328285,3768,361,473
1779134993.1415992,3769,345,473
1779134993.1552691,3770,330,473
1779134993.1640077,3771,315,472
1779134993.1752937,3772,302,472
1779134993.1841156,3773,290,472
1779134993.1979482,3774,280,471
1779134993.2053573,3775,271,471
1779134993.220343,3776,265,470
1779134993.2290962,3777,260,470
1779134993.2291112,3778,257,470
1779134993.2428858,3779,256,470
1779134993.2491398,3780,257,469
1779134993.262932,3781,257,469
1779134993.2715583,3782,257,470
1779134993.2803273,3783,259,470
1779134993.2917204,3784,263,470
1779134993.3003337,3785,267,470
1779134993.3129103,3786,270,469
1779134993.3215857,3787,272,470
1779134993.3328984,3788,276,470
1779134993.3416455,3789,277,469
1779134993.355349,3790,278,469
1779134993.4016757,3791,277,469
1779134993.4040644,3792,276,469
1779134993.4052777,3793,274,469
1779134993.4065254,3794,270,470
1779134993.4065335,3795,267,470
1779134993.4140794,3796,263,470
1779134993.4228597,3797,257,469
1779134993.4316905,3798,252,468
1779134993.4404466,3799,246,468
1779134993.451627,3800,241,467
1779134993.460444,3801,239,466
1779134993.4740896,3802,238,466
1779134993.482942,3803,239,465
1779134993.4941378,3804,243,465
1779134993.5028741,3805,251,466
1779134993.515559,3806,266,466
1779134993.5292087,3807,291,466
1779134993.540496,3808,327,467
1779134993.5405564,3809,384,467
1779134993.5541928,3810,456,468
1779134993.559142,3811,544,469
1779134993.5753686,3812,644,469
1779134993.5765905,3813,749,470
1779134993.5903726,3814,853,470
1779134993.6041398,3815,952,469
1779134993.634085,3816,975,469
1779134993.635298,3817,975,469
1779134993.6365376,3818,975,470
1779134993.6502843,3819,975,470
1779134993.6515448,3820,975,471
1779134993.6665647,3821,975,471
1779134993.675321,3822,975,470
1779134993.68405,3823,975,471
1779134993.6991003,3824,975,472
1779134993.6991174,3825,975,474
1779134993.7127776,3826,975,473
1779134993.721542,3827,975,475
1779134993.7715816,3828,975,474
1779134993.7727766,3829,975,476
1779134993.7740495,3830,975,476
1779134993.7753015,3831,975,477
1779134993.7765324,3832,900,479
1779134993.7840528,3833,818,479
1779134993.7927864,3834,737,480
1779134993.8065472,3835,663,481
1779134993.8153052,3836,596,481
1779134993.8240461,3837,540,481
1779134993.8352773,3838,497,482
1779134993.849033,3839,464,483
1779134993.8603654,3840,441,483
1779134993.8603823,3841,428,484
1779134993.8691158,3842,426,484
1779134993.8828282,3843,431,485
1779134993.8891556,3844,439,486
1779134993.9028904,3845,446,486
1779134993.911643,3846,454,486
1779134993.925296,3847,459,486
1779134993.9315655,3848,461,487
1779134993.9440398,3849,459,487
1779134993.952826,3850,452,487
1779134993.9666057,3851,442,487
1779134993.972821,3852,433,487
1779134993.9865654,3853,422,487
1779134993.995274,3854,409,487
1779134994.0091538,3855,396,487
1779134994.0203881,3856,381,487
1779134994.0204005,3857,367,487
1779134994.03441,3858,352,487
1779134994.042815,3859,339,487
1779134994.0515692,3860,328,488
1779134994.0653481,3861,316,488
1779134994.070319,3862,307,488
1779134994.0841465,3863,298,489
1779134994.0903206,3864,292,488
1779134994.121006,3865,286,488
1779134994.1215575,3866,282,488
1779134994.1379333,3867,278,488
1779134994.1391861,3868,277,488
1779134994.140803,3869,278,487
1779134994.1541412,3870,280,487
1779134994.1628475,3871,283,487
1779134994.1828816,3872,285,487
1779134994.1878586,3873,288,488
1779134994.201685,3874,290,488
1779134994.201725,3875,291,488
1779134994.2078526,3876,291,488
1779134994.2216604,3877,290,488
1779134994.2306204,3878,289,487
1779134994.2441874,3879,287,487
1779134994.2753932,3880,283,487
1779134994.276575,3881,275,487
1779134994.2778463,3882,268,487
1779134994.2865965,3883,262,486
1779134994.292845,3884,260,486
1779134994.3065963,3885,268,485
1779134994.313021,3886,286,483
1779134994.3266404,3887,319,483
1779134994.3429286,3888,365,483
1779134994.342971,3889,428,483
1779134994.3517058,3890,508,483
1779134994.3603764,3891,602,482
1779134994.371723,3892,707,482
1779134994.3803935,3893,816,482
1779134994.3941476,3894,922,482
1779134994.402987,3895,975,481
1779134994.4141452,3896,975,481
1779134994.4228537,3897,975,480
1779134994.436677,3898,975,482
1779134994.4453716,3899,975,481
1779134994.456618,3900,975,481
1779134994.485426,3901,975,483
1779134994.4866073,3902,975,482
1779134994.506623,3903,975,482
1779134994.5090914,3904,975,483
1779134994.5103152,3905,975,483
1779134994.524171,3906,975,484
1779134994.5242088,3907,975,483
1779134994.530355,3908,975,483
1779134994.5441518,3909,975,483
1779134994.550358,3910,975,483
1779134994.5641272,3911,975,483
1779134994.5703328,3912,915,484
1779134994.5841322,3913,831,484
1779134994.5933132,3914,750,484
1779134994.6022277,3915,674,484
1779134994.6130655,3916,606,484
1779134994.6266103,3917,547,484
1779134994.632887,3918,499,484
1779134994.646699,3919,463,484
1779134994.662964,3920,439,484
1779134994.6629906,3921,423,484
1779134994.6715827,3922,416,484
1779134994.680379,3923,415,483
1779134994.6916275,3924,414,483
1779134994.7003484,3925,417,482
1779134994.7141278,3926,421,482
1779134994.7228463,3927,420,482
1779134994.734127,3928,415,481
1779134994.7428539,3929,410,482
1779134994.756613,3930,402,481
1779134994.7654145,3931,394,481
1779134994.77659,3932,385,481
1779134994.7853403,3933,376,481
1779134994.7991233,3934,364,481
1779134994.8091364,3935,352,481
1779134994.820396,3936,342,481
1779134994.8204324,3937,329,480
1779134994.8704903,3938,318,480
1779134994.8716998,3939,307,480
1779134994.8728256,3940,296,480
1779134994.8778887,3941,287,479
1779134994.8791037,3942,278,479
1779134994.8803427,3943,270,479
1779134994.9116774,3944,261,479
1779134994.9128382,3945,256,479
1779134994.9141834,3946,254,478
1779134994.9279099,3947,251,478
1779134994.934088,3948,249,477
1779134994.9478526,3949,248,476
1779134994.9566224,3950,247,476
1779134994.9703617,3951,246,476
1779134994.981636,3952,247,476
1779134994.9816504,3953,249,475
1779134994.989124,3954,251,475
1779134995.0028827,3955,254,475
1779134995.0091136,3956,258,476
1779134995.022868,3957,263,476
1779134995.0316281,3958,268,476
1779134995.0453317,3959,272,476
1779134995.0516014,3960,277,475
1779134995.0603483,3961,283,475
1779134995.0740921,3962,284,475
1779134995.0830643,3963,285,474
1779134995.0928557,3964,284,474
1779134995.1016152,3965,284,473
1779134995.1155899,3966,284,473
1779134995.1243136,3967,286,472
1779134995.1404045,3968,294,472
1779134995.1491532,3969,312,471
1779134995.1491835,3970,341,470
1779134995.162869,3971,387,470
1779134995.1690967,3972,451,470
1779134995.182856,3973,533,470
1779134995.1929038,3974,630,470
1779134995.2228673,3975,737,471
1779134995.2241201,3976,847,471
1779134995.2428463,3977,955,471
1779134995.2440991,3978,975,472
1779134995.245578,3979,975,472
1779134995.261627,3980,975,472
1779134995.262832,3981,975,472
1779134995.2766445,3982,975,473
1779134995.2853694,3983,975,473
1779134995.29915,3984,975,476
1779134995.3079033,3985,975,476
1779134995.3217862,3986,975,476
1779134995.321823,3987,975,478
1779134995.3305867,3988,975,477
1779134995.339155,3989,975,477
1779134995.352927,3990,975,478
1779134995.3616054,3991,975,477
1779134995.37288,3992,975,477
1779134995.3816414,3993,975,477
1779134995.395642,3994,953,477
1779134995.402859,3995,867,477
1779134995.414124,3996,780,478
1779134995.422851,3997,700,477
1779134995.4366155,3998,628,476
1779134995.4454408,3999,565,476
1779134995.4616735,4000,514,476
1779134995.4703922,4001,475,475
1779134995.4791296,4002,448,474
1779134995.4791505,4003,430,473
1779134995.4903605,4004,423,471
1779134995.4991608,4005,423,470
1779134995.510407,4006,430,468
1779134995.5241926,4007,439,467
1779134995.5516582,4008,447,465
1779134995.5528305,4009,453,464
1779134995.5541284,4010,459,463
1779134995.6079106,4011,464,462
1779134995.6091402,4012,465,462
1779134995.6103325,4013,463,462
1779134995.6116178,4014,459,461
1779134995.6128442,4015,449,461
1779134995.6291938,4016,437,461
1779134995.6292245,4017,423,460
1779134995.6304193,4018,407,460
1779134995.639141,4019,392,460
1779134995.6503854,4020,376,459
1779134995.664132,4021,360,459
1779134995.670362,4022,347,459
1779134995.6841438,4023,335,458
1779134995.6903749,4024,325,458
1779134995.7041526,4025,316,458
1779134995.7116144,4026,312,458
1779134995.7253933,4027,308,457
1779134995.7316413,4028,308,457
1779134995.745418,4029,308,457
1779134995.7543626,4030,308,457
1779134995.7628918,4031,307,458
1779134995.777913,4032,306,458
1779134995.7916532,4033,303,457
1779134995.8003876,4034,300,457
1779134995.8004088,4035,301,458
1779134995.8141356,4036,302,459
1779134995.8191185,4037,302,460
1779134995.833019,4038,300,460
1779134995.841766,4039,296,461
1779134995.8529086,4040,293,462
1779134995.8616679,4041,292,462
1779134995.8754218,4042,290,462
1779134995.8842506,4043,289,463
1779134995.8955228,4044,287,464
1779134995.9046364,4045,285,464
1779134995.9154286,4046,286,465
1779134995.9291868,4047,289,466
1779134995.9604793,4048,301,467
1779134995.960508,4049,322,468
1779134995.9616685,4050,358,469
1779134995.9778867,4051,413,470
1779134995.9791048,4052,486,470
1779134995.9803872,4053,579,471
1779134995.995709,4054,688,472
1779134996.0016658,4055,806,472
1779134996.0129163,4056,921,471
1779134996.021767,4057,975,472
1779134996.0353782,4058,975,472
1779134996.0441926,4059,975,472
1779134996.0556245,4060,975,473
1779134996.0641577,4061,975,475
1779134996.077904,4062,975,475
1779134996.0869493,4063,975,474
1779134996.1029828,4064,975,475
1779134996.1030135,4065,975,476
1779134996.111664,4066,975,477
1779134996.1204388,4067,975,477
1779134996.1316504,4068,975,478
1779134996.1403964,4069,975,478
1779134996.1541657,4070,975,478
1779134996.1628826,4071,975,480
1779134996.1916525,4072,975,479
1779134996.1928499,4073,975,479
1779134996.194163,4074,975,479
1779134996.207898,4075,951,480
1779134996.214148,4076,857,479
1779134996.2278864,4077,764,480
1779134996.234157,4078,678,480
1779134996.2479599,4079,602,481
1779134996.2592273,4080,540,481
1779134996.2678843,4081,490,482
1779134996.28169,4082,454,483
1779134996.2817235,4083,430,484
1779134996.2903838,4084,417,485
1779134996.2991483,4085,413,486
1779134996.3241897,4086,417,486
1779134996.325389,4087,427,486
1779134996.3505056,4088,440,487
1779134996.3516605,4089,452,487
1779134996.36173,4090,462,487
1779134996.362921,4091,467,487
1779134996.3742578,4092,469,487
1779134996.382983,4093,467,487
1779134996.396658,4094,459,487
1779134996.4054782,4095,450,488
1779134996.4217825,4096,439,489
1779134996.430451,4097,425,489
1779134996.4416797,4098,411,489
1779134996.4417098,4099,395,489
1779134996.4529235,4100,380,490
1779134996.46169,4101,366,489
1779134996.475451,4102,353,489
1779134996.484192,4103,341,489
1779134996.495481,4104,330,489
1779134996.504368,4105,320,489
1779134996.5179648,4106,312,489
1779134996.5266874,4107,305,489
1779134996.537915,4108,300,489
1779134996.5467348,4109,297,489
1779134996.5604851,4110,295,489
1779134996.569482,4111,292,489
1779134996.5704134,4112,291,489
1779134996.580458,4113,289,490
1779134996.5941944,4114,288,489
1779134996.6004844,4115,288,489
1779134996.6116793,4116,288,489
1779134996.6204574,4117,288,489
1779134996.6341906,4118,287,489
1779134996.6454418,4119,285,489
1779134996.6516628,4120,284,490
1779134996.66542,4121,284,489
1779134996.690425,4122,286,489
1779134996.6916625,4123,284,489
1779134996.711736,4124,281,489
1779134996.713196,4125,276,489
1779134996.7141533,4126,272,488
1779134996.727901,4127,268,488
1779134996.7392163,4128,265,488
1779134996.7504458,4129,266,488
1779134996.7504663,4130,275,487
1779134996.7591484,4131,294,488
1779134996.7704842,4132,332,488
1779134996.7792346,4133,390,490
1779134996.793021,4134,470,492
1779134996.8016515,4135,569,494
1779134996.8317943,4136,682,498
1779134996.8330698,4137,803,502
1779134996.8342755,4138,923,508
1779134996.8428926,4139,975,511
1779134996.8579142,4140,975,514
1779134996.8591783,4141,975,519
1779134996.8728974,4142,975,521
1779134996.886712,4143,975,524
1779134996.9029453,4144,975,527
1779134996.9029608,4145,975,530
1779134996.9117324,4146,975,533
1779134996.9203904,4147,975,536
1779134996.9317296,4148,975,539
1779134996.9453957,4149,975,540
1779134996.95164,4150,975,543
1779134996.9628725,4151,975,546
1779134996.9741359,4152,975,547
1779134996.9831293,4153,975,549
1779134996.9967825,4154,975,551
1779134997.005407,4155,975,551
1779134997.0166416,4156,975,554
1779134997.0253801,4157,897,555
1779134997.0541515,4158,806,556
1779134997.0553885,4159,719,556
1779134997.0817773,4160,639,557
1779134997.088091,4161,569,557
1779134997.0881166,4162,513,556
1779134997.0891395,4163,467,556
1779134997.090421,4164,436,555
1779134997.1007168,4165,415,553
1779134997.1092021,4166,404,551
1779134997.1229181,4167,402,550
1779134997.1291802,4168,403,549
1779134997.142972,4169,408,547
1779134997.1516669,4170,414,545
1779134997.1655185,4171,420,544
1779134997.1754494,4172,426,542
1779134997.1841748,4173,428,540
1779134997.1979346,4174,427,538
1779134997.2029407,4175,423,536
1779134997.2229705,4176,417,535
1779134997.227951,4177,408,533
1779134997.2279778,4178,400,531
1779134997.2416835,4179,390,530
1779134997.2479212,4180,379,529
1779134997.2617157,4181,367,527
1779134997.270648,4182,358,527
1779134997.284247,4183,348,525
1779134997.2904108,4184,339,524
1779134997.3042262,4185,330,523
1779134997.3129635,4186,324,522
1779134997.326707,4187,319,520
1779134997.3329515,4188,316,519
1779134997.3467708,4189,313,518
1779134997.3604822,4190,312,518
1779134997.366732,4191,313,518
1779134997.3729541,4192,316,516
1779134997.3817027,4193,317,515
1779134997.3904586,4194,321,514
1779134997.422973,4195,326,515
1779134997.4241803,4196,328,515
1779134997.4404306,4197,329,516
1779134997.441685,4198,329,516
1779134997.44293,4199,329,516
1779134997.4717948,4200,328,516
1779134997.4729152,4201,326,515
1779134997.4831884,4202,322,515
1779134997.4843235,4203,316,514
1779134997.4942846,4204,308,513
1779134997.507958,4205,301,512
1779134997.514201,4206,294,511
1779134997.5279715,4207,290,510
1779134997.5392492,4208,291,510
1779134997.5529764,4209,303,508
1779134997.552999,4210,331,508
1779134997.5579307,4211,376,507
1779134997.5742753,4212,441,505
1779134997.5755057,4213,531,505
1779134997.589211,4214,639,504
1779134997.5992236,4215,758,503
1779134997.610456,4216,882,502
1779134997.6242733,4217,975,502
1779134997.6304424,4218,975,501
1779134997.6441956,4219,975,499
1779134997.6504261,4220,975,498
1779134997.6641848,4221,975,496
1779134997.6729307,4222,975,496
1779134997.6816788,4223,975,495
1779134997.704281,4224,975,494
1779134997.7054462,4225,975,493
1779134997.7054539,4226,975,493
1779134997.7192392,4227,975,494
1779134997.7304635,4228,975,492
1779134997.7391803,4229,975,492
1779134997.7530088,4230,975,491
1779134997.7617052,4231,975,492
1779134997.8054605,4232,975,491
1779134997.8066835,4233,975,491
1779134997.816705,4234,975,490
1779134997.8183885,4235,975,489
1779134997.819161,4236,975,490
1779134997.8204238,4237,915,489
1779134997.8354845,4238,820,490
1779134997.8443174,4239,731,490
1779134997.860469,4240,651,489
1779134997.869239,4241,584,488
1779134997.8692646,4242,531,488
1779134997.8833454,4243,489,488
1779134997.8891754,4244,460,487
1779134997.9029632,4245,442,487
1779134997.9116912,4246,430,486
1779134997.9254506,4247,424,485
1779134997.931673,4248,421,484
1779134997.9454656,4249,417,484
1779134997.9542248,4250,414,483
1779134997.968165,4251,410,483
1779134997.9741905,4252,404,483
1779134997.9880378,4253,395,483
1779134997.996718,4254,383,482
1779134998.0105073,4255,370,482
1779134998.0180013,4256,355,481
1779134998.018023,4257,337,481
1779134998.0318394,4258,320,481
1779134998.0455327,4259,304,481
1779134998.0505052,4260,291,481
1779134998.0616663,4261,281,481
1779134998.0754764,4262,272,481
1779134998.084206,4263,265,480
1779134998.1118348,4264,261,480
1779134998.1129694,4265,260,480
1779134998.114191,4266,261,480
1779134998.1268492,4267,261,480
1779134998.1354554,4268,263,480
1779134998.1793032,4269,264,480
1779134998.1805418,4270,265,480
1779134998.1854606,4271,265,479
1779134998.1881015,4272,264,480
1779134998.1892097,4273,263,479
1779134998.1892276,4274,260,478
1779134998.2041767,4275,257,478
1779134998.2091908,4276,255,478
1779134998.2229578,4277,249,478
1779134998.2318773,4278,244,477
1779134998.2405705,4279,240,477
1779134998.254179,4280,238,476
1779134998.2604468,4281,239,475
1779134998.27429,4282,238,474
1779134998.2831037,4283,238,473
1779134998.2918582,4284,236,472
1779134998.3031783,4285,237,471
1779134998.3118014,4286,238,470
1779134998.326831,4287,248,468
1779134998.339293,4288,271,467
1779134998.3480291,4289,310,466
1779134998.3480556,4290,369,466
1779134998.361855,4291,453,466
1779134998.3704538,4292,556,465
1779134998.381783,4293,673,465
1779134998.3904781,4294,802,465
1779134998.4042356,4295,936,465
1779134998.4131238,4296,975,465
1779134998.42424,4297,975,465
1779134998.4329584,4298,975,465
1779134998.4468462,4299,975,466
1779134998.4560359,4300,975,465
1779134998.4668565,4301,975,466
1779134998.475692,4302,975,467
1779134998.4896948,4303,975,466
1779134998.4993439,4304,975,465
1779134998.4993658,4305,975,465
1779134998.5380044,4306,975,466
1779134998.539192,4307,975,466
1779134998.5506182,4308,975,466
1779134998.5518346,4309,975,465
1779134998.5529478,4310,975,465
1779134998.568038,4311,975,466
1779134998.5692112,4312,975,465
1779134998.585568,4313,975,465
1779134998.5942147,4314,975,464
1779134998.607967,4315,975,465
1779134998.6129372,4316,975,464
1779134998.6242032,4317,975,464
1779134998.6383598,4318,975,463
1779134998.6480055,4319,975,463
1779134998.6604912,4320,872,464
1779134998.6693296,4321,771,463
1779134998.6693635,4322,680,464
1779134998.6831355,4323,603,464
1779134998.6918669,4324,540,464
1779134998.7030184,4325,486,463
1779134998.7118018,4326,446,463
1779134998.7254882,4327,414,463
1779134998.7542772,4328,391,463
1779134998.7555673,4329,374,463
1779134998.7569938,4330,363,463
1779134998.7668447,4331,352,462
1779134998.7754738,4332,344,462
1779134998.786796,4333,336,462
1779134998.795724,4334,328,462
1779134998.809451,4335,319,462
1779134998.8193226,4336,309,462
1779134998.819368,4337,300,462
1779134998.832999,4338,291,463
1779134998.8418493,4339,279,463
1779134998.8505938,4340,267,463
1779134998.86186,4341,255,464
1779134998.870602,4342,245,464
1779134998.895522,4343,235,464
1779134998.896781,4344,230,464
1779134998.9155252,4345,225,465
1779134998.916787,4346,223,465
1779134998.9305406,4347,222,466
1779134998.9320374,4348,223,465
1779134998.948029,4349,227,467
1779134998.9568176,4350,231,466
1779134998.9680712,4351,236,467
1779134998.980513,4352,240,466
1779134998.989231,4353,241,466
1779134998.989257,4354,243,467
1779134999.0036445,4355,243,467
1779134999.011809,4356,242,467
1779134999.0230649,4357,240,466
1779134999.0319004,4358,236,466
1779134999.04553,4359,230,465
1779134999.054229,4360,223,465
1779134999.066824,4361,216,465
1779134999.0754926,4362,209,465
1779134999.084249,4363,204,464
1779134999.0980291,4364,197,464
1779134999.1067932,4365,192,463
1779134999.1154778,4366,188,462
1779134999.1292593,4367,187,462
1779134999.1417627,4368,187,461
1779134999.141782,4369,188,461
1779134999.1504672,4370,191,460
1779134999.1642585,4371,199,460
1779134999.1718686,4372,213,459
1779134999.182976,4373,238,458
1779134999.1918085,4374,281,457
1779134999.2055323,4375,347,457
1779134999.2142413,4376,438,457
1779134999.2254899,4377,551,457
1779134999.2342348,4378,679,457
1779134999.274269,4379,818,456
1779134999.27547,4380,956,457
1779134999.2892208,4381,975,456
1779134999.290487,4382,975,456
1779134999.2917695,4383,975,455
1779134999.3042731,4384,975,454
1779134999.3042932,4385,975,453
1779134999.3131778,4386,975,453
1779134999.3218677,4387,975,453
1779134999.3305457,4388,975,452
1779134999.341933,4389,975,452
1779134999.3505914,4390,975,451
1779134999.3644733,4391,975,451
1779134999.395564,4392,975,451
1779134999.3967721,4393,975,451
1779134999.3980002,4394,975,451
1779134999.4043162,4395,975,450
1779134999.4180555,4396,975,450
1779134999.4243462,4397,975,451
1779134999.4330244,4398,975,450
1779134999.4470003,4399,975,449
1779134999.4594514,4400,975,449
1779134999.4680908,4401,975,449
1779134999.4681308,4402,975,449
1779134999.4782982,4403,975,450
1779134999.4918833,4404,870,450
1779134999.500741,4405,771,449
1779134999.5143425,4406,681,450
1779134999.5192726,4407,604,450
1779134999.533048,4408,540,449
1779134999.5392563,4409,487,449
1779134999.5531049,4410,448,449
1779134999.5668948,4411,419,449
1779134999.571805,4412,399,449
1779134999.5868478,4413,384,448
1779134999.5930314,4414,374,449
1779134999.6070738,4415,366,449
1779134999.6331093,4416,359,449
1779134999.6555846,4417,354,450
1779134999.655615,4418,348,451
1779134999.656821,4419,342,451
1779134999.658096,4420,334,452
1779134999.6592662,4421,325,452
1779134999.674288,4422,315,453
1779134999.6829731,4423,305,453
1779134999.6918204,4424,294,454
1779134999.7030082,4425,284,454
1779134999.716756,4426,273,455
1779134999.7229812,4427,264,455
1779134999.7367716,4428,258,456
1779134999.7429752,4429,254,457
1779134999.7568705,4430,248,457
1779134999.7656014,4431,243,458
1779134999.7830565,4432,236,458
1779134999.7830892,4433,232,458
1779134999.7942674,4434,228,459
1779134999.799254,4435,223,459
1779134999.8131402,4436,220,460
1779134999.8192315,4437,218,460
1779134999.8331647,4438,216,460
1779134999.8417947,4439,215,460
1779134999.8555295,4440,215,461
1779134999.864268,4441,215,461
1779134999.8730652,4442,214,462
1779134999.886763,4443,216,462
1779134999.8968174,4444,216,463
1779134999.9030037,4445,216,464
1779134999.9168077,4446,216,464
1779134999.9305487,4447,216,464
1779134999.9405782,4448,213,465
1779134999.9405963,4449,208,465
1779134999.949281,4450,204,466
1779134999.9629965,4451,199,468
1779134999.972129,4452,192,469
1779134999.996774,4453,188,470
1779134999.998218,4454,185,470
1779135000.0058596,4455,183,471
1779135000.0380256,4456,181,471
1779135000.039303,4457,179,471
1779135000.0645568,4458,179,472
1779135000.0656552,4459,179,472
1779135000.0698588,4460,179,473
1779135000.0707538,4461,182,474
1779135000.0755773,4462,192,474
1779135000.0892937,4463,214,475
1779135000.101842,4464,251,475
1779135000.1018946,4465,309,476
1779135000.1161551,4466,392,476
1779135000.120541,4467,497,478
1779135000.134263,4468,621,479
1779135000.1420093,4469,760,480
1779135000.155567,4470,901,480
1779135000.1643558,4471,975,481
1779135000.1729925,4472,975,483
1779135000.1843112,4473,975,483
1779135000.1930125,4474,975,484
1779135000.209296,4475,975,485
1779135000.2105064,4476,975,487
1779135000.2268708,4477,975,489
1779135000.2355402,4478,975,489
1779135000.2492728,4479,975,490
1779135000.2618375,4480,975,491
1779135000.2618647,4481,975,492
1779135000.2705495,4482,975,493
1779135000.2843475,4483,975,494
1779135000.293226,4484,975,495
1779135000.3042574,4485,975,497
1779135000.3180625,4486,975,497
1779135000.3230724,4487,975,497
1779135000.3368921,4488,975,499
1779135000.3845093,4489,975,500
1779135000.3856719,4490,975,503
1779135000.3867977,4491,975,503
1779135000.3880897,4492,894,504
1779135000.3892758,4493,789,505
1779135000.3968766,4494,691,505
1779135000.4106944,4495,604,506
1779135000.420655,4496,530,506
1779135000.4207008,4497,472,507
1779135000.4293735,4498,425,507
1779135000.4431021,4499,396,508
1779135000.4519727,4500,378,508
1779135000.4630437,4501,369,508
1779135000.4718552,4502,364,508
1779135000.4855812,4503,361,508
1779135000.4948833,4504,358,508
1779135000.5055535,4505,355,508
1779135000.519299,4506,352,508
1779135000.524309,4507,351,508
1779135000.5356658,4508,345,508
1779135000.5469055,4509,337,507
1779135000.555562,4510,328,507
1779135000.5694737,4511,317,507
1779135000.5793478,4512,307,506
1779135000.5793748,4513,296,506
1779135000.5931258,4514,287,505
1779135000.6018355,4515,275,504
1779135000.6105802,4516,265,504
1779135000.6218135,4517,254,504
1779135000.6306355,4518,243,503
1779135000.6405842,4519,235,502
1779135000.6719034,4520,227,501
1779135000.6732996,4521,224,500
1779135000.674305,4522,220,499
1779135000.6894343,4523,217,499
1779135000.6905706,4524,216,497
1779135000.7068312,4525,215,497
1779135000.7333708,4526,217,496
1779135000.7349849,4527,219,494
1779135000.7608235,4528,219,494
1779135000.7608404,4529,217,494
1779135000.7617807,4530,217,493
1779135000.7630484,4531,220,492
1779135000.7768118,4532,221,491
1779135000.7780194,4533,222,490
1779135000.79375,4534,222,490
1779135000.8017774,4535,224,489
1779135000.8106444,4536,223,487
1779135000.821834,4537,222,487
1779135000.830594,4538,221,487
1779135000.846794,4539,222,487
1779135000.8480763,4540,221,487
1779135000.864341,4541,222,488
1779135000.873127,4542,222,488
1779135000.8867974,4543,222,487
1779135000.8993473,4544,223,487
1779135000.8993738,4545,222,487
1779135000.9080725,4546,220,487
1779135000.9218514,4547,218,485
1779135000.9307055,4548,217,485
1779135000.941791,4549,215,484
1779135000.9505188,4550,216,482
1779135000.9605763,4551,220,482
1779135000.9743004,4552,230,482
1779135000.9830468,4553,253,481
1779135000.991793,4554,290,481
1779135001.0055437,4555,349,481
1779135001.0143063,4556,431,481
1779135001.025521,4557,537,481
1779135001.034627,4558,659,481
1779135001.0480525,4559,793,481
1779135001.0580695,4560,926,481
1779135001.0580838,4561,975,481
1779135001.0692847,4562,975,481
1779135001.1142738,4563,975,481
1779135001.115502,4564,975,481
1779135001.12303,4565,975,481
1779135001.1242838,4566,975,482
1779135001.1255076,4567,975,482
1779135001.1396616,4568,975,482
1779135001.1405838,4569,975,482
1779135001.1555588,4570,975,483
1779135001.1667826,4571,975,482
1779135001.1718154,4572,975,483
1779135001.183021,4573,975,482
1779135001.1967983,4574,975,484
1779135001.2030215,4575,975,483
1779135001.2193074,4576,975,485
1779135001.2193267,4577,975,484
1779135001.2280223,4578,975,485
1779135001.2418246,4579,975,486
1779135001.250586,4580,920,486
1779135001.2618163,4581,815,486
1779135001.2755463,4582,716,487
1779135001.2805884,4583,630,487
1779135001.3118248,4584,560,488
1779135001.3130112,4585,508,489
1779135001.3143003,4586,469,489
1779135001.329342,4587,443,490
1779135001.3305418,4588,429,491
1779135001.346876,4589,424,491
1779135001.3555696,4590,425,491
1779135001.3692946,4591,431,492
1779135001.3793151,4592,437,492
1779135001.3793385,4593,443,492
1779135001.3892958,4594,444,492
1779135001.4030948,4595,444,493
1779135001.4118385,4596,439,493
1779135001.4230392,4597,430,493
1779135001.4318283,4598,415,493
1779135001.485617,4599,398,493
1779135001.4868221,4600,379,493
1779135001.4943082,4601,362,493
1779135001.495543,4602,344,493
1779135001.4968035,4603,328,493
1779135001.498117,4604,311,493
1779135001.5143862,4605,295,492
1779135001.5155516,4606,280,492
1779135001.5293937,4607,268,492
1779135001.541872,4608,258,492
1779135001.5418909,4609,251,492
1779135001.55064,4610,246,492
1779135001.5643263,4611,239,492
1779135001.573123,4612,235,492
1779135001.5843124,4613,235,492
1779135001.5930724,4614,236,492
1779135001.6069024,4615,238,491
1779135001.6156578,4616,243,491
1779135001.6269157,4617,249,491
1779135001.6356885,4618,257,492
1779135001.6493087,4619,264,494
1779135001.6580787,4620,271,495
1779135001.6693192,4621,275,495
1779135001.6780946,4622,276,496
1779135001.6781163,4623,278,496
1779135001.7005782,4624,275,495
1779135001.7006056,4625,271,495
1779135001.711841,4626,264,495
1779135001.7255714,4627,257,495
1779135001.730584,4628,252,494
1779135001.744372,4629,248,493
1779135001.750549,4630,248,493
1779135001.7643313,4631,259,493
1779135001.7785976,4632,286,493
1779135001.7830486,4633,332,492
1779135001.7942977,4634,399,492
1779135001.808058,4635,487,493
1779135001.8532038,4636,591,493
1779135001.8543518,4637,708,494
1779135001.855541,4638,834,495
1779135001.856874,4639,957,494
1779135001.8593328,4640,975,494
1779135001.8593538,4641,975,494
1779135001.875595,4642,975,494
1779135001.876795,4643,975,495
1779135001.8906167,4644,975,494
1779135001.8993208,4645,975,496
1779135001.9105666,4646,975,495
1779135001.9193451,4647,975,494
1779135001.951891,4648,975,495
1779135001.9531233,4649,975,494
1779135001.954409,4650,975,495
1779135001.9643426,4651,975,495
1779135001.973234,4652,975,495
1779135001.98184,4653,975,495
1779135001.9935102,4654,975,495
1779135002.0018513,4655,975,495
1779135002.0219173,4656,975,496
1779135002.021936,4657,975,496
1779135002.0280497,4658,975,496
1779135002.0419126,4659,931,496
1779135002.0505428,4660,830,496
1779135002.0593328,4661,735,495
1779135002.0705633,4662,649,495
1779135002.0793138,4663,576,496
1779135002.0930521,4664,517,496
1779135002.1018133,4665,473,496
1779135002.1092985,4666,441,496
1779135002.12313,4667,418,496
1779135002.1317854,4668,406,496
1779135002.145649,4669,402,495
1779135002.1518056,4670,401,495
1779135002.1655705,4671,399,495
1779135002.208597,4672,399,495
1779135002.2088604,4673,397,495
1779135002.2092934,4674,394,495
1779135002.229435,4675,388,494
1779135002.23055,4676,384,495
1779135002.2318912,4677,376,495
1779135002.2330737,4678,367,495
1779135002.2481084,4679,354,495
1779135002.2493134,4680,340,495
1779135002.2631328,4681,324,495
1779135002.2743654,4682,311,495
1779135002.2831738,4683,296,495
1779135002.2968826,4684,284,495
1779135002.3056011,4685,272,495
1779135002.3143375,4686,259,495
1779135002.328121,4687,248,494
1779135002.338157,4688,238,494
1779135002.3382041,4689,228,494
1779135002.3493834,4690,221,494
1779135002.3632245,4691,215,494
1779135002.369463,4692,211,493
1779135002.3832436,4693,208,494
1779135002.389395,4694,205,494
1779135002.4032068,4695,203,493
1779135002.4131384,4696,204,493
1779135002.4218724,4697,205,493
1779135002.4331086,4698,208,493
1779135002.4419005,4699,212,493
1779135002.4556682,4700,216,494
1779135002.4643662,4701,220,493
1779135002.4762752,4702,221,492
1779135002.4894884,4703,220,491
1779135002.499423,4704,218,492
1779135002.4994693,4705,216,491
1779135002.510623,4706,214,492
1779135002.5194151,4707,214,492
1779135002.5332348,4708,214,492
1779135002.541887,4709,211,492
1779135002.5794563,4710,207,492
1779135002.580573,4711,200,491
1779135002.6056843,4712,196,491
1779135002.6068218,4713,192,491
1779135002.620581,4714,186,490
1779135002.6243362,4715,183,489
1779135002.6255765,4716,183,488
1779135002.6268158,4717,190,487
1779135002.6356025,4718,210,487
1779135002.6443079,4719,244,486
1779135002.658117,4720,296,485
1779135002.6581414,4721,368,485
1779135002.669355,4722,460,485
1779135002.6780736,4723,566,484
1779135002.6918697,4724,683,484
1779135002.700593,4725,804,486
1779135002.7118495,4726,921,484
1779135002.7205968,4727,975,484
1779135002.731834,4728,975,484
1779135002.740609,4729,975,484
1779135002.756907,4730,975,485
1779135002.7580607,4731,975,484
1779135002.7718384,4732,975,484
1779135002.7856872,4733,975,484
1779135002.7918644,4734,975,485
1779135002.8056376,4735,975,487
1779135002.820637,4736,975,486
1779135002.8206735,4737,975,486
1779135002.8305774,4738,975,487
1779135002.8393364,4739,975,487
1779135002.8531084,4740,975,489
1779135002.8618414,4741,975,487
1779135002.873141,4742,975,487
1779135002.8869524,4743,975,487
1779135002.8918452,4744,975,487
1779135002.9056833,4745,975,489
1779135002.9118729,4746,975,487
1779135002.9382012,4747,928,487
1779135002.9395752,4748,829,488
1779135002.9644792,4749,735,488
1779135002.9656878,4750,648,488
1779135002.9693406,4751,573,488
1779135002.9844458,4752,512,487
1779135002.9844766,4753,463,487
1779135002.9905968,4754,427,488
1779135002.9993567,4755,402,487
1779135003.0131102,4756,385,487
1779135003.0218437,4757,375,487
1779135003.0332007,4758,367,487
1779135003.0419652,4759,361,486
1779135003.055733,4760,355,486
1779135003.0643675,4761,347,484
1779135003.0756228,4762,335,484
1779135003.0895343,4763,322,484
1779135003.094361,4764,304,483
1779135003.1081314,4765,281,484
1779135003.1143794,4766,256,483
1779135003.1281285,4767,231,483
1779135003.138209,4768,207,483
1779135003.138231,4769,188,481
1779135003.1493819,4770,173,482
1779135003.1581452,4771,159,481
1779135003.171858,4772,147,480
1779135003.1808422,4773,135,481
1779135003.1918662,4774,127,481
1779135003.2006555,4775,119,480
1779135003.2319522,4776,113,480
1779135003.2332683,4777,108,480
1779135003.2344484,4778,103,480
1779135003.244441,4779,103,480
1779135003.2519898,4780,104,480
1779135003.2657175,4781,108,481
1779135003.2769353,4782,112,480
1779135003.310611,4783,115,481
1779135003.3269777,4784,117,481
1779135003.3270185,4785,121,481
1779135003.3281288,4786,122,481
1779135003.3294325,4787,123,482
1779135003.330625,4788,121,482
1779135003.3446496,4789,117,483
1779135003.350844,4790,112,482
1779135003.362003,4791,104,482
1779135003.3708034,4792,94,483
1779135003.3844044,4793,84,483
1779135003.3906064,4794,73,483
1779135003.4044163,4795,61,484
1779135003.4131508,4796,49,484
1779135003.4218478,4797,36,484
1779135003.433121,4798,23,483
1779135003.4418614,4799,8,484
1779135003.4619029,4800,1,483
1779135003.4619288,4801,1,484
1779135003.4693656,4802,0,483
1779135003.4781234,4803,0,483
1779135003.4918838,4804,1,483
1779135003.5006518,4805,0,482
1779135003.5118768,4806,1,482
1779135003.5205941,4807,0,481
1779135003.5343745,4808,1,480
1779135003.5431104,4809,1,481
1779135003.5543556,4810,1,480
1779135003.5631802,4811,51,480
1779135003.573101,4812,135,480
1779135003.586867,4813,227,481
1779135003.595612,4814,318,481
1779135003.6043582,4815,400,482
1779135003.6193774,4816,469,482
1779135003.6194003,4817,523,483
1779135003.6306345,4818,560,483
1779135003.6393604,4819,580,483
1779135003.6719465,4820,584,483
1779135003.6731384,4821,575,483
1779135003.6981683,4822,556,484
1779135003.6993628,4823,528,485
1779135003.7006052,4824,495,486
1779135003.7018142,4825,462,486
1779135003.7181501,4826,430,487
1779135003.7193487,4827,399,487
1779135003.733145,4828,371,487
1779135003.747026,4829,350,488
1779135003.7531307,4830,328,488
1779135003.7669754,4831,313,489
1779135003.7813702,4832,300,489
1779135003.781414,4833,291,488
1779135003.791908,4834,283,490
1779135003.8007076,4835,275,490
1779135003.8143668,4836,268,490
1779135003.823152,4837,259,491
1779135003.8343792,4838,252,491
1779135003.8432004,4839,246,492
1779135003.8756707,4840,242,492
1779135003.8769598,4841,239,492
1779135003.8781521,4842,239,493
1779135003.8881986,4843,238,493
1779135003.8969564,4844,237,494
1779135003.9056637,4845,239,494
1779135003.9169893,4846,240,495
1779135003.9307098,4847,241,494
1779135003.9407969,4848,243,495
1779135003.940814,4849,245,496
1779135003.9519439,4850,246,496
1779135003.9607236,4851,247,496
1779135003.9757257,4852,246,496
1779135003.9806736,4853,247,497
1779135003.9969444,4854,248,497
1779135003.9981601,4855,252,498
1779135004.0118923,4856,255,498
1779135004.0582206,4857,260,498
1779135004.0593705,4858,264,499
1779135004.0606198,4859,265,499
1779135004.0618322,4860,267,499
1779135004.063241,4861,269,500
1779135004.0794518,4862,272,500
1779135004.080623,4863,277,501
1779135004.0982609,4864,283,501
1779135004.098291,4865,289,502
1779135004.1093786,4866,297,502
1779135004.118159,4867,304,503
1779135004.1319208,4868,313,503
1779135004.1406376,4869,319,503
1779135004.1519337,4870,326,504
1779135004.1606221,4871,330,504
1779135004.17444,4872,333,504
1779135004.185884,4873,337,505
1779135004.1919725,4874,338,505
1779135004.2056413,4875,340,505
1779135004.2145016,4876,344,506
1779135004.2232058,4877,346,506
1779135004.234413,4878,348,507
1779135004.2432163,4879,350,507
1779135004.2581282,4880,352,507
1779135004.2581565,4881,351,507
1779135004.269398,4882,349,506
1779135004.2782972,4883,347,506
1779135004.2897053,4884,344,506
1779135004.3032587,4885,343,506
1779135004.3095987,4886,340,505
1779135004.323189,4887,339,505
1779135004.3319075,4888,342,504
1779135004.3406837,4889,344,503
1779135004.351918,4890,345,503
1779135004.365732,4891,346,503
1779135004.3719826,4892,348,503
1779135004.4106743,4893,352,503
1779135004.4118903,4894,356,502
1779135004.4344351,4895,363,501
1779135004.4368916,4896,367,501
1779135004.4381578,4897,371,499
1779135004.438176,4898,374,499
1779135004.4396973,4899,377,497
1779135004.4543865,4900,379,496
1779135004.4596422,4901,382,495
1779135004.4706745,4902,386,494
1779135004.4794261,4903,394,492
1779135004.5157337,4904,408,491
1779135004.5169203,4905,431,490
1779135004.5183158,4906,468,489
1779135004.5194108,4907,519,488
1779135004.5344815,4908,583,487
1779135004.54325,4909,657,486
1779135004.5544066,4910,737,486
1779135004.5631988,4911,819,485
1779135004.5781634,4912,898,485
1779135004.5781991,4913,968,483
1779135004.5893888,4914,975,484
1779135004.598132,4915,975,482
1779135004.6096418,4916,975,481
1779135004.6234312,4917,975,480
1779135004.6294796,4918,975,481
1779135004.643168,4919,975,479
1779135004.6519263,4920,975,478
1779135004.6606355,4921,975,477
1779135004.6719885,4922,975,477
1779135004.680654,4923,975,478
1779135004.6947901,4924,975,477
1779135004.7032082,4925,975,477
1779135004.7131426,4926,975,477
1779135004.721934,4927,975,476
1779135004.7419338,4928,975,476
1779135004.7419508,4929,975,477
1779135004.748162,4930,975,477
1779135004.793152,4931,975,476
1779135004.7943902,4932,975,477
1779135004.7956457,4933,975,479
1779135004.796911,4934,971,478
1779135004.8018873,4935,916,479
1779135004.813192,4936,871,479
1779135004.8219912,4937,831,480
1779135004.8331318,4938,800,480
1779135004.846904,4939,776,480
1779135004.8531628,4940,761,480
1779135004.866975,4941,752,479
1779135004.8732014,4942,750,478
1779135004.8869107,4943,752,477
1779135004.901965,4944,755,475
1779135004.9019773,4945,759,473
1779135004.9082608,4946,761,469
1779135004.9194763,4947,760,465
1779135004.9331434,4948,756,459
1779135004.9394891,4949,749,453
1779135004.9507442,4950,738,449
1779135004.9594452,4951,724,444
1779135004.9732296,4952,707,439
1779135004.9820306,4953,691,434
1779135004.9931822,4954,671,430
1779135005.0019615,4955,648,427
1779135005.015702,4956,626,422
1779135005.023165,4957,604,419
1779135005.0344312,4958,588,415
1779135005.0433528,4959,575,412
1779135005.0583003,4960,565,408
1779135005.0583446,4961,557,405
1779135005.0695279,4962,550,401
1779135005.0781646,4963,543,398
1779135005.091908,4964,540,394
1779135005.100669,4965,537,390
1779135005.1119204,4966,536,387
1779135005.1419191,4967,537,383
1779135005.1431518,4968,536,379
1779135005.168214,4969,534,376
1779135005.169398,4970,534,374
1779135005.1933866,4971,531,372
1779135005.1944218,4972,527,372
1779135005.1957457,4973,523,373
1779135005.1970212,4974,519,376
1779135005.212008,4975,515,379
1779135005.2194521,4976,507,383
1779135005.219476,4977,501,387
1779135005.2331784,4978,495,392
1779135005.2381568,4979,489,396
1779135005.2519107,4980,484,400
1779135005.260672,4981,481,403
1779135005.2719254,4982,482,406
1779135005.2806523,4983,493,409
1779135005.2944095,4984,515,412
1779135005.3031335,4985,546,415
1779135005.3144262,4986,588,418
1779135005.3232403,4987,637,423
1779135005.3394706,4988,691,426
1779135005.340717,4989,746,430
1779135005.3569796,4990,796,435
1779135005.3708463,4991,839,439
1779135005.3807337,4992,872,444
1779135005.3807764,4993,892,449
1779135005.3920197,4994,901,452
1779135005.4007626,4995,899,457
1779135005.4148347,4996,888,459
1779135005.4234805,4997,865,462
1779135005.434535,4998,834,464
1779135005.445845,4999,796,467
1779135005.4545038,5000,753,467
1779135005.4682624,5001,708,469
1779135005.4744744,5002,664,469
1779135005.5282557,5003,620,470
1779135005.5295353,5004,583,471
1779135005.5307417,5005,553,471
1779135005.5320077,5006,536,472
1779135005.5333025,5007,535,472
1779135005.54329,5008,554,472
1779135005.5509696,5009,594,472
1779135005.551037,5010,652,471
1779135005.5595095,5011,725,471
1779135005.573279,5012,804,468
1779135005.5820365,5013,885,467
1779135005.593298,5014,960,465
1779135005.6020725,5015,975,462
1779135005.6158037,5016,975,460
1779135005.624471,5017,975,459
1779135005.6356993,5018,975,456
1779135005.6495214,5019,975,456
1779135005.6544595,5020,975,455
1779135005.6682007,5021,975,454
1779135005.6744401,5022,975,455
1779135005.6881688,5023,941,455
1779135005.698207,5024,863,457
1779135005.6982224,5025,780,458
1779135005.7094202,5026,699,459
1779135005.7181802,5027,621,460
1779135005.7319276,5028,548,460
1779135005.7408297,5029,486,462
1779135005.7519078,5030,433,464
1779135005.760679,5031,391,465
1779135005.7919872,5032,361,467
1779135005.79328,5033,342,469
1779135005.7944283,5034,335,470
1779135005.8045108,5035,336,472
1779135005.8132808,5036,343,472
1779135005.8269114,5037,356,474
1779135005.833162,5038,371,474
1779135005.8469114,5039,387,476
1779135005.8745291,5040,406,476
1779135005.8745477,5041,429,476
1779135005.8756618,5042,455,476
1779135005.9007988,5043,485,476
1779135005.901974,5044,518,476
1779135005.9083233,5045,556,475
1779135005.9095109,5046,596,474
1779135005.9244194,5047,633,472
1779135005.9333105,5048,666,472
1779135005.9420536,5049,691,471
1779135005.9531758,5050,707,470
1779135005.9619646,5051,715,470
1779135005.9733205,5052,713,469
1779135005.987048,5053,705,467
1779135005.9934468,5054,689,465
1779135006.0070114,5055,670,463
1779135006.0220473,5056,650,461
1779135006.0220935,5057,627,456
1779135006.0282593,5058,605,452
1779135006.042008,5059,580,448
1779135006.0507946,5060,558,444
1779135006.059526,5061,539,441
1779135006.0706875,5062,523,438
1779135006.0794792,5063,504,436
1779135006.093278,5064,485,435
1779135006.1020007,5065,472,436
1779135006.1132462,5066,460,438
1779135006.1219313,5067,452,441
1779135006.1357496,5068,447,444
1779135006.144526,5069,448,449
1779135006.1556675,5070,450,455
1779135006.1694381,5071,452,462
1779135006.1795437,5072,455,468
1779135006.1795692,5073,455,474
1779135006.190757,5074,454,478
1779135006.1994267,5075,450,480
1779135006.2132545,5076,442,483
1779135006.2219658,5077,432,487
1779135006.2469876,5078,418,492
1779135006.2482002,5079,405,496
1779135006.2669952,5080,391,499
1779135006.2682006,5081,379,502
1779135006.2694395,5082,370,507
1779135006.2831492,5083,367,512
1779135006.2970278,5084,368,518
1779135006.3031805,5085,376,524
1779135006.3145223,5086,394,528
1779135006.3232489,5087,423,531
1779135006.3382838,5088,471,535
1779135006.3383324,5089,532,537
1779135006.3495445,5090,610,541
1779135006.3632662,5091,700,544
1779135006.3695743,5092,796,547
1779135006.3833716,5093,891,551
1779135006.3895473,5094,972,554
1779135006.4033196,5095,975,556
1779135006.4320502,5096,975,557
1779135006.4332976,5097,975,559
1779135006.4344513,5098,975,559
1779135006.4444942,5099,975,560
1779135006.4533296,5100,975,560
1779135006.4620252,5101,975,562
1779135006.4733167,5102,975,560
1779135006.4820855,5103,975,561
1779135006.4983182,5104,975,561
1779135006.4983864,5105,975,560
1779135006.5095246,5106,975,561
1779135006.5182855,5107,975,560
1779135006.5320778,5108,975,561
1779135006.5409033,5109,975,561
1779135006.551975,5110,975,561
1779135006.5608492,5111,975,561
1779135006.574501,5112,938,560
1779135006.583227,5113,862,560
1779135006.614526,5114,790,557
1779135006.6157866,5115,721,555
1779135006.6408968,5116,660,552
1779135006.6419775,5117,609,551
1779135006.665866,5118,569,548
1779135006.6670222,5119,539,547
1779135006.6695058,5120,518,546
1779135006.6695228,5121,505,545
1779135006.6707733,5122,498,544
1779135006.6809597,5123,494,544
1779135006.689572,5124,491,544
1779135006.703279,5125,489,542
1779135006.7095196,5126,485,539
1779135006.7232466,5127,477,536
1779135006.7320478,5128,466,534
1779135006.7459428,5129,451,531
1779135006.7519944,5130,436,526
1779135006.7658024,5131,419,519
1779135006.7744603,5132,405,515
1779135006.7882135,5133,391,513
1779135006.794448,5134,381,515
1779135006.806968,5135,369,516
1779135006.8220744,5136,358,515
1779135006.8221037,5137,347,515
1779135006.8282893,5138,333,511
1779135006.8420446,5139,321,508
1779135006.8507717,5140,309,505
1779135006.859457,5141,297,504
1779135006.8708632,5142,286,503
1779135006.879537,5143,274,501
1779135006.8933845,5144,263,500
1779135006.9020398,5145,253,498
1779135006.911999,5146,243,496
1779135006.9208524,5147,233,495
1779135006.9345496,5148,224,494
1779135006.9431796,5149,217,493
1779135006.9544415,5150,209,491
1779135006.9995935,5151,204,489
1779135007.002005,5152,200,485
1779135007.002025,5153,198,482
1779135007.0032392,5154,198,480
1779135007.004514,5155,199,477
1779135007.0119367,5156,201,475
1779135007.020804,5157,205,473
1779135007.0319867,5158,213,472
1779135007.0407982,5159,225,470
1779135007.0771258,5160,246,467
1779135007.0783272,5161,279,467
1779135007.0796242,5162,329,465
1779135007.080889,5163,397,465
1779135007.0959175,5164,479,464
1779135007.104432,5165,574,464
1779135007.1157887,5166,678,465
1779135007.1244707,5167,782,467
1779135007.1395154,5168,878,468
1779135007.1395438,5169,963,472
1779135007.1508956,5170,975,474
1779135007.159619,5171,975,476
1779135007.173362,5172,975,477
1779135007.1820004,5173,975,475
1779135007.1933155,5174,975,475
1779135007.2070026,5175,975,476
1779135007.2119553,5176,975,477
1779135007.2220218,5177,975,477
1779135007.2383196,5178,975,476
1779135007.2395625,5179,975,476
1779135007.2532468,5180,975,477
1779135007.2669868,5181,975,476
1779135007.2732208,5182,975,477
1779135007.287007,5183,975,478
1779135007.301995,5184,924,480
1779135007.302014,5185,860,483
1779135007.3082263,5186,793,487
1779135007.3232436,5187,726,491
1779135007.348285,5188,660,495
1779135007.3494916,5189,601,499
1779135007.3682995,5190,548,502
1779135007.3695645,5191,503,505
1779135007.3708515,5192,467,507
1779135007.384471,5193,440,509
1779135007.3908942,5194,423,511
1779135007.4046283,5195,412,513
1779135007.4133234,5196,408,513
1779135007.422037,5197,409,515
1779135007.4332993,5198,412,515
1779135007.4420128,5199,418,516
1779135007.4626973,5200,425,516
1779135007.4627326,5201,432,517
1779135007.468323,5202,435,517
1779135007.4820573,5203,435,516
1779135007.490776,5204,433,515
1779135007.499488,5205,428,515
1779135007.5107663,5206,419,513
1779135007.5194767,5207,409,512
1779135007.5332751,5208,400,512
1779135007.5419946,5209,389,511
1779135007.5532365,5210,377,511
1779135007.5620863,5211,363,511
1779135007.5757685,5212,347,510
1779135007.5845387,5213,332,510
1779135007.5958662,5214,319,510
1779135007.6095634,5215,308,508
1779135007.61081,5216,298,507
1779135007.6195824,5217,289,506
1779135007.6308002,5218,282,507
1779135007.6394856,5219,275,508
1779135007.6532547,5220,270,508
1779135007.6619875,5221,263,509
1779135007.6732857,5222,257,510
1779135007.6820471,5223,252,510
1779135007.7120972,5224,250,510
1779135007.7132525,5225,247,509
1779135007.7382333,5226,245,509
1779135007.7620769,5227,243,508
1779135007.7632716,5228,241,508
1779135007.7658904,5229,239,507
1779135007.767077,5230,241,508
1779135007.7683113,5231,248,508
1779135007.783785,5232,265,508
1779135007.78383,5233,294,509
1779135007.789584,5234,344,511
1779135007.8032353,5235,411,512
1779135007.809514,5236,495,513
1779135007.8232481,5237,590,515
1779135007.8295913,5238,692,516
1779135007.843325,5239,794,516
1779135007.8507864,5240,891,516
1779135007.864516,5241,971,517
1779135007.8708005,5242,975,517
1779135007.8844905,5243,975,518
1779135007.8933895,5244,975,519
1779135007.9021437,5245,975,520
1779135007.9135072,5246,975,519
1779135007.9220705,5247,975,522
1779135007.942133,5248,975,523
1779135007.9421563,5249,975,524
1779135007.9483213,5250,975,526
1779135007.9596314,5251,975,526
1779135007.9733238,5252,975,527
1779135007.9795897,5253,975,528
1779135007.990765,5254,975,530
1779135007.9994783,5255,923,532
1779135008.0132341,5256,858,532
1779135008.0219712,5257,792,534
1779135008.033273,5258,725,536
1779135008.0420237,5259,660,539
1779135008.055811,5260,599,541
1779135008.0808232,5261,544,545
1779135008.0819943,5262,497,548
1779135008.1046016,5263,460,552
1779135008.1070762,5264,431,555
1779135008.10709,5265,410,558
1779135008.1082208,5266,397,561
1779135008.123225,5267,390,564
1779135008.132094,5268,387,568
1779135008.1409023,5269,388,571
1779135008.152101,5270,391,575
1779135008.1657622,5271,396,579
1779135008.1719759,5272,399,583
1779135008.1858737,5273,400,586
1779135008.1920278,5274,399,589
1779135008.2057648,5275,395,593
1779135008.214485,5276,387,596
1779135008.2232935,5277,377,599
1779135008.234513,5278,364,602
1779135008.2432349,5279,349,606
1779135008.265863,5280,334,608
1779135008.2658763,5281,317,611
1779135008.267145,5282,300,614
1779135008.2821236,5283,284,618
1779135008.2907786,5284,270,621
1779135008.2995574,5285,259,624
1779135008.3108687,5286,247,627
1779135008.3195403,5287,235,629
1779135008.3521557,5288,224,631
1779135008.3533425,5289,214,632
1779135008.354508,5290,206,635
1779135008.369615,5291,198,636
1779135008.3708272,5292,192,639
1779135008.384581,5293,190,640
1779135008.3958979,5294,190,641
1779135008.409657,5295,189,642
1779135008.4195652,5296,190,642
1779135008.419605,5297,191,641
1779135008.4645123,5298,189,639
1779135008.4657676,5299,189,637
1779135008.4758475,5300,189,634
1779135008.4770052,5301,189,632
1779135008.4783294,5302,193,629
1779135008.4796324,5303,199,627
1779135008.4947052,5304,212,624
1779135008.503328,5305,238,622
1779135008.514541,5306,278,621
1779135008.5234187,5307,337,619
1779135008.5370853,5308,416,617
1779135008.5459006,5309,510,615
1779135008.5570185,5310,615,615
1779135008.5708525,5311,723,614
1779135008.580967,5312,829,614
1779135008.581008,5313,924,613
1779135008.5920303,5314,975,613
1779135008.6007957,5315,975,612
1779135008.6146147,5316,975,612
1779135008.623233,5317,975,612
1779135008.6345193,5318,975,611
1779135008.6432521,5319,975,610
1779135008.65701,5320,975,611
1779135008.6658547,5321,975,610
1779135008.677044,5322,975,610
1779135008.6858554,5323,975,609
1779135008.6995132,5324,975,609
1779135008.7083747,5325,975,609
1779135008.7195044,5326,975,608
1779135008.7283492,5327,971,607
1779135008.728368,5328,905,605
1779135008.7420201,5329,839,604
1779135008.7508173,5330,773,603
1779135008.7620523,5331,709,601
1779135008.7708514,5332,649,601
1779135008.7858083,5333,593,600
1779135008.7908065,5334,540,598
1779135008.8208745,5335,491,598
1779135008.8220322,5336,448,596
1779135008.8470385,5337,413,594
1779135008.8482885,5338,384,593
1779135008.8695576,5339,361,591
1779135008.8707826,5340,342,590
1779135008.872026,5341,329,588
1779135008.8732655,5342,319,586
1779135008.8933513,5343,313,585
1779135008.8957639,5344,310,583
1779135008.8957803,5345,308,583
1779135008.909613,5346,309,582
1779135008.920762,5347,310,581
1779135008.9296076,5348,307,579
1779135008.9433298,5349,305,579
1779135008.9522386,5350,302,578
1779135008.9632769,5351,299,577
1779135008.9921556,5352,295,577
1779135008.9933963,5353,291,575
1779135008.9946434,5354,283,575
1779135009.0020676,5355,273,574
1779135009.0158145,5356,262,574
1779135009.0246265,5357,252,573
1779135009.0383902,5358,242,572
1779135009.04711,5359,233,571
1779135009.0620542,5360,225,571
1779135009.0620875,5361,217,569
1779135009.070764,5362,210,569
1779135009.0820649,5363,206,568
1779135009.0908434,5364,201,568
1779135009.1045306,5365,199,567
1779135009.1133575,5366,197,566
1779135009.1246257,5367,198,564
1779135009.13333,5368,199,563
1779135009.1471317,5369,203,562
1779135009.155805,5370,206,561
1779135009.185813,5371,209,561
1779135009.1870334,5372,212,561
1779135009.2120814,5373,216,560
1779135009.213291,5374,220,559
1779135009.234708,5375,222,559
1779135009.2371418,5376,224,558
1779135009.2371554,5377,225,558
1779135009.2387247,5378,224,559
1779135009.2399528,5379,221,559
1779135009.2547834,5380,215,558
1779135009.2557607,5381,209,558
1779135009.2696574,5382,200,558
1779135009.2808745,5383,191,556
1779135009.289617,5384,180,556
1779135009.3033814,5385,168,553
1779135009.3109155,5386,157,552
1779135009.3220384,5387,147,550
1779135009.3308575,5388,139,549
1779135009.3445814,5389,137,547
1779135009.3534071,5390,143,546
1779135009.3645768,5391,159,545
1779135009.3795817,5392,191,543
1779135009.3796225,5393,241,543
1779135009.3932981,5394,306,542
1779135009.3995368,5395,386,541
1779135009.413339,5396,474,540
1779135009.4195275,5397,570,539
1779135009.4333348,5398,662,538
1779135009.4445646,5399,747,537
1779135009.4534009,5400,819,536
1779135009.4670568,5401,875,536
1779135009.4757583,5402,914,534
1779135009.4870257,5403,937,534
1779135009.495801,5404,945,532
1779135009.5095484,5405,939,531
1779135009.518318,5406,922,530
1779135009.5296035,5407,896,530
1779135009.5596561,5408,864,529
1779135009.5596812,5409,830,529
1779135009.5608907,5410,796,527
1779135009.574634,5411,761,526
1779135009.5758862,5412,728,525
1779135009.580874,5413,697,524
1779135009.5945935,5414,667,523
1779135009.6008155,5415,638,521
1779135009.6358733,5416,608,519
1779135009.6370604,5417,578,518
1779135009.63831,5418,548,515
1779135009.639558,5419,519,514
1779135009.655784,5420,490,512
1779135009.6645477,5421,464,511
1779135009.6782765,5422,439,509
1779135009.6833036,5423,419,508
1779135009.689548,5424,404,506
1779135009.7032754,5425,391,504
1779135009.7082973,5426,384,503
1779135009.722091,5427,378,501
1779135009.730819,5428,371,500
1779135009.7395875,5429,366,498
1779135009.753345,5430,359,497
1779135009.7620604,5431,354,495
1779135009.773315,5432,350,494
1779135009.7820873,5433,345,493
1779135009.7958207,5434,338,492
1779135009.804568,5435,332,490
1779135009.8158355,5436,325,489
1779135009.8295643,5437,319,488
1779135009.8357792,5438,312,488
1779135009.8495634,5439,306,487
1779135009.8507807,5440,299,486
1779135009.8608,5441,290,485
1779135009.869532,5442,281,484
1779135009.8832738,5443,271,483
1779135009.889557,5444,258,482
1779135009.9170418,5445,249,481
1779135009.9182703,5446,245,481
1779135009.943316,5447,242,480
1779135009.9445353,5448,239,479
1779135009.969572,5449,237,479
1779135009.9707665,5450,233,478
1779135009.974556,5451,230,476
1779135009.9757853,5452,226,476
1779135009.985872,5453,220,474
1779135009.994577,5454,213,474
1779135010.0033693,5455,208,472
1779135010.0095446,5456,203,472
1779135010.0183077,5457,198,471
1779135010.03208,5458,196,470
1779135010.0446937,5459,196,469
1779135010.045893,5460,198,467
1779135010.0608938,5461,201,467
1779135010.069657,5462,203,465
1779135010.0833192,5463,207,464
1779135010.0895557,5464,212,463
1779135010.1032937,5465,216,462
1779135010.112085,5466,221,460
1779135010.125824,5467,225,459
1779135010.1320536,5468,228,457
1779135010.1458104,5469,232,455
1779135010.1545348,5470,234,455
1779135010.1683228,5471,236,452
1779135010.1695504,5472,236,451
1779135010.1795297,5473,237,450
1779135010.1883981,5474,239,448
1779135010.2020376,5475,243,449
1779135010.2083094,5476,243,449
1779135010.2220612,5477,243,449
1779135010.2358556,5478,240,450
1779135010.2409663,5479,236,449
1779135010.2758634,5480,233,448
1779135010.277037,5481,230,447
1779135010.3020704,5482,230,444
1779135010.3033478,5483,230,443
1779135010.3246171,5484,231,440
1779135010.3257859,5485,233,439
1779135010.327058,5486,235,437
1779135010.328297,5487,239,435
1779135010.3446815,5488,247,435
1779135010.34472,5489,262,433
1779135010.3458269,5490,286,433
1779135010.3609095,5491,316,432
1779135010.3721182,5492,358,432
1779135010.3809423,5493,408,432
1779135010.394636,5494,469,432
1779135010.4033477,5495,532,432
1779135010.4145765,5496,593,433
1779135010.4233146,5497,654,434
1779135010.4371786,5498,707,435
1779135010.4458563,5499,751,436
1779135010.457105,5500,782,438
1779135010.4658747,5501,801,440
1779135010.479571,5502,811,441
1779135010.4883065,5503,810,443
1779135010.4895496,5504,801,445
1779135010.499586,5505,786,448
1779135010.508329,5506,768,450
1779135010.5220854,5507,747,452
1779135010.530833,5508,727,455
1779135010.539601,5509,706,457
1779135010.5533557,5510,687,460
1779135010.562184,5511,668,462
1779135010.5696914,5512,650,464
1779135010.5833504,5513,631,467
1779135010.5920892,5514,612,469
1779135010.6058433,5515,592,471
1779135010.612076,5516,569,473
1779135010.6258304,5517,547,476
1779135010.6684713,5518,524,478
1779135010.6696289,5519,503,481
1779135010.6821237,5520,484,483
1779135010.6821384,5521,468,485
1779135010.68335,5522,453,487
1779135010.6845677,5523,441,489
1779135010.6958387,5524,433,491
1779135010.7008204,5525,427,493
1779135010.7095537,5526,424,495
1779135010.7237296,5527,424,497
1779135010.7295787,5528,425,499
1779135010.7433794,5529,423,501
1779135010.7520692,5530,425,503
1779135010.765861,5531,424,505
1779135010.7733045,5532,423,507
1779135010.7871623,5533,420,509
1779135010.795805,5534,416,511
1779135010.8095982,5535,411,512
1779135010.8108058,5536,405,514
1779135010.820826,5537,402,515
1779135010.8296692,5538,398,516
1779135010.8433135,5539,394,518
1779135010.8496747,5540,390,519
1779135010.8633454,5541,384,519
1779135010.8721762,5542,377,520
1779135010.8821566,5543,368,521
1779135010.9122171,5544,358,523
1779135010.9133787,5545,348,523
1779135010.9145875,5546,339,524
1779135010.9233139,5547,331,524
1779135010.939702,5548,325,525
1779135010.9409173,5549,319,525
1779135010.954682,5550,316,526
1779135010.9683292,5551,313,526
1779135010.9695792,5552,315,526
1779135010.982081,5553,315,527
1779135010.9909074,5554,315,526
1779135010.9995627,5555,313,527
1779135011.0246687,5556,311,527
1779135011.0258176,5557,308,527
1779135011.0459461,5558,307,528
1779135011.0471995,5559,306,528
1779135011.0534115,5560,305,529
1779135011.0620813,5561,304,528
1779135011.075825,5562,304,528
1779135011.0845861,5563,304,528
1779135011.093326,5564,304,528
1779135011.107136,5565,305,528
1779135011.1158836,5566,305,528
1779135011.1297665,5567,304,527
1779135011.130947,5568,303,528
1779135011.1409523,5569,302,529
1779135011.1496017,5570,301,528
1779135011.1634164,5571,300,529
1779135011.1720936,5572,298,527
1779135011.180934,5573,296,527
1779135011.1959658,5574,295,527
1779135011.200899,5575,294,526
1779135011.2170646,5576,291,527
1779135011.2183607,5577,289,527
1779135011.232188,5578,287,527
1779135011.2458606,5579,286,526
1779135011.25217,5580,285,526
1779135011.2658565,5581,284,526
1779135011.2746696,5582,284,525
1779135011.2833486,5583,284,524
1779135011.2895677,5584,284,524
1779135011.3021238,5585,284,522
1779135011.310942,5586,285,523
1779135011.3196094,5587,287,522
1779135011.3309684,5588,293,521
1779135011.3446822,5589,305,521
1779135011.3509476,5590,327,519
1779135011.3646395,5591,358,520
1779135011.4035413,5592,399,520
1779135011.4046006,5593,448,520
1779135011.4134712,5594,503,520
1779135011.414655,5595,563,521
1779135011.4159396,5596,626,521
1779135011.4260523,5597,687,521
1779135011.434716,5598,739,522
1779135011.448412,5599,783,523
1779135011.4496617,5600,815,522
1779135011.4597294,5601,834,523
1779135011.4684129,5602,844,521
1779135011.4822025,5603,846,521
1779135011.488434,5604,839,521
1779135011.5022302,5605,824,521
1779135011.5122552,5606,809,520
1779135011.5209465,5607,790,521
1779135011.5523012,5608,771,519
1779135011.5534408,5609,753,520
1779135011.5546384,5610,737,519
1779135011.563467,5611,724,518
1779135011.5747118,5612,711,518
1779135011.583424,5613,698,516
1779135011.59735,5614,685,516
1779135011.6059608,5615,672,515
1779135011.6071718,5616,657,514
1779135011.6209571,5617,639,513
1779135011.6297083,5618,624,512
1779135011.643376,5619,605,510
1779135011.649602,5620,588,509
1779135011.6634014,5621,572,507
1779135011.672258,5622,558,505
1779135011.6858659,5623,543,503
1779135011.6921034,5624,531,500
1779135011.7058327,5625,522,498
1779135011.7145844,5626,513,496
1779135011.7246044,5627,504,493
1779135011.7771227,5628,497,491
1779135011.778337,5629,492,489
1779135011.7795873,5630,484,486
1779135011.7808697,5631,476,483
1779135011.7833629,5632,466,481
1779135011.783378,5633,458,479
1779135011.7933576,5634,450,476
1779135011.8021774,5635,445,474
1779135011.8133605,5636,442,472
1779135011.8220963,5637,439,469
1779135011.832083,5638,435,467
1779135011.8458939,5639,433,465
1779135011.8521082,5640,430,464
1779135011.8658547,5641,426,462
1779135011.874588,5642,423,461
1779135011.8884015,5643,418,460
1779135011.8946111,5644,415,459
1779135011.9083781,5645,412,458
1779135011.9171088,5646,407,458
1779135011.930955,5647,402,457
1779135011.9309702,5648,398,457
1779135011.9396799,5649,395,457
1779135011.9534774,5650,389,457
1779135011.9622052,5651,385,457
1779135011.9709718,5652,379,457
1779135011.9821377,5653,373,458
1779135011.9909668,5654,368,458
1779135012.004634,5655,367,459
1779135012.0133972,5656,365,459
1779135012.0245814,5657,364,460
1779135012.033365,5658,360,460
1779135012.0433724,5659,356,461
1779135012.0571349,5660,352,461
1779135012.0658944,5661,349,462
1779135012.0746381,5662,345,462
1779135012.0884352,5663,344,463
1779135012.0896091,5664,344,463
1779135012.1008737,5665,344,463
1779135012.1296499,5666,344,463
1779135012.1308482,5667,342,464
1779135012.1508875,5668,340,464
1779135012.1521227,5669,339,465
1779135012.1534388,5670,337,465
1779135012.1806285,5671,337,465
1779135012.1808927,5672,338,465
1779135012.1947052,5673,339,465
1779135012.1958842,5674,339,466
1779135012.2096357,5675,338,465
1779135012.2109747,5676,335,464
1779135012.2272234,5677,335,463
1779135012.235937,5678,334,463
1779135012.2521214,5679,333,463
1779135012.253358,5680,332,463
1779135012.2596228,5681,328,463
1779135012.2683895,5682,323,463
1779135012.2821913,5683,319,463
1779135012.2909074,5684,317,462
1779135012.3021936,5685,314,460
1779135012.3109171,5686,312,458
1779135012.3246849,5687,311,455
1779135012.333479,5688,312,453
1779135012.3446724,5689,311,451
1779135012.3571877,5690,311,448
1779135012.3660097,5691,313,446
1779135012.3746753,5692,317,444
1779135012.3860447,5693,324,441
1779135012.3946612,5694,335,440
1779135012.4084997,5695,353,439
1779135012.4096513,5696,380,438
1779135012.420987,5697,416,436
1779135012.4297605,5698,459,435
1779135012.4434407,5699,507,435
1779135012.4521933,5700,561,434
1779135012.4646616,5701,616,433
1779135012.5110302,5702,674,433
1779135012.5121298,5703,728,432
1779135012.5133567,5704,776,432
1779135012.514663,5705,815,431
1779135012.5158637,5706,844,431
1779135012.5259445,5707,862,430
1779135012.5347407,5708,868,429
1779135012.5459664,5709,864,430
1779135012.5547125,5710,851,430
1779135012.5686817,5711,833,430
1779135012.569666,5712,812,431
1779135012.5772033,5713,789,432
1779135012.590991,5714,764,432
1779135012.5998242,5715,741,434
1779135012.6135225,5716,715,434
1779135012.6198268,5717,690,435
1779135012.633404,5718,665,436
1779135012.642231,5719,644,437
1779135012.6559281,5720,625,439
1779135012.6622336,5721,609,440
1779135012.6759613,5722,593,441
1779135012.6846812,5723,578,443
1779135012.6985395,5724,565,444
1779135012.7046666,5725,553,446
1779135012.7184942,5726,545,447
1779135012.7323084,5727,539,449
1779135012.732356,5728,536,451
1779135012.7409952,5729,534,452
1779135012.7522798,5730,536,454
1779135012.7660265,5731,536,455
1779135012.7710357,5732,536,456
1779135012.784877,5733,537,458
1779135012.7922127,5734,534,460
1779135012.8058999,5735,532,461
1779135012.8321185,5736,529,462
1779135012.833377,5737,526,464
1779135012.8346467,5738,520,465
1779135012.8633764,5739,516,467
1779135012.8646464,5740,510,469
1779135012.8921497,5741,501,470
1779135012.8934317,5742,492,471
1779135012.9121716,5743,481,472
1779135012.9147036,5744,472,474
1779135012.9147172,5745,460,475
1779135012.9158885,5746,453,476
1779135012.9208734,5747,443,477
1779135012.9346557,5748,435,478
1779135012.9396417,5749,430,479
1779135012.950987,5750,424,479
1779135012.9648418,5751,421,480
1779135012.9710264,5752,417,480
1779135012.9847443,5753,411,481
1779135012.9909594,5754,404,482
1779135013.0009687,5755,398,482
1779135013.0147617,5756,392,483
1779135013.0234451,5757,388,483
1779135013.0346925,5758,385,483
1779135013.0434701,5759,382,484
1779135013.0496793,5760,382,485
1779135013.0636358,5761,382,486
1779135013.0697508,5762,384,486
1779135013.0834477,5763,384,486
1779135013.0896578,5764,386,487
1779135013.100931,5765,387,487
1779135013.1121984,5766,390,488
1779135013.120951,5767,390,490
1779135013.1347027,5768,387,490
1779135013.143441,5769,386,490
1779135013.1547427,5770,383,490
1779135013.168516,5771,380,490
1779135013.1735857,5772,377,492
1779135013.1872814,5773,375,494
1779135013.1934845,5774,373,496
1779135013.248419,5775,371,497
1779135013.250903,5776,370,497
1779135013.2509098,5777,368,499
1779135013.2521472,5778,365,499
1779135013.2533686,5779,361,499
1779135013.254648,5780,359,499
1779135013.2633982,5781,356,498
1779135013.269653,5782,353,497
1779135013.2834065,5783,352,497
1779135013.2921813,5784,350,496
1779135013.3009512,5785,350,496
1779135013.3122718,5786,354,496
1779135013.3209095,5787,365,496
1779135013.3347068,5788,385,497
1779135013.3434367,5789,417,498
1779135013.3547068,5790,460,498
1779135013.3634486,5791,513,499
1779135013.3722064,5792,578,499
1779135013.3809874,5793,646,501
1779135013.3922539,5794,717,501
1779135013.4008908,5795,786,502
1779135013.414646,5796,847,503
1779135013.4221637,5797,897,503
1779135013.433387,5798,935,503
1779135013.4421668,5799,960,504
1779135013.472249,5800,973,504
1779135013.4734392,5801,975,505
1779135013.474645,5802,968,505
1779135013.4846427,5803,952,507
1779135013.4936023,5804,929,505
1779135013.5072594,5805,903,507
1779135013.5133836,5806,876,506
1779135013.524706,5807,848,507
1779135013.5397809,5808,822,507
1779135013.5397954,5809,796,507
1779135013.5509946,5810,773,508
1779135013.5597484,5811,751,508
1779135013.6096823,5812,729,508
1779135013.6108932,5813,707,509
1779135013.6171563,5814,688,509
1779135013.6183975,5815,669,509
1779135013.6222441,5816,653,510
1779135013.6234062,5817,638,510
1779135013.6347194,5818,626,510
1779135013.6436555,5819,618,511
1779135013.657184,5820,611,511
1779135013.6659796,5821,607,510
1779135013.677268,5822,604,510
1779135013.690954,5823,600,510
1779135013.692171,5824,600,509
1779135013.700896,5825,600,509
1779135013.7121637,5826,598,508
1779135013.7209153,5827,593,507
1779135013.7321746,5828,589,507
1779135013.7409866,5829,584,506
1779135013.7572725,5830,578,505
1779135013.7584536,5831,571,505
1779135013.7721677,5832,563,505
1779135013.7859335,5833,553,505
1779135013.7922134,5834,543,504
1779135013.8060188,5835,533,505
1779135013.8148303,5836,520,505
1779135013.8234026,5837,509,505
1779135013.838432,5838,498,505
1779135013.8434317,5839,490,505
1779135013.849675,5840,484,505
1779135013.8585067,5841,479,505
1779135013.8696868,5842,470,505
1779135013.8784459,5843,460,505
1779135013.8921964,5844,452,505
1779135013.9010122,5845,446,504
1779135013.9121783,5846,442,504
1779135013.9209528,5847,439,504
1779135013.9348354,5848,435,504
1779135013.9660146,5849,432,504
1779135013.9672515,5850,428,503
1779135013.9872832,5851,423,503
1779135013.9885375,5852,419,503
1779135013.989733,5853,415,503
1779135013.9960222,5854,414,504
1779135014.0096908,5855,411,504
1779135014.0109222,5856,411,504
1779135014.0196707,5857,410,504
1779135014.031014,5858,410,504
1779135014.043588,5859,410,505
1779135014.0522816,5860,409,505
1779135014.0610244,5861,407,505
1779135014.0721695,5862,403,506
1779135014.0809493,5863,399,507
1779135014.1121628,5864,394,507
1779135014.1134753,5865,390,507
1779135014.1146617,5866,388,507
1779135014.1246605,5867,387,508
1779135014.1384645,5868,386,508
1779135014.1447048,5869,385,509
1779135014.1559184,5870,384,510
1779135014.169676,5871,382,510
1779135014.1709347,5872,377,511
1779135014.1796887,5873,374,511
1779135014.1909986,5874,371,511
1779135014.204692,5875,370,512
1779135014.2109382,5876,368,512
1779135014.22471,5877,366,512
1779135014.2309523,5878,363,512
1779135014.2447207,5879,362,511
1779135014.2534747,5880,364,511
1779135014.2622447,5881,368,510
1779135014.273523,5882,379,510
1779135014.2822928,5883,401,509
1779135014.2960355,5884,438,509
1779135014.3047569,5885,488,509
1779135014.3472974,5886,547,509
1779135014.3485,5887,618,508
1779135014.357291,5888,696,509
1779135014.3573577,5889,780,509
1779135014.3584378,5890,860,509
1779135014.359702,5891,934,509
1779135014.374742,5892,975,511
1779135014.3797565,5893,975,510
1779135014.3910463,5894,975,511
1779135014.3999076,5895,975,510
1779135014.4138503,5896,975,510
1779135014.422335,5897,975,511
1779135014.4334688,5898,975,511
1779135014.4423075,5899,975,511
1779135014.4536028,5900,975,511
1779135014.462295,5901,975,511
1779135014.4786253,5902,975,513
1779135014.4797573,5903,975,511
1779135014.4886076,5904,975,512
1779135014.5023782,5905,975,512
1779135014.5084703,5906,975,512
1779135014.5222385,5907,975,512
1779135014.531067,5908,975,513
1779135014.539719,5909,975,515
1779135014.5522416,5910,975,514
1779135014.5659816,5911,975,516
1779135014.5710194,5912,975,516
1779135014.584755,5913,975,516
1779135014.5934577,5914,962,518
1779135014.6023016,5915,917,519
1779135014.6160195,5916,872,519
1779135014.6248214,5917,830,519
1779135014.6359766,5918,792,519
1779135014.6499057,5919,758,520
1779135014.6510518,5920,729,520
1779135014.6599114,5921,704,520
1779135014.6710656,5922,678,520
1779135014.7097695,5923,657,520
1779135014.710927,5924,639,520
1779135014.719789,5925,623,519
1779135014.7209277,5926,607,519
1779135014.7221959,5927,595,518
1779135014.752262,5928,581,517
1779135014.7535384,5929,568,516
1779135014.7547722,5930,553,515
1779135014.7634585,5931,538,514
1779135014.777215,5932,521,514
1779135014.7859583,5933,508,513
1779135014.7972124,5934,496,512
1779135014.8109772,5935,484,512
1779135014.8122065,5936,472,511
1779135014.8209765,5937,461,511
1779135014.8322966,5938,451,510
1779135014.841106,5939,442,510
1779135014.8549347,5940,436,510
1779135014.8648753,5941,432,509
1779135014.870977,5942,427,508
1779135014.8847985,5943,420,508
1779135014.8935242,5944,413,508
1779135014.907229,5945,405,507
1779135014.913409,5946,399,506
1779135014.9272087,5947,396,505
1779135014.9359632,5948,393,504
1779135014.949761,5949,391,504
1779135014.9559422,5950,391,503
1779135014.969792,5951,389,502
1779135014.9709525,5952,384,501
1779135014.979749,5953,381,500
1779135014.9909544,5954,374,499
1779135014.9997473,5955,368,499
1779135015.0134597,5956,363,498
1779135015.0222266,5957,355,498
1779135015.0334651,5958,347,497
1779135015.0422206,5959,339,496
1779135015.0760307,5960,335,496
1779135015.077297,5961,331,496
1779135015.088428,5962,329,496
1779135015.089763,5963,328,496
1779135015.0948787,5964,327,496
1779135015.1035097,5965,327,496
1779135015.11501,5966,327,496
1779135015.1284702,5967,325,496
1779135015.1297884,5968,322,496
1779135015.1384985,5969,321,496
1779135015.1497645,5970,321,496
1779135015.158575,5971,321,496
1779135015.1721919,5972,321,496
1779135015.1797476,5973,322,496
1779135015.1909633,5974,325,495
1779135015.199865,5975,334,494
1779135015.2134683,5976,352,494
1779135015.2222166,5977,383,493
1779135015.233482,5978,429,493
1779135015.2422044,5979,489,492
1779135015.255972,5980,565,492
1779135015.2648127,5981,652,492
1779135015.2760062,5982,744,492
1779135015.2872424,5983,840,491
1779135015.3022785,5984,932,492
1779135015.302318,5985,975,491
1779135015.3085077,5986,975,492
1779135015.3225007,5987,975,491
1779135015.3310316,5988,975,492
1779135015.3398745,5989,975,492
1779135015.3510323,5990,975,491
1779135015.3598819,5991,975,491
1779135015.3948708,5992,975,491
1779135015.396045,5993,975,491
1779135015.3973033,5994,975,489
1779135015.4022853,5995,975,489
1779135015.4322255,5996,975,489
1779135015.4334714,5997,975,488
1779135015.4572303,5998,975,489
1779135015.458453,5999,975,488
1779135015.4609706,6000,975,488
1779135015.4609768,6001,975,487
1779135015.472228,6002,975,488
1779135015.4811635,6003,953,488
1779135015.4947693,6004,889,488
1779135015.500967,6005,826,488
1779135015.5173125,6006,767,488
1779135015.5184927,6007,713,488
1779135015.5322654,6008,669,488
1779135015.5459917,6009,633,488
1779135015.5522451,6010,602,489
1779135015.5660214,6011,578,490
1779135015.5747721,6012,559,490
1779135015.5834646,6013,545,491
1779135015.59482,6014,536,491
1779135015.6035311,6015,528,492
1779135015.6184936,6016,523,492
1779135015.618512,6017,519,491
1779135015.629789,6018,512,491
1779135015.6434736,6019,505,490
1779135015.6498191,6020,496,488
1779135015.6634564,6021,484,487
1779135015.6697807,6022,475,486
1779135015.683459,6023,464,484
1779135015.6922474,6024,451,483
1779135015.7035139,6025,436,481
1779135015.714766,6026,422,479
1779135015.7234514,6027,408,478
1779135015.73721,6028,394,476
1779135015.7459798,6029,380,474
1779135015.7572587,6030,368,472
1779135015.771008,6031,355,471
1779135015.7721977,6032,344,468
1779135015.7985415,6033,335,467
1779135015.7997842,6034,325,465
1779135015.824772,6035,317,464
1779135015.8259542,6036,309,463
1779135015.8322482,6037,303,462
1779135015.8334758,6038,296,462
1779135015.843519,6039,291,462
1779135015.8523202,6040,288,460
1779135015.8659875,6041,286,460
1779135015.8722916,6042,285,460
1779135015.8860433,6043,286,460
1779135015.8947487,6044,288,460
1779135015.9085023,6045,291,460
1779135015.9172628,6046,292,458
1779135015.931088,6047,294,457
1779135015.9323142,6048,294,456
1779135015.9410052,6049,293,455
1779135015.9522998,6050,289,455
1779135015.961106,6051,287,455
1779135015.9748695,6052,285,454
1779135015.9836123,6053,280,454
1779135015.9948494,6054,276,453
1779135016.0035803,6055,271,451
1779135016.0361362,6056,270,451
1779135016.0373206,6057,270,450
1779135016.038563,6058,269,449
1779135016.0485747,6059,268,447
1779135016.0572677,6060,267,446
1779135016.065995,6061,264,445
1779135016.07724,6062,263,444
1779135016.0909932,6063,265,444
1779135016.0922143,6064,273,443
1779135016.1010144,6065,292,442
1779135016.112245,6066,323,441
1779135016.1209953,6067,367,441
1779135016.1322482,6068,424,440
1779135016.1860793,6069,494,440
1779135016.1873264,6070,573,440
1779135016.1885653,6071,658,440
1779135016.1898646,6072,745,440
1779135016.1910517,6073,826,440
1779135016.1973183,6074,897,440
1779135016.206055,6075,951,439
1779135016.2148044,6076,975,436
1779135016.2235055,6077,975,436
1779135016.2347815,6078,975,435
1779135016.2486053,6079,975,435
1779135016.2498674,6080,975,434
1779135016.2586064,6081,974,433
1779135016.2698357,6082,935,434
1779135016.278622,6083,890,433
1779135016.292319,6084,843,432
1779135016.3012962,6085,793,432
1779135016.312294,6086,746,431
1779135016.321121,6087,700,430
1779135016.3374496,6088,655,429
1779135016.3385212,6089,613,429
1779135016.354832,6090,574,428
1779135016.3635595,6091,537,428
1779135016.3773658,6092,508,427
1779135016.386079,6093,482,427
1779135016.397366,6094,461,426
1779135016.4111738,6095,444,426
1779135016.4123735,6096,435,426
1779135016.4210603,6097,431,427
1779135016.4323106,6098,431,427
1779135016.4461007,6099,432,428
1779135016.4510136,6100,438,429
1779135016.464835,6101,445,430
1779135016.471155,6102,452,430
1779135016.484813,6103,462,429
1779135016.4935262,6104,467,427
1779135016.5072582,6105,469,425
1779135016.5473077,6106,467,423
1779135016.5485249,6107,463,420
1779135016.5649843,6108,456,419
1779135016.566262,6109,446,417
1779135016.5672505,6110,434,415
1779135016.5686314,6111,419,414
1779135016.5835123,6112,406,412
1779135016.583526,6113,391,409
1779135016.5898128,6114,377,408
1779135016.5984752,6115,365,406
1779135016.6122415,6116,354,403
1779135016.621046,6117,344,401
1779135016.6322834,6118,334,399
1779135016.6410167,6119,325,396
1779135016.6761048,6120,319,394
1779135016.677304,6121,312,392
1779135016.6785028,6122,307,390
1779135016.6834905,6123,300,389
1779135016.697354,6124,294,387
1779135016.7023704,6125,288,384
1779135016.7186246,6126,284,381
1779135016.719879,6127,283,379
1779135016.728656,6128,283,376
1779135016.7423732,6129,283,375
1779135016.7484984,6130,284,372
1779135016.7586317,6131,286,371
1779135016.7723155,6132,288,369
1779135016.7810194,6133,290,368
1779135016.7922485,6134,291,366
1779135016.8009832,6135,292,364
1779135016.8147786,6136,294,363
1779135016.8235402,6137,295,361
1779135016.8347905,6138,297,359
1779135016.8485143,6139,297,358
1779135016.8535132,6140,298,356
1779135016.864759,6141,299,355
1779135016.8760133,6142,304,354
1779135016.9061332,6143,314,354
1779135016.924857,6144,334,353
1779135016.9249094,6145,367,353
1779135016.9260726,6146,412,352
1779135016.928564,6147,470,352
1779135016.929836,6148,540,351
1779135016.9435353,6149,619,351
1779135016.9498074,6150,704,351
1779135016.964792,6151,783,351
1779135016.971033,6152,860,352
1779135016.9848082,6153,924,351
1779135016.9909976,6154,971,353
1779135017.0048141,6155,975,352
1779135017.0135071,6156,975,354
1779135017.0222802,6157,975,356
1779135017.0335035,6158,975,358
1779135017.0422442,6159,975,359
1779135017.0622554,6160,975,359
1779135017.062277,6161,975,362
1779135017.0722568,6162,937,364
1779135017.081048,6163,890,366
1779135017.089862,6164,839,367
1779135017.1035767,6165,785,368
1779135017.1097775,6166,736,370
1779135017.1235251,6167,687,372
1779135017.1322818,6168,644,373
1779135017.1411145,6169,605,375
1779135017.1524205,6170,569,376
1779135017.1660974,6171,538,379
1779135017.1722736,6172,510,381
1779135017.1860228,6173,487,384
1779135017.1922836,6174,469,387
1779135017.2060814,6175,458,389
1779135017.2072694,6176,452,392
1779135017.221038,6177,448,395
1779135017.232286,6178,450,398
1779135017.241006,6179,454,400
1779135017.266037,6180,460,403
1779135017.2672558,6181,463,406
1779135017.2922711,6182,466,409
1779135017.2935054,6183,467,412
1779135017.3186302,6184,468,415
1779135017.3198144,6185,467,417
1779135017.3312235,6186,464,420
1779135017.3323648,6187,460,423
1779135017.3335185,6188,455,425
1779135017.347525,6189,450,427
1779135017.3560998,6190,442,428
1779135017.3698554,6191,432,430
1779135017.3710594,6192,420,431
1779135017.3798528,6193,410,433
1779135017.3911052,6194,401,434
1779135017.4048822,6195,392,435
1779135017.4111328,6196,384,436
1779135017.4248383,6197,378,437
1779135017.4310992,6198,371,439
1779135017.4448743,6199,363,439
1779135017.4537122,6200,355,439
1779135017.4623694,6201,346,439
1779135017.4737437,6202,339,440
1779135017.4823956,6203,332,441
1779135017.4936535,6204,323,442
1779135017.5074644,6205,315,443
1779135017.5136778,6206,307,444
1779135017.5273917,6207,302,444
1779135017.5286143,6208,296,445
1779135017.5424507,6209,291,444
1779135017.548592,6210,288,444
1779135017.5629082,6211,284,444
1779135017.571171,6212,282,445
1779135017.579876,6213,281,446
1779135017.5910199,6214,283,446
1779135017.5997806,6215,287,448
1779135017.6135194,6216,298,448
1779135017.6385605,6217,318,450
1779135017.639777,6218,351,451
1779135017.6586149,6219,399,453
1779135017.6597805,6220,465,454
1779135017.6610465,6221,547,455
1779135017.6772954,6222,642,457
1779135017.6860569,6223,744,458
1779135017.6872542,6224,847,460
1779135017.7035089,6225,947,461
1779135017.7097898,6226,975,462
1779135017.7236242,6227,975,463
1779135017.7298808,6228,975,463
1779135017.743555,6229,975,463
1779135017.7497783,6230,975,463
1779135017.7635753,6231,975,463
1779135017.7723272,6232,975,462
1779135017.7810256,6233,975,463
1779135017.7923386,6234,975,462
1779135017.8010619,6235,975,462
1779135017.8110108,6236,975,463
1779135017.8248153,6237,975,462
1779135017.8360443,6238,975,463
1779135017.8498087,6239,975,463
1779135017.8510478,6240,975,463
1779135017.8597896,6241,975,464
1779135017.8710678,6242,975,463
1779135017.8798797,6243,975,463
1779135017.8935957,6244,974,463
1779135017.902505,6245,886,463
1779135017.9123952,6246,798,464
1779135017.9210868,6247,716,465
1779135017.9524777,6248,645,465
1779135017.9535682,6249,583,465
1779135017.9548762,6250,532,466
1779135017.9648519,6251,492,467
1779135017.973542,6252,462,467
1779135018.0073915,6253,440,468
1779135018.0297918,6254,427,469
1779135018.03102,6255,422,470
1779135018.032331,6256,419,470
1779135018.0341692,6257,420,470
1779135018.0349085,6258,420,470
1779135018.0498316,6259,418,470
1779135018.0511837,6260,414,470
1779135018.059892,6261,408,470
1779135018.071058,6262,401,468
1779135018.0848138,6263,393,468
1779135018.0910544,6264,382,468
1779135018.1148398,6265,365,468
1779135018.1160936,6266,348,468
1779135018.1236494,6267,331,469
1779135018.132427,6268,314,469
1779135018.1460962,6269,301,470
1779135018.1523094,6270,290,470
1779135018.1661031,6271,282,470
1779135018.1673105,6272,278,470
1779135018.181036,6273,279,471
1779135018.1923082,6274,282,472
1779135018.2010598,6275,287,473
1779135018.2186592,6276,296,475
1779135018.21992,6277,306,475
1779135018.236064,6278,317,476
1779135018.2423303,6279,327,476
1779135018.2560768,6280,338,478
1779135018.2648191,6281,348,480
1779135018.2761333,6282,354,482
1779135018.2848225,6283,359,484
1779135018.2985733,6284,364,486
1779135018.3073332,6285,367,487
1779135018.3186402,6286,367,489
1779135018.3299935,6287,363,491
1779135018.3300314,6288,354,491
1779135018.3387444,6289,344,493
1779135018.3911545,6290,333,494
1779135018.3923707,6291,323,494
1779135018.3936386,6292,313,495
1779135018.3948276,6293,307,496
1779135018.3960574,6294,313,496
1779135018.4049067,6295,334,497
1779135018.4186401,6296,371,497
1779135018.419856,6297,429,498
1779135018.4360948,6298,504,497
1779135018.4423583,6299,592,498
1779135018.456358,6300,690,497
1779135018.4649882,6301,790,497
1779135018.4736018,6302,888,496
1779135018.4848304,6303,970,497
1779135018.4937932,6304,975,494
1779135018.4987254,6305,975,494
1779135018.5123558,6306,975,492
1779135018.5185664,6307,975,491
1779135018.5323956,6308,975,491
1779135018.5398157,6309,975,488
1779135018.553691,6310,975,487
1779135018.5598872,6311,975,485
1779135018.5925531,6312,975,484
1779135018.5935912,6313,975,481
1779135018.594889,6314,975,480
1779135018.6036048,6315,975,478
1779135018.6174796,6316,975,477
1779135018.6223598,6317,934,475
1779135018.6364634,6318,880,472
1779135018.6425366,6319,822,470
1779135018.65126,6320,763,469
1779135018.6599433,6321,705,467
1779135018.6685746,6322,652,466
1779135018.6799068,6323,602,464
1779135018.688829,6324,559,463
1779135018.7024348,6325,523,462
1779135018.7112174,6326,492,461
1779135018.7561696,6327,470,460
1779135018.7573063,6328,452,460
1779135018.7661042,6329,442,459
1779135018.7673247,6330,436,458
1779135018.7685893,6331,432,458
1779135018.7735689,6332,433,457
1779135018.787415,6333,435,457
1779135018.7936606,6334,439,456
1779135018.8049047,6335,441,455
1779135018.8135653,6336,443,455
1779135018.818695,6337,440,454
1779135018.8324437,6338,438,454
1779135018.8386765,6339,434,453
1779135018.8524203,6340,429,452
1779135018.8611703,6341,424,452
1779135018.8748426,6342,420,451
1779135018.8811748,6343,413,451
1779135018.8948188,6344,403,450
1779135018.9011607,6345,390,449
1779135018.9148219,6346,377,449
1779135018.921088,6347,364,449
1779135018.934869,6348,353,449
1779135018.9436176,6349,343,448
1779135018.9524224,6350,337,448
1779135018.9636154,6351,332,448
1779135018.9698617,6352,331,447
1779135018.9786682,6353,331,447
1779135018.9924247,6354,335,447
1779135018.9986112,6355,336,447
1779135019.0124307,6356,339,447
1779135019.0211535,6357,341,446
1779135019.0298963,6358,344,446
1779135019.0411582,6359,345,445
1779135019.0499969,6360,346,444
1779135019.0636532,6361,347,444
1779135019.0748954,6362,345,445
1779135019.0811548,6363,343,446
1779135019.1061876,6364,337,447
1779135019.1073158,6365,332,447
1779135019.132445,6366,324,447
1779135019.133594,6367,316,448
1779135019.1561778,6368,308,448
1779135019.1573503,6369,300,448
1779135019.1585953,6370,293,448
1779135019.1598406,6371,287,449
1779135019.1761038,6372,284,449
1779135019.1773248,6373,283,450
1779135019.1912997,6374,289,451
1779135019.2024477,6375,308,451
1779135019.2274768,6376,344,451
1779135019.2286832,6377,396,452
1779135019.239905,6378,470,453
1779135019.2410922,6379,557,454
1779135019.2560904,6380,658,455
1779135019.2649188,6381,763,455
1779135019.281156,6382,867,456
1779135019.2823498,6383,958,457
1779135019.2986455,6384,975,457
1779135019.2986655,6385,975,459
1779135019.3123689,6386,975,459
1779135019.318595,6387,975,459
1779135019.332397,6388,975,460
1779135019.3411863,6389,975,460
1779135019.3500638,6390,975,461
1779135019.3611615,6391,975,462
1779135019.3699098,6392,975,464
1779135019.3874397,6393,975,463
1779135019.388702,6394,975,464
1779135019.4048512,6395,975,464
1779135019.4136145,6396,975,467
1779135019.4223583,6397,975,466
1779135019.4361346,6398,975,466
1779135019.4423826,6399,930,467
1779135019.4511886,6400,865,467
1779135019.476186,6401,797,467
1779135019.4773805,6402,731,468
1779135019.502452,6403,667,468
1779135019.5036027,6404,611,468
1779135019.5261266,6405,562,468
1779135019.527311,6406,524,468
1779135019.5285888,6407,495,467
1779135019.5298405,6408,476,467
1779135019.5449064,6409,463,467
1779135019.5510828,6410,457,466
1779135019.5624285,6411,455,465
1779135019.571144,6412,455,465
1779135019.5848844,6413,459,464
1779135019.5923824,6414,461,464
1779135019.603621,6415,465,464
1779135019.6101007,6416,471,464
1779135019.618632,6417,472,464
1779135019.6324034,6418,472,464
1779135019.6386275,6419,471,464
1779135019.6523876,6420,465,464
1779135019.6611338,6421,458,465
1779135019.6748676,6422,445,465
1779135019.681107,6423,427,465
1779135019.6948843,6424,408,466
1779135019.7036011,6425,388,466
1779135019.7173936,6426,367,467
1779135019.7236187,6427,345,467
1779135019.7374623,6428,325,467
1779135019.746136,6429,307,467
1779135019.7599304,6430,291,467
1779135019.7711189,6431,275,467
1779135019.7723413,6432,261,467
1779135019.786201,6433,249,467
1779135019.7873433,6434,240,467
1779135019.8036373,6435,231,467
1779135019.8123863,6436,226,467
1779135019.839943,6437,222,468
1779135019.8411207,6438,221,468
1779135019.846158,6439,219,469
1779135019.8786628,6440,218,470
1779135019.8798337,6441,216,470
1779135019.9049966,6442,211,470
1779135019.927403,6443,210,471
1779135019.9286003,6444,208,472
1779135019.929873,6445,208,472
1779135019.9310863,6446,210,473
1779135019.932331,6447,212,473
1779135019.9335926,6448,216,475
1779135019.9436562,6449,220,475
1779135019.9523764,6450,225,476
1779135019.9586308,6451,232,476
1779135019.9724045,6452,240,477
1779135019.981098,6453,249,478
1779135019.9899282,6454,256,480
1779135020.0011663,6455,263,482
1779135020.0100255,6456,268,483
1779135020.0212314,6457,270,484
1779135020.034913,6458,270,486
1779135020.041135,6459,268,486
1779135020.0549877,6460,263,487
1779135020.063599,6461,257,488
1779135020.0723624,6462,248,488
1779135020.0836916,6463,240,489
1779135020.0924516,6464,235,489
1779135020.1013227,6465,233,489
1779135020.1099997,6466,239,489
1779135020.1223874,6467,256,489
1779135020.1362152,6468,289,489
1779135020.141156,6469,340,490
1779135020.1549506,6470,408,489
1779135020.1612155,6471,489,489
1779135020.174917,6472,582,489
1779135020.18381,6473,679,490
1779135020.208881,6474,778,489
1779135020.2100053,6475,869,489
1779135020.2349627,6476,945,488
1779135020.2361476,6477,975,488
1779135020.2561696,6478,975,487
1779135020.25744,6479,975,487
1779135020.2587197,6480,975,486
1779135020.2598948,6481,975,486
1779135020.2738123,6482,975,487
1779135020.2786608,6483,975,487
1779135020.2924964,6484,975,487
1779135020.3011742,6485,975,489
1779135020.3099012,6486,968,490
1779135020.3213065,6487,922,492
1779135020.332629,6488,877,493
1779135020.3412285,6489,833,494
1779135020.354964,6490,792,494
1779135020.3611612,6491,750,496
1779135020.3749237,6492,709,497
1779135020.3836632,6493,668,498
1779135020.392447,6494,630,499
1779135020.403772,6495,592,501
1779135020.412437,6496,558,502
1779135020.4212184,6497,526,504
1779135020.4300365,6498,499,504
1779135020.4412105,6499,475,505
1779135020.4500046,6500,453,506
1779135020.4636738,6501,434,507
1779135020.4724932,6502,421,508
1779135020.4836755,6503,412,508
1779135020.5174713,6504,407,509
1779135020.5186853,6505,404,509
1779135020.5199232,6506,403,509
1779135020.5211701,6507,401,510
1779135020.5361981,6508,397,509
1779135020.5449612,6509,392,510
1779135020.5962522,6510,389,510
1779135020.5973744,6511,383,510
1779135020.5986216,6512,380,509
1779135020.5998662,6513,376,509
1779135020.601138,6514,371,508
1779135020.6023614,6515,365,508
1779135020.6175046,6516,357,507
1779135020.6186712,6517,350,507
1779135020.6324704,6518,343,506
1779135020.643685,6519,333,505
1779135020.6524127,6520,322,504
1779135020.666163,6521,312,504
1779135020.6748958,6522,302,503
1779135020.6861763,6523,294,502
1779135020.6949048,6524,287,500
1779135020.708693,6525,280,499
1779135020.717434,6526,275,498
1779135020.7286806,6527,271,496
1779135020.7424593,6528,271,494
1779135020.7424905,6529,272,491
1779135020.7512355,6530,274,488
1779135020.762361,6531,276,485
1779135020.7711952,6532,279,480
1779135020.784952,6533,281,478
1779135020.7936387,6534,285,475
1779135020.8049383,6535,286,473
1779135020.8137586,6536,285,470
1779135020.827414,6537,284,467
1779135020.836215,6538,284,464
1779135020.8474085,6539,282,462
1779135020.8561647,6540,279,459
1779135020.8699315,6541,277,457
1779135020.8786726,6542,276,456
1779135020.895099,6543,275,455
1779135020.89513,6544,274,453
1779135020.8963282,6545,273,451
1779135020.90991,6546,272,450
1779135020.9186726,6547,270,448
1779135020.948715,6548,270,447
1779135020.9499493,6549,269,444
1779135020.97503,6550,266,443
1779135020.9764102,6551,263,441
1779135020.9962053,6552,261,440
1779135020.9975603,6553,259,440
1779135020.9986796,6554,259,439
1779135020.9999652,6555,262,438
1779135021.0162282,6556,263,436
1779135021.0248837,6557,268,436
1779135021.0336123,6558,272,434
1779135021.0474176,6559,277,433
1779135021.0486295,6560,281,432
1779135021.0612676,6561,285,431
1779135021.0698745,6562,288,431
1779135021.0836818,6563,292,430
1779135021.0899067,6564,300,428
1779135021.1036859,6565,314,427
1779135021.1124449,6566,341,426
1779135021.1211412,6567,380,425
1779135021.1524122,6568,434,424
1779135021.1536176,6569,504,423
1779135021.1548827,6570,584,423
1779135021.1636791,6571,671,422
1779135021.1749358,6572,758,420
1779135021.1838,6573,841,420
1779135021.1976054,6574,912,421
1779135021.2061822,6575,967,419
1779135021.2074711,6576,975,419
1779135021.2224307,6577,975,420
1779135021.2312624,6578,975,420
1779135021.2399666,6579,975,421
1779135021.2511709,6580,975,424
1779135021.2637343,6581,975,424
1779135021.2725313,6582,975,425
1779135021.2813225,6583,941,428
1779135021.3325381,6584,900,428
1779135021.3337157,6585,858,428
1779135021.334931,6586,816,429
1779135021.336245,6587,775,427
1779135021.33755,6588,736,426
1779135021.3475287,6589,700,425
1779135021.3562624,6590,668,424
1779135021.3677099,6591,638,423
1779135021.3686972,6592,611,421
1779135021.383679,6593,585,420
1779135021.3924491,6594,563,419
1779135021.406263,6595,542,417
1779135021.4124084,6596,525,416
1779135021.426187,6597,511,415
1779135021.4349685,6598,499,413
1779135021.4437087,6599,489,412
1779135021.4549484,6600,485,410
1779135021.463735,6601,481,408
1779135021.4761717,6602,478,407
1779135021.4849396,6603,477,406
1779135021.496224,6604,475,403
1779135021.5049255,6605,470,402
1779135021.5187476,6606,463,400
1779135021.5324888,6607,454,398
1779135021.5336604,6608,443,396
1779135021.5387638,6609,432,394
1779135021.5524833,6610,420,391
1779135021.5612433,6611,410,388
1779135021.5712578,6612,399,385
1779135021.5799477,6613,387,383
1779135021.5937233,6614,379,380
1779135021.6025302,6615,368,377
1779135021.6137314,6616,359,375
1779135021.6224647,6617,350,372
1779135021.6362329,6618,342,370
1779135021.6450078,6619,335,367
1779135021.6565197,6620,331,365
1779135021.7013116,6621,329,362
1779135021.7024348,6622,328,359
1779135021.7036994,6623,326,356
1779135021.7049358,6624,324,352
1779135021.7062604,6625,321,349
1779135021.7137227,6626,321,345
1779135021.7224865,6627,317,343
1779135021.7337239,6628,315,340
1779135021.7424674,6629,313,338
1779135021.756241,6630,312,336
1779135021.7649343,6631,308,334
1779135021.7962995,6632,304,332
1779135021.797434,6633,300,330
1779135021.7986844,6634,297,328
1779135021.8124516,6635,295,326
1779135021.813728,6636,294,324
1779135021.8287582,6637,294,323
1779135021.8374686,6638,295,321
1779135021.8512356,6639,295,320
1779135021.8524687,6640,297,319
1779135021.8625314,6641,299,318
1779135021.8712118,6642,300,317
1779135021.8800745,6643,303,317
1779135021.8912592,6644,306,317
1779135021.9049857,6645,308,318
1779135021.911309,6646,309,319
1779135021.9249423,6647,310,320
1779135021.9312305,6648,311,321
1779135021.9449732,6649,310,322
1779135021.9537663,6650,307,323
1779135021.9625938,6651,302,325
1779135021.9736893,6652,297,327
1779135021.9824593,6653,290,329
1779135021.9936864,6654,286,331
1779135022.0074282,6655,285,333
1779135022.0087104,6656,288,335
1779135022.0237308,6657,293,337
1779135022.0487611,6658,304,338
1779135022.049953,6659,325,340
1779135022.0749521,6660,359,342
1779135022.0761492,6661,406,343
1779135022.0975523,6662,469,344
1779135022.0986676,6663,541,344
1779135022.0999308,6664,620,344
1779135022.1011643,6665,705,344
1779135022.1162271,6666,785,344
1779135022.1249337,6667,859,344
1779135022.1362257,6668,921,341
1779135022.1449902,6669,966,341
1779135022.1587396,6670,975,337
1779135022.167457,6671,975,337
1779135022.1686635,6672,975,335
1779135022.1837149,6673,975,335
1779135022.1924698,6674,967,332
1779135022.201207,6675,929,332
1779135022.2125242,6676,887,332
1779135022.2212186,6677,846,332
1779135022.234941,6678,807,333
1779135022.2437243,6679,769,335
1779135022.254975,6680,733,336
1779135022.2637205,6681,699,337
1779135022.2775836,6682,664,339
1779135022.286204,6683,633,341
1779135022.2986863,6684,605,344
1779135022.3074381,6685,579,346
1779135022.3162155,6686,559,349
1779135022.330066,6687,543,352
1779135022.331179,6688,531,355
1779135022.3412461,6689,524,359
1779135022.3500156,6690,521,364
1779135022.3637054,6691,524,367
1779135022.3699596,6692,528,371
1779135022.3838177,6693,531,375
1779135022.3924918,6694,535,380
1779135022.4175584,6695,536,384
1779135022.4187033,6696,537,388
1779135022.443813,6697,537,393
1779135022.445135,6698,535,398
1779135022.470019,6699,528,403
1779135022.471284,6700,520,408
1779135022.4824367,6701,508,414
1779135022.4837213,6702,492,419
1779135022.4849017,6703,474,423
1779135022.4936652,6704,455,428
1779135022.5100548,6705,436,432
1779135022.5112708,6706,420,436
1779135022.5200472,6707,406,440
1779135022.5312684,6708,395,444
1779135022.5400229,6709,387,448
1779135022.553695,6710,378,451
1779135022.5624642,6711,370,455
1779135022.573684,6712,365,459
1779135022.5824845,6713,359,463
1779135022.5963492,6714,355,466
1779135022.6050491,6715,352,471
1779135022.6166735,6716,349,474
1779135022.625002,6717,345,477
1779135022.638791,6718,343,480
1779135022.6475134,6719,340,483
1779135022.6488,6720,340,486
1779135022.6637585,6721,339,489
1779135022.672468,6722,340,491
1779135022.6812022,6723,336,494
1779135022.6924317,6724,330,496
1779135022.7013614,6725,324,498
1779135022.717515,6726,319,501
1779135022.7187514,6727,316,503
1779135022.7350607,6728,313,505
1779135022.7437596,6729,312,507
1779135022.757527,6730,312,508
1779135022.8012981,6731,314,510
1779135022.8024607,6732,318,512
1779135022.803779,6733,320,513
1779135022.8049397,6734,321,516
1779135022.8061886,6735,321,518
1779135022.8262453,6736,320,519
1779135022.8262882,6737,318,521
1779135022.8275497,6738,315,523
1779135022.8412755,6739,311,524
1779135022.8525143,6740,308,525
1779135022.861313,6741,304,527
1779135022.8751147,6742,301,528
1779135022.8838882,6743,297,529
1779135022.895041,6744,299,531
1779135022.9038436,6745,307,532
1779135022.9175715,6746,326,533
1779135022.9262493,6747,359,534
1779135022.9362624,6748,409,536
1779135022.9450605,6749,477,537
1779135022.958852,6750,560,538
1779135022.967442,6751,652,539
1779135022.968763,6752,747,540
1779135022.983783,6753,837,540
1779135022.9924736,6754,919,540
1779135023.0012243,6755,975,542
1779135023.012473,6756,975,542
1779135023.0212157,6757,975,543
1779135023.0350094,6758,975,543
1779135023.0412493,6759,975,544
1779135023.070064,6760,975,544
1779135023.0713038,6761,975,545
1779135023.0800362,6762,975,545
1779135023.0812836,6763,975,545
1779135023.0975783,6764,975,546
1779135023.106295,6765,975,547
1779135023.1201053,6766,943,546
1779135023.126233,6767,894,547
1779135023.1512523,6768,843,547
1779135023.1524515,6769,794,547
1779135023.1775603,6770,748,547
1779135023.178855,6771,704,547
1779135023.201261,6772,664,546
1779135023.2024803,6773,627,546
1779135023.2038236,6774,596,545
1779135023.2049534,6775,573,545
1779135023.2211924,6776,554,544
1779135023.2224503,6777,541,543
1779135023.2311893,6778,536,542
1779135023.242453,6779,532,542
1779135023.2538338,6780,533,541
1779135023.2624583,6781,534,540
1779135023.2762341,6782,533,539
1779135023.2849634,6783,533,539
1779135023.2862074,6784,530,538
1779135023.3012147,6785,526,537
1779135023.309955,6786,519,537
1779135023.3238504,6787,510,536
1779135023.3300512,6788,499,536
1779135023.3426127,6789,489,535
1779135023.351373,6790,478,535
1779135023.3650222,6791,465,534
1779135023.3712344,6792,452,534
1779135023.3849797,6793,438,533
1779135023.393824,6794,421,533
1779135023.4025915,6795,407,533
1779135023.4140234,6796,393,532
1779135023.4224987,6797,380,532
1779135023.436257,6798,365,532
1779135023.4488633,6799,352,531
1779135023.4499772,6800,343,531
1779135023.4602506,6801,332,530
1779135023.4738717,6802,325,530
1779135023.4789448,6803,319,531
1779135023.4950764,6804,312,531
1779135023.5200796,6805,308,531
1779135023.521288,6806,303,531
1779135023.5415869,6807,299,531
1779135023.5426087,6808,295,531
1779135023.5438192,6809,294,532
1779135023.5539675,6810,294,533
1779135023.562493,6811,294,534
1779135023.5737734,6812,295,535
1779135023.5824847,6813,296,535
1779135023.5961983,6814,298,535
1779135023.6049547,6815,300,535
1779135023.606237,6816,304,536
1779135023.621314,6817,309,536
1779135023.6300695,6818,312,537
1779135023.6438596,6819,311,539
1779135023.6500502,6820,308,539
1779135023.661319,6821,304,539
1779135023.6750987,6822,302,539
1779135023.6838143,6823,298,539
1779135023.7124958,6824,295,539
1779135023.7137537,6825,290,539
1779135023.7149837,6826,285,539
1779135023.7287865,6827,281,538
1779135023.7351184,6828,277,538
1779135023.7438378,6829,276,537
1779135023.7600453,6830,279,537
1779135023.7612824,6831,291,537
1779135023.772498,6832,317,537
1779135023.781335,6833,359,537
1779135023.7900772,6834,419,536
1779135023.8039227,6835,494,537
1779135023.810114,6836,579,537
1779135023.8239248,6837,670,537
1779135023.832589,6838,762,537
1779135023.846226,6839,848,537
1779135023.852485,6840,923,537
1779135023.9050233,6841,974,537
1779135023.9068596,6842,975,536
1779135023.907472,6843,975,536
1779135023.908753,6844,975,538
1779135023.9099684,6845,975,537
1779135023.9200118,6846,975,537
1779135023.9287837,6847,975,537
1779135023.9299834,6848,975,537
1779135023.9449866,6849,948,537
1779135023.9462159,6850,901,538
1779135023.9600904,6851,854,539
1779135023.972574,6852,805,540
1779135023.9812324,6853,757,541
1779135023.9949856,6854,711,541
1779135024.003814,6855,669,543
1779135024.0149722,6856,631,543
1779135024.0237997,6857,598,544
1779135024.037513,6858,570,546
1779135024.0462093,6859,547,547
1779135024.05751,6860,528,548
1779135024.066231,6861,516,550
1779135024.0763152,6862,510,551
1779135024.0900166,6863,509,552
1779135024.091243,6864,512,553
1779135024.101353,6865,515,554
1779135024.1100628,6866,522,555
1779135024.123765,6867,528,556
1779135024.1299806,6868,533,557
1779135024.1438088,6869,534,558
1779135024.1524918,6870,534,559
1779135024.1662242,6871,530,560
1779135024.1724749,6872,524,561
1779135024.1837828,6873,516,562
1779135024.1975636,6874,505,562
1779135024.206304,6875,491,563
1779135024.2174816,6876,475,564
1779135024.242535,6877,459,564
1779135024.2438126,6878,442,566
1779135024.26883,6879,425,566
1779135024.2699654,6880,409,566
1779135024.281256,6881,395,567
1779135024.2824628,6882,383,567
1779135024.2837734,6883,371,567
1779135024.2962487,6884,363,567
1779135024.3012426,6885,355,568
1779135024.3100803,6886,352,568
1779135024.3238971,6887,348,568
1779135024.352614,6888,345,568
1779135024.3538508,6889,343,568
1779135024.3549685,6890,342,567
1779135024.368878,6891,341,566
1779135024.3701777,6892,338,566
1779135024.385218,6893,337,566
1779135024.393825,6894,338,567
1779135024.4051042,6895,339,568
1779135024.406287,6896,340,569
1779135024.4215176,6897,340,569
1779135024.4350548,6898,341,568
1779135024.4400702,6899,343,568
1779135024.4513083,6900,345,568
1779135024.465072,6901,345,567
1779135024.471262,6902,342,567
1779135024.485217,6903,337,566
1779135024.4913793,6904,335,567
1779135024.507572,6905,332,566
1779135024.508798,6906,333,566
1779135024.5226007,6907,342,566
1779135024.5338585,6908,364,566
1779135024.5425856,6909,402,566
1779135024.5562882,6910,459,566
1779135024.5650263,6911,529,566
1779135024.5662472,6912,613,567
1779135024.5813594,6913,702,567
1779135024.5900466,6914,796,567
1779135024.6427898,6915,884,568
1779135024.6439402,6916,962,568
1779135024.645038,6917,975,567
1779135024.64629,6918,975,567
1779135024.647529,6919,975,567
1779135024.6563137,6920,975,567
1779135024.67029,6921,975,568
1779135024.6713457,6922,975,568
1779135024.685109,6923,975,568
1779135024.6962852,6924,975,568
1779135024.7050157,6925,975,570
1779135024.7212656,6926,975,569
1779135024.7225244,6927,975,570
1779135024.745003,6928,975,571
1779135024.7462661,6929,975,572
1779135024.7462816,6930,973,572
1779135024.760034,6931,913,575
1779135024.771297,6932,856,575
1779135024.78004,6933,799,575
1779135024.793818,6934,744,576
1779135024.8028386,6935,691,577
1779135024.8137612,6936,643,578
1779135024.8249793,6937,601,579
1779135024.8387733,6938,566,580
1779135024.8437593,6939,536,582
1779135024.8551047,6940,516,582
1779135024.8688157,6941,502,583
1779135024.8750527,6942,494,584
1779135024.8887773,6943,490,585
1779135024.8900063,6944,489,586
1779135024.9000099,6945,490,587
1779135024.9087903,6946,488,588
1779135024.9225504,6947,487,589
1779135024.931337,6948,483,589
1779135024.9400856,6949,479,590
1779135024.953811,6950,472,590
1779135024.962523,6951,463,589
1779135024.992553,6952,455,589
1779135024.9938164,6953,445,587
1779135025.018808,6954,434,585
1779135025.0200028,6955,423,584
1779135025.042533,6956,412,582
1779135025.043787,6957,400,581
1779135025.0449955,6958,388,579
1779135025.046283,6959,376,577
1779135025.0524926,6960,367,576
1779135025.0662756,6961,357,575
1779135025.0675004,6962,350,573
1779135025.0812578,6963,344,572
1779135025.092495,6964,342,571
1779135025.1012769,6965,341,569
1779135025.115017,6966,342,568
1779135025.1239674,6967,343,568
1779135025.1363645,6968,347,566
1779135025.1451008,6969,348,564
1779135025.1538844,6970,351,563
1779135025.1676486,6971,353,561
1779135025.1738486,6972,357,562
1779135025.187605,6973,360,562
1779135025.1962438,6974,363,563
1779135025.209994,6975,365,563
1779135025.2112699,6976,364,563
1779135025.2212563,6977,361,563
1779135025.2300222,6978,356,563
1779135025.246311,6979,350,563
1779135025.2474906,6980,342,563
1779135025.2625449,6981,331,563
1779135025.2712886,6982,322,563
1779135025.2850287,6983,313,562
1779135025.291286,6984,311,562
1779135025.305008,6985,316,563
1779135025.3137586,6986,335,563
1779135025.327871,6987,370,564
1779135025.3564131,6988,423,564
1779135025.3576736,6989,496,566
1779135025.3825366,6990,585,567
1779135025.383822,6991,686,567
1779135025.4062908,6992,792,568
1779135025.4075043,6993,894,569
1779135025.4087873,6994,974,569
1779135025.4100356,6995,975,571
1779135025.4112666,6996,975,571
1779135025.421288,6997,975,572
1779135025.4300473,6998,975,572
1779135025.4437883,6999,975,573
1779135025.4501135,7000,975,575
1779135025.4612877,7001,975,575
1779135025.4751818,7002,975,576
1779135025.4838824,7003,975,577
1779135025.495114,7004,975,578
1779135025.5038254,7005,975,578
1779135025.517601,7006,975,579
1779135025.52639,7007,975,579
1779135025.5276446,7008,975,579
1779135025.5426633,7009,975,580
1779135025.551355,7010,975,580
1779135025.56137,7011,964,580
1779135025.5725305,7012,896,580
1779135025.581282,7013,828,580
1779135025.5950308,7014,762,580
1779135025.6038063,7015,700,580
1779135025.632555,7016,646,580
1779135025.6337714,7017,598,580
1779135025.6350365,7018,559,580
1779135025.6487973,7019,527,579
1779135025.655027,7020,502,580
1779135025.6637728,7021,483,580
1779135025.677566,7022,468,580
1779135025.6913807,7023,459,580
1779135025.692595,7024,453,580
1779135025.7238288,7025,449,580
1779135025.7250338,7026,449,580
1779135025.7475994,7027,448,580
1779135025.748791,7028,447,581
1779135025.750047,7029,440,581
1779135025.7512667,7030,433,581
1779135025.766255,7031,423,581
1779135025.7725213,7032,411,581
1779135025.7863157,7033,398,581
1779135025.7925346,7034,382,581
1779135025.806342,7035,368,581
1779135025.8126476,7036,356,582
1779135025.826266,7037,344,581
1779135025.8350039,7038,334,581
1779135025.8487575,7039,323,581
1779135025.850034,7040,315,582
1779135025.8600502,7041,308,581
1779135025.868804,7042,304,581
1779135025.8812954,7043,299,581
1779135025.8925548,7044,296,581
1779135025.9012527,7045,292,581
1779135025.915044,7046,290,582
1779135025.9238913,7047,284,582
1779135025.93506,7048,278,583
1779135025.9487574,7049,272,583
1779135025.9537582,7050,269,583
1779135025.9675307,7051,265,583
1779135025.9762814,7052,262,584
1779135025.9851737,7053,261,585
1779135025.9988773,7054,263,585
1779135026.0075314,7055,267,585
1779135026.0087507,7056,270,585
1779135026.023805,7057,270,584
1779135026.0326157,7058,269,584
1779135026.0463097,7059,267,584
1779135026.052557,7060,265,585
1779135026.061308,7061,263,586
1779135026.111403,7062,262,586
1779135026.112592,7063,258,585
1779135026.1176457,7064,255,586
1779135026.1188378,7065,252,586
1779135026.1200302,7066,247,586
1779135026.1250296,7067,241,587
1779135026.1362984,7068,236,586
1779135026.1501284,7069,232,587
1779135026.155123,7070,233,587
1779135026.168864,7071,242,587
1779135026.170049,7072,263,587
1779135026.1800518,7073,295,587
1779135026.1888356,7074,347,587
1779135026.2025597,7075,417,588
1779135026.2088141,7076,506,588
1779135026.2226183,7077,609,589
1779135026.2313375,7078,722,589
1779135026.245063,7079,833,590
1779135026.2726676,7080,937,591
1779135026.2738287,7081,975,591
1779135026.275161,7082,975,592
1779135026.2838655,7083,975,592
1779135026.2951598,7084,975,593
1779135026.3039336,7085,975,594
1779135026.3176103,7086,975,594
1779135026.3266673,7087,975,594
1779135026.3275788,7088,975,595
1779135026.342627,7089,975,596
1779135026.3514414,7090,975,597
1779135026.3602087,7091,975,598
1779135026.3714485,7092,975,600
1779135026.3878129,7093,975,599
1779135026.3888466,7094,975,599
1779135026.4026928,7095,975,600
1779135026.4138956,7096,975,600
1779135026.422702,7097,975,600
1779135026.4551787,7098,975,600
1779135026.4563243,7099,975,601
1779135026.4814758,7100,975,600
1779135026.4826393,7101,945,600
1779135026.486457,7102,865,600
1779135026.4876416,7103,788,600
1779135026.4964962,7104,714,599
1779135026.5015023,7105,647,599
1779135026.5102224,7106,591,598
1779135026.5239453,7107,545,598
1779135026.5301044,7108,508,597
1779135026.5438633,7109,477,596
1779135026.5526712,7110,455,596
1779135026.5614452,7111,440,595
1779135026.5726874,7112,429,595
1779135026.581552,7113,421,594
1779135026.598911,7114,414,594
1779135026.600161,7115,406,594
1779135026.6164508,7116,398,593
1779135026.6250913,7117,387,592
1779135026.6339345,7118,377,591
1779135026.6477911,7119,367,592
1779135026.6489525,7120,357,591
1779135026.6639009,7121,348,591
1779135026.6726453,7122,339,591
1779135026.6814475,7123,329,590
1779135026.692636,7124,322,590
1779135026.7025797,7125,315,590
1779135026.7164223,7126,309,590
1779135026.722576,7127,303,590
1779135026.7337837,7128,299,589
1779135026.7425876,7129,295,589
1779135026.7563236,7130,291,588
1779135026.7650542,7131,286,589
1779135026.7763317,7132,284,588
1779135026.7850516,7133,283,588
1779135026.7988253,7134,282,588
1779135026.8238661,7135,281,587
1779135026.8250597,7136,278,588
1779135026.8501086,7137,273,587
1779135026.851293,7138,269,586
1779135026.856373,7139,265,587
1779135026.8575714,7140,263,586
1779135026.8588207,7141,263,587
1779135026.8738613,7142,263,586
1779135026.8825834,7143,263,587
1779135026.9151623,7144,263,587
1779135026.9164145,7145,263,587
1779135026.9175506,7146,263,588
1779135026.9238107,7147,262,587
1779135026.9350846,7148,262,588
1779135026.9438288,7149,259,588
1779135026.957569,7150,260,588
1779135026.9663298,7151,258,589
1779135026.9675548,7152,257,589
1779135026.9825938,7153,254,589
1779135026.9913146,7154,252,589
1779135027.000073,7155,248,589
1779135027.0113144,7156,244,589
1779135027.022694,7157,242,588
1779135027.031314,7158,240,590
1779135027.0450764,7159,237,591
1779135027.0514271,7160,236,591
1779135027.0651639,7161,232,591
1779135027.0738795,7162,230,591
1779135027.0826523,7163,228,591
1779135027.0938702,7164,229,591
1779135027.107604,7165,228,592
1779135027.113813,7166,227,592
1779135027.1264482,7167,225,592
1779135027.12768,7168,227,592
1779135027.1426795,7169,229,593
1779135027.1514292,7170,237,593
1779135027.160198,7171,252,594
1779135027.19382,7172,283,594
1779135027.1950855,7173,333,595
1779135027.2138648,7174,403,595
1779135027.215112,7175,492,595
1779135027.216324,7176,595,596
1779135027.223857,7177,708,596
1779135027.2327068,7178,821,596
1779135027.2463324,7179,930,596
1779135027.2526147,7180,975,596
1779135027.2663548,7181,975,595
1779135027.2751613,7182,975,595
1779135027.283809,7183,975,593
1779135027.2900715,7184,975,593
1779135027.298929,7185,975,591
1779135027.3126502,7186,975,590
1779135027.3213573,7187,975,587
1779135027.3328557,7188,975,583
1779135027.341394,7189,975,581
1779135027.3551629,7190,975,578
1779135027.3639696,7191,975,575
1779135027.3750846,7192,975,573
1779135027.3888617,7193,975,573
1779135027.39382,7194,975,571
1779135027.4075892,7195,975,571
1779135027.4150894,7196,975,571
1779135027.4288504,7197,975,571
1779135027.4376183,7198,975,572
1779135027.4476078,7199,975,573
1779135027.4488728,7200,906,574
1779135027.4638405,7201,833,574
1779135027.4725873,7202,765,574
1779135027.4813771,7203,701,575
1779135027.4925983,7204,643,574
1779135027.5014353,7205,594,574
1779135027.5151758,7206,554,574
1779135027.5239038,7207,523,573
1779135027.555126,7208,497,573
1779135027.556308,7209,478,573
1779135027.5814106,7210,464,573
1779135027.582588,7211,455,573
1779135027.6026597,7212,448,573
1779135027.6037886,7213,444,574
1779135027.605272,7214,438,574
1779135027.6102116,7215,432,575
1779135027.6163328,7216,425,575
1779135027.6301045,7217,415,576
1779135027.6313255,7218,406,577
1779135027.6401997,7219,396,579
1779135027.6514103,7220,386,581
1779135027.6601856,7221,376,583
1779135027.6738346,7222,366,585
1779135027.682613,7223,357,588
1779135027.6938462,7224,351,590
1779135027.7075684,7225,344,593
1779135027.7125795,7226,339,595
1779135027.7264555,7227,333,599
1779135027.7326996,7228,329,601
1779135027.7464192,7229,326,603
1779135027.760261,7230,323,606
1779135027.76519,7231,321,607
1779135027.771439,7232,318,610
1779135027.7803123,7233,314,611
1779135027.7938657,7234,313,613
1779135027.8026898,7235,313,614
1779135027.813902,7236,313,615
1779135027.8226016,7237,314,615
1779135027.8365068,7238,316,615
1779135027.8452435,7239,317,617
1779135027.856354,7240,318,617
1779135027.8651423,7241,318,617
1779135027.8788352,7242,318,619
1779135027.8876424,7243,315,619
1779135027.898836,7244,310,619
1779135027.923865,7245,302,620
1779135027.9251091,7246,295,620
1779135027.9502735,7247,288,619
1779135027.9502914,7248,282,619
1779135027.9514651,7249,277,618
1779135027.955118,7250,274,617
1779135027.961357,7251,271,616
1779135027.972652,7252,272,614
1779135027.983916,7253,276,611
1779135027.9925935,7254,281,611
1779135028.0063665,7255,287,611
1779135028.0151353,7256,293,612
1779135028.0264833,7257,295,612
1779135028.0351708,7258,297,612
1779135028.0488584,7259,296,611
1779135028.0577188,7260,294,611
1779135028.068831,7261,291,609
1779135028.0776117,7262,287,607
1779135028.09142,7263,281,607
1779135028.0914342,7264,279,605
1779135028.100224,7265,277,604
1779135028.1164582,7266,278,602
1779135028.1176937,7267,282,602
1779135028.1313887,7268,294,601
1779135028.1450884,7269,318,601
1779135028.1513348,7270,354,601
1779135028.1652398,7271,410,601
1779135028.1964686,7272,486,601
1779135028.1977215,7273,576,602
1779135028.1989322,7274,679,603
1779135028.2038896,7275,788,603
1779135028.217762,7276,900,603
1779135028.2238762,7277,975,603
1779135028.2352848,7278,975,603
1779135028.243837,7279,975,603
1779135028.2502112,7280,975,602
1779135028.2589302,7281,975,602
1779135028.2701743,7282,975,600
1779135028.317745,7283,975,600
1779135028.3188837,7284,975,601
1779135028.3201365,7285,975,600
1779135028.3213463,7286,975,599
1779135028.3226159,7287,975,599
1779135028.3377,7288,975,600
1779135028.3427198,7289,975,600
1779135028.3539124,7290,975,599
1779135028.362757,7291,975,600
1779135028.3765197,7292,975,600
1779135028.383882,7293,975,600
1779135028.3951912,7294,975,600
1779135028.4038377,7295,975,600
1779135028.4101276,7296,947,602
1779135028.4189496,7297,871,601
1779135028.4301314,7298,798,601
1779135028.4389222,7299,730,602
1779135028.4527552,7300,669,602
1779135028.4613702,7301,615,602
1779135028.472641,7302,574,603
1779135028.483922,7303,542,603
1779135028.492666,7304,518,603
1779135028.5063868,7305,499,603
1779135028.512773,7306,484,603
1779135028.526428,7307,475,603
1779135028.5352082,7308,468,603
1779135028.5439885,7309,463,603
1779135028.5551713,7310,460,601
1779135028.563867,7311,456,601
1779135028.5701127,7312,453,601
1779135028.5789654,7313,447,601
1779135028.5877361,7314,441,600
1779135028.6014528,7315,434,600
1779135028.6152186,7316,424,600
1779135028.6202104,7317,414,599
1779135028.631382,7318,403,599
1779135028.6589842,7319,392,598
1779135028.660217,7320,384,597
1779135028.6867998,7321,373,597
1779135028.687698,7322,362,596
1779135028.6939356,7323,352,595
1779135028.695159,7324,343,595
1779135028.709108,7325,334,593
1779135028.7152128,7326,326,591
1779135028.7238612,7327,316,591
1779135028.730207,7328,307,588
1779135028.738893,7329,299,587
1779135028.750144,7330,293,584
1779135028.7638788,7331,289,582
1779135028.7701395,7332,288,579
1779135028.7839162,7333,288,577
1779135028.7938874,7334,292,575
1779135028.8027234,7335,296,572
1779135028.8328123,7336,305,571
1779135028.8339856,7337,316,567
1779135028.835178,7338,327,565
1779135028.8451421,7339,341,563
1779135028.8539126,7340,355,561
1779135028.8676596,7341,364,560
1779135028.8738883,7342,371,559
1779135028.8876183,7343,369,559
1779135028.8888621,7344,361,557
1779135028.9027205,7345,348,556
1779135028.9088707,7346,332,556
1779135028.9226067,7347,312,555
1779135028.9314098,7348,291,555
1779135028.940138,7349,268,553
1779135028.9513712,7350,244,553
1779135028.9651587,7351,224,552
1779135028.9713898,7352,206,552
1779135028.9851694,7353,193,551
1779135028.9914773,7354,191,552
1779135029.0027282,7355,199,552
1779135029.0276759,7356,224,552
1779135029.0289276,7357,271,552
1779135029.0538812,7358,343,552
1779135029.0551326,7359,434,552
1779135029.0588903,7360,545,552
1779135029.0601413,7361,669,552
1779135029.0715187,7362,800,552
1779135029.0801458,7363,929,551
1779135029.093893,7364,975,551
1779135029.1051433,7365,975,552
1779135029.1114054,7366,975,551
1779135029.1251028,7367,975,551
1779135029.1338828,7368,975,550
1779135029.1426818,7369,975,551
1779135029.1538522,7370,975,550
1779135029.1677163,7371,975,550
1779135029.1739817,7372,975,549
1779135029.187665,7373,975,549
1779135029.193968,7374,975,548
1779135029.207712,7375,975,549
1779135029.2089233,7376,975,549
1779135029.222681,7377,975,550
1779135029.2288773,7378,975,550
1779135029.2427475,7379,975,548
1779135029.2515357,7380,975,547
1779135029.265208,7381,975,548
1779135029.271391,7382,975,548
1779135029.2802098,7383,975,547
1779135029.2939644,7384,975,547
1779135029.3026457,7385,975,547
1779135029.312642,7386,975,547
1779135029.321466,7387,941,547
1779135029.3351989,7388,846,547
1779135029.3439603,7389,755,546
1779135029.355284,7390,672,546
1779135029.368999,7391,603,546
1779135029.3702292,7392,545,546
1779135029.4077156,7393,499,545
1779135029.4089787,7394,464,545
1779135029.4240267,7395,437,545
1779135029.4251866,7396,417,545
1779135029.4266398,7397,403,545
1779135029.4326885,7398,390,545
1779135029.4465892,7399,380,545
1779135029.4778805,7400,374,546
1779135029.479,7401,368,545
1779135029.4802537,7402,364,547
1779135029.4814749,7403,360,547
1779135029.4964929,7404,354,547
1779135029.5053694,7405,350,548
1779135029.5166178,7406,345,548
1779135029.525204,7407,338,548
1779135029.530224,7408,329,548
1779135029.5389483,7409,320,549
1779135029.5502396,7410,313,548
1779135029.5590596,7411,305,548
1779135029.5727577,7412,302,547
1779135029.5816467,7413,298,547
1779135029.592845,7414,298,547
1779135029.601521,7415,295,546
1779135029.6152527,7416,292,546
1779135029.623889,7417,290,545
1779135029.6351423,7418,287,546
1779135029.6438901,7419,285,545
1779135029.6580372,7420,283,546
1779135029.6664138,7421,279,546
1779135029.677689,7422,276,546
1779135029.691387,7423,271,545
1779135029.6926563,7424,264,545
1779135029.701388,7425,259,545
1779135029.7126825,7426,255,545
1779135029.7214484,7427,251,544
1779135029.732749,7428,250,543
1779135029.7414715,7429,247,542
1779135029.783964,7430,246,542
1779135029.785185,7431,251,542
1779135029.786423,7432,257,542
1779135029.787678,7433,264,543
1779135029.798994,7434,269,543
1779135029.8052852,7435,272,543
1779135029.818988,7436,275,542
1779135029.8239427,7437,274,542
1779135029.8363898,7438,274,541
1779135029.8501737,7439,272,540
1779135029.8514125,7440,271,539
1779135029.8602722,7441,270,539
1779135029.8714082,7442,270,538
1779135029.880242,7443,273,539
1779135029.8940012,7444,281,538
1779135029.9026387,7445,298,538
1779135029.913988,7446,329,537
1779135029.922744,7447,380,537
1779135029.9364066,7448,454,537
1779135029.945156,7449,544,537
1779135029.9567347,7450,651,537
1779135029.9701715,7451,763,537
1779135029.9751847,7452,879,537
1779135029.9890084,7453,975,538
1779135029.995274,7454,975,536
1779135030.0089188,7455,975,535
1779135030.0101604,7456,975,535
1779135030.0189095,7457,975,536
1779135030.030176,7458,975,534
1779135030.040181,7459,975,534
1779135030.0539556,7460,975,535
1779135030.0601916,7461,975,534
1779135030.0714588,7462,975,535
1779135030.0801756,7463,975,534
1779135030.1128337,7464,975,534
1779135030.1139197,7465,975,534
1779135030.139023,7466,975,534
1779135030.1402543,7467,975,534
1779135030.1652462,7468,975,534
1779135030.1664243,7469,975,534
1779135030.1677783,7470,975,535
1779135030.1690147,7471,975,536
1779135030.1702616,7472,975,536
1779135030.1839495,7473,918,537
1779135030.1902082,7474,839,538
1779135030.198996,7475,764,537
1779135030.2126963,7476,696,538
1779135030.221418,7477,637,539
1779135030.2327588,7478,586,539
1779135030.2414858,7479,541,539
1779135030.2564275,7480,508,540
1779135030.261386,7481,483,540
1779135030.277686,7482,463,540
1779135030.2789333,7483,449,541
1779135030.292651,7484,440,541
1779135030.3065426,7485,436,541
1779135030.3127298,7486,435,542
1779135030.3265147,7487,435,542
1779135030.327704,7488,434,543
1779135030.3415058,7489,432,543
1779135030.3564796,7490,431,543
1779135030.3577003,7491,426,543
1779135030.3715565,7492,422,544
1779135030.3852763,7493,414,545
1779135030.391519,7494,406,545
1779135030.4054446,7495,396,546
1779135030.4140265,7496,387,547
1779135030.4227114,7497,378,547
1779135030.4340034,7498,366,548
1779135030.4427826,7499,356,549
1779135030.4564955,7500,347,550
1779135030.4639378,7501,336,550
1779135030.4752305,7502,327,551
1779135030.5190308,7503,317,551
1779135030.5201538,7504,312,552
1779135030.521475,7505,308,553
1779135030.5226905,7506,306,553
1779135030.5239162,7507,305,555
1779135030.5339613,7508,303,555
1779135030.542714,7509,303,555
1779135030.5540483,7510,307,556
1779135030.5628524,7511,311,557
1779135030.5740864,7512,317,557
1779135030.582906,7513,322,557
1779135030.5989723,7514,327,558
1779135030.6001472,7515,333,557
1779135030.6140141,7516,337,556
1779135030.6277432,7517,341,558
1779135030.6339645,7518,344,559
1779135030.6478128,7519,344,560
1779135030.6490111,7520,340,561
1779135030.662844,7521,337,561
1779135030.6714542,7522,334,563
1779135030.6802351,7523,330,563
1779135030.6939836,7524,327,563
1779135030.7027228,7525,323,563
1779135030.7139604,7526,319,564
1779135030.7227254,7527,312,564
1779135030.7527053,7528,306,564
1779135030.753941,7529,300,564
1779135030.7551954,7530,297,565
1779135030.7651863,7531,303,564
1779135030.7764106,7532,319,566
1779135030.7852187,7533,354,566
1779135030.7964406,7534,409,566
1779135030.810203,7535,484,567
1779135030.811725,7536,575,567
1779135030.8201802,7537,680,567
1779135030.8314817,7538,790,568
1779135030.8402076,7539,895,568
1779135030.8678296,7540,975,568
1779135030.8691561,7541,975,568
1779135030.8941236,7542,975,567
1779135030.895279,7543,975,567
1779135030.899031,7544,975,567
1779135030.9052331,7545,975,567
1779135030.9139643,7546,975,567
1779135030.9277523,7547,975,567
1779135030.932692,7548,975,567
1779135030.9464626,7549,975,568
1779135030.952682,7550,975,567
1779135030.966521,7551,975,568
1779135030.9677706,7552,975,568
1779135030.9814548,7553,975,567
1779135030.9901843,7554,917,567
1779135031.0039349,7555,851,568
1779135031.0127847,7556,786,566
1779135031.021598,7557,721,566
1779135031.0329628,7558,662,566
1779135031.041526,7559,605,565
1779135031.055282,7560,554,565
1779135031.063996,7561,510,565
1779135031.0753098,7562,473,564
1779135031.0877087,7563,442,564
1779135031.0964892,7564,418,564
1779135031.1052635,7565,398,564
1779135031.1164682,7566,384,564
1779135031.1302805,7567,372,563
1779135031.1315389,7568,366,563
1779135031.1401925,7569,362,563
1779135031.151462,7570,361,562
1779135031.160211,7571,358,560
1779135031.1739507,7572,357,560
1779135031.1828468,7573,353,560
1779135031.1952233,7574,350,559
1779135031.203949,7575,342,558
1779135031.2131095,7576,335,558
1779135031.2540941,7577,328,557
1779135031.255289,7578,325,557
1779135031.2565622,7579,321,556
1779135031.2578807,7580,315,556
1779135031.2715857,7581,311,556
1779135031.2729623,7582,307,555
1779135031.2878034,7583,302,554
1779135031.2889469,7584,295,553
1779135031.3027778,7585,288,553
1779135031.3089464,7586,285,552
1779135031.3228679,7587,284,551
1779135031.3315206,7588,284,551
1779135031.3403063,7589,282,551
1779135031.3515422,7590,280,550
1779135031.3602996,7591,275,550
1779135031.3928196,7592,269,549
1779135031.3939652,7593,262,548
1779135031.3952155,7594,255,548
1779135031.4039466,7595,248,548
1779135031.4127758,7596,242,547
1779135031.4264412,7597,238,547
1779135031.4327693,7598,233,545
1779135031.4464855,7599,230,545
1779135031.4477541,7600,225,544
1779135031.461442,7601,222,543
1779135031.472808,7602,218,543
1779135031.486518,7603,213,542
1779135031.4915147,7604,209,542
1779135031.5052898,7605,204,541
1779135031.5139675,7606,197,540
1779135031.522789,7607,191,539
1779135031.536471,7608,185,538
1779135031.5452738,7609,178,537
1779135031.5564566,7610,170,537
1779135031.5652218,7611,160,536
1779135031.5789633,7612,151,535
1779135031.604139,7613,140,533
1779135031.6052139,7614,129,532
1779135031.6303043,7615,116,531
1779135031.6315694,7616,105,530
1779135031.6415112,7617,98,530
1779135031.642787,7618,94,531
1779135031.643917,7619,91,531
1779135031.653979,7620,88,531
1779135031.6628263,7621,86,531
1779135031.674062,7622,88,531
1779135031.6827753,7623,91,532
1779135031.6965897,7624,97,532
1779135031.705216,7625,107,532
1779135031.7153099,7626,116,532
1779135031.7239509,7627,128,531
1779135031.7378528,7628,143,533
1779135031.7465327,7629,164,533
1779135031.757895,7630,196,533
1779135031.771456,7631,239,534
1779135031.7727835,7632,295,534
1779135031.781455,7633,363,534
1779135031.792878,7634,441,535
1779135031.8014824,7635,528,535
1779135031.8153172,7636,617,535
1779135031.8215513,7637,702,536
1779135031.8378792,7638,778,536
1779135031.8390834,7639,841,536
1779135031.8529472,7640,888,536
1779135031.8666036,7641,917,536
1779135031.8729415,7642,927,536
1779135031.8864598,7643,923,537
1779135031.8952603,7644,907,537
1779135031.9040082,7645,883,537
1779135031.915227,7646,855,538
1779135031.9239612,7647,824,538
1779135031.9289517,7648,792,539
1779135031.9428377,7649,762,540
1779135031.974055,7650,736,540
1779135031.975231,7651,711,540
1779135032.0002477,7652,690,541
1779135032.0014808,7653,669,541
1779135032.0064847,7654,649,542
1779135032.036513,7655,627,542
1779135032.0377939,7656,603,542
1779135032.0502863,7657,579,542
1779135032.0514815,7658,556,542
1779135032.052776,7659,534,542
1779135032.054055,7660,513,543
1779135032.0678754,7661,492,543
1779135032.0739837,7662,473,543
1779135032.0879292,7663,455,543
1779135032.0891292,7664,441,543
1779135032.103008,7665,431,544
1779135032.1091356,7666,423,544
1779135032.122794,7667,419,545
1779135032.131573,7668,416,545
1779135032.1402435,7669,415,545
1779135032.151456,7670,414,544
1779135032.1652331,7671,412,544
1779135032.1739705,7672,411,544
1779135032.1828527,7673,406,544
1779135032.193994,7674,402,544
1779135032.2027993,7675,396,544
1779135032.2164946,7676,390,544
1779135032.2253215,7677,381,544
1779135032.2364726,7678,370,544
1779135032.2464647,7679,359,544
1779135032.2477562,7680,350,544
1779135032.261485,7681,341,544
1779135032.2730064,7682,332,544
1779135032.2815852,7683,320,544
1779135032.2953238,7684,311,545
1779135032.304083,7685,300,544
1779135032.315361,7686,292,546
1779135032.3403835,7687,286,547
1779135032.3415635,7688,282,547
1779135032.3667276,7689,279,548
1779135032.3678272,7690,279,549
1779135032.3716679,7691,278,550
1779135032.3778334,7692,277,551
1779135032.391607,7693,278,551
1779135032.3978698,7694,280,552
1779135032.4116585,7695,283,553
1779135032.4128277,7696,285,553
1779135032.4216232,7697,286,555
1779135032.4328973,7698,286,556
1779135032.4466093,7699,285,556
1779135032.454113,7700,283,557
1779135032.4628825,7701,280,557
1779135032.474153,7702,275,557
1779135032.4828582,7703,270,556
1779135032.4966497,7704,265,556
1779135032.5052876,7705,262,556
1779135032.5165138,7706,259,556
1779135032.5254672,7707,255,556
1779135032.5392685,7708,252,555
1779135032.5478354,7709,251,555
1779135032.558028,7710,252,554
1779135032.5715992,7711,254,552
1779135032.572898,7712,257,551
1779135032.581671,7713,261,551
1779135032.5930233,7714,262,551
1779135032.6016767,7715,263,551
1779135032.6153345,7716,264,551
1779135032.6242,7717,264,550
1779135032.6353774,7718,266,550
1779135032.644019,7719,265,549
1779135032.6766965,7720,264,549
1779135032.6779585,7721,261,549
1779135032.678965,7722,258,548
1779135032.7253652,7723,255,549
1779135032.7266653,7724,253,548
1779135032.728003,7725,255,548
1779135032.7291503,7726,264,548
1779135032.7304041,7727,281,548
1779135032.731661,7728,306,548
1779135032.74527,7729,340,549
1779135032.7464976,7730,391,549
1779135032.7616217,7731,449,551
1779135032.770317,7732,515,551
1779135032.784047,7733,583,552
1779135032.7929492,7734,647,552
1779135032.801614,7735,705,552
1779135032.8153787,7736,753,552
1779135032.8239841,7737,788,552
1779135032.8352804,7738,811,551
1779135032.8440874,7739,822,551
1779135032.857753,7740,822,551
1779135032.86651,7741,810,550
1779135032.8752549,7742,789,549
1779135032.8890142,7743,760,548
1779135032.8902457,7744,727,547
1779135032.8990052,7745,694,546
1779135032.9102545,7746,661,545
1779135032.919018,7747,632,543
1779135032.9327984,7748,604,543
1779135032.9415424,7749,579,542
1779135032.9529002,7750,558,540
1779135032.9615386,7751,540,539
1779135032.972803,7752,524,537
1779135032.9814906,7753,509,536
1779135032.9977872,7754,497,535
1779135032.9990003,7755,484,533
1779135033.0129206,7756,472,531
1779135033.0264955,7757,463,529
1779135033.032772,7758,454,527
1779135033.0464878,7759,448,526
1779135033.0477521,7760,443,524
1779135033.0803084,7761,440,522
1779135033.081501,7762,439,520
1779135033.1065896,7763,437,519
1779135033.1077673,7764,436,517
1779135033.1090927,7765,434,515
1779135033.110277,7766,434,513
1779135033.1252654,7767,430,512
1779135033.1341002,7768,426,510
1779135033.142886,7769,421,509
1779135033.154092,7770,415,508
1779135033.1628668,7771,405,507
1779135033.1765964,7772,395,506
1779135033.1852467,7773,384,505
1779135033.196518,7774,374,504
1779135033.210355,7775,364,504
1779135033.2115777,7776,356,503
1779135033.220352,7777,350,503
1779135033.2315636,7778,344,502
1779135033.2403588,7779,339,502
1779135033.254032,7780,335,502
1779135033.2627943,7781,333,501
1779135033.274049,7782,334,501
1779135033.2852626,7783,335,501
1779135033.3130565,7784,337,502
1779135033.3140671,7785,339,501
1779135033.3153749,7786,339,501
1779135033.330383,7787,338,500
1779135033.3315616,7788,336,500
1779135033.345292,7789,334,499
1779135033.3567035,7790,332,499
1779135033.3704052,7791,329,499
1779135033.371651,7792,327,499
1779135033.3803258,7793,323,499
1779135033.3929427,7794,318,499
1779135033.4014866,7795,315,498
1779135033.415336,7796,314,497
1779135033.4403446,7797,312,498
1779135033.4415839,7798,312,498
1779135033.4666293,7799,312,498
1779135033.4677818,7800,312,497
1779135033.4804654,7801,315,498
1779135033.481627,7802,316,497
1779135033.4854167,7803,316,496
1779135033.499129,7804,317,495
1779135033.5039914,7805,317,495
1779135033.5154119,7806,315,495
1779135033.5291405,7807,312,496
1779135033.530347,7808,308,497
1779135033.5390036,7809,305,497
1779135033.5502877,7810,302,497
1779135033.5589807,7811,298,497
1779135033.57286,7812,295,497
1779135033.5816052,7813,295,496
1779135033.5927963,7814,296,495
1779135033.6015172,7815,296,495
1779135033.615281,7816,296,494
1779135033.6240597,7817,297,494
1779135033.6352642,7818,300,494
1779135033.6440253,7819,302,494
1779135033.6577597,7820,308,493
1779135033.6665359,7821,321,493
1779135033.6778684,7822,343,493
1779135033.6953545,7823,372,493
1779135033.6966114,7824,411,493
1779135033.6978452,7825,458,494
1779135033.7140617,7826,510,495
1779135033.7227762,7827,566,495
1779135033.7317045,7828,620,496
1779135033.7452776,7829,670,497
1779135033.7515306,7830,713,497
1779135033.7653975,7831,748,498
1779135033.7740202,7832,775,499
1779135033.7827766,7833,793,500
1779135033.8291752,7834,800,502
1779135033.830388,7835,799,504
1779135033.8316429,7836,792,505
1779135033.8328946,7837,779,507
1779135033.834186,7838,760,508
1779135033.8490527,7839,738,510
1779135033.8502576,7840,716,512
1779135033.8640475,7841,694,515
1779135033.8702805,7842,672,517
1779135033.8840406,7843,650,519
1779135033.8903012,7844,630,521
1779135033.9077857,7845,609,523
1779135033.9091218,7846,590,524
1779135033.924035,7847,570,526
1779135033.9527917,7848,552,527
1779135033.9540205,7849,536,528
1779135033.955276,7850,519,529
1779135033.9652684,7851,504,530
1779135033.9740298,7852,494,531
1779135033.9828315,7853,487,532
1779135033.9940457,7854,483,533
1779135034.0027924,7855,482,534
1779135034.0091498,7856,483,534
1779135034.0228577,7857,487,534
1779135034.0291674,7858,492,534
1779135034.0427654,7859,497,534
1779135034.0516164,7860,502,534
1779135034.0653276,7861,507,534
1779135034.0715227,7862,511,533
1779135034.080391,7863,513,533
1779135034.0940316,7864,513,533
1779135034.102814,7865,513,533
1779135034.115375,7866,511,532
1779135034.1240153,7867,508,532
1779135034.132957,7868,503,531
1779135034.1466272,7869,495,530
1779135034.1528392,7870,487,529
1779135034.1778216,7871,478,528
1779135034.1790247,7872,465,527
1779135034.200399,7873,452,527
1779135034.201625,7874,440,526
1779135034.2028754,7875,427,526
1779135034.212914,7876,415,525
1779135034.2228944,7877,407,524
1779135034.2316394,7878,399,523
1779135034.240342,7879,393,522
1779135034.2540283,7880,388,522
1779135034.2628148,7881,384,521
1779135034.2740135,7882,382,521
1779135034.2828388,7883,380,520
1779135034.296679,7884,380,518
1779135034.3054335,7885,380,517
1779135034.3166494,7886,382,516
1779135034.3266513,7887,383,516
1779135034.3278403,7888,383,516
1779135034.3416452,7889,384,517
1779135034.3530364,7890,384,517
1779135034.361731,7891,384,517
1779135034.3753982,7892,383,517
1779135034.3841004,7893,382,516
1779135034.395395,7894,381,515
1779135034.4041092,7895,379,515
1779135034.4178965,7896,376,513
1779135034.4292035,7897,372,512
1779135034.435327,7898,370,511
1779135034.4492013,7899,367,511
1779135034.4578648,7900,367,510
1779135034.4716082,7901,369,509
1779135034.4778311,7902,376,509
1779135034.4915702,7903,390,508
1779135034.4929411,7904,410,508
1779135034.501575,7905,440,508
1779135034.512899,7906,480,508
1779135034.5666773,7907,528,508
1779135034.5679097,7908,584,507
1779135034.594046,7909,644,507
1779135034.5953212,7910,704,507
1779135034.5965612,7911,761,507
1779135034.597823,7912,810,507
1779135034.5990155,7913,848,507
1779135034.600311,7914,878,508
1779135034.6154144,7915,896,508
1779135034.6166408,7916,905,508
1779135034.6254423,7917,907,509
1779135034.6366518,7918,903,510
1779135034.650371,7919,892,509
1779135034.651644,7920,876,510
1779135034.6603875,7921,855,511
1779135034.6716034,7922,833,512
1779135034.6803062,7923,811,512
1779135034.6940668,7924,789,512
1779135034.7028623,7925,767,514
1779135034.7140188,7926,744,514
1779135034.7228022,7927,722,514
1779135034.7365475,7928,700,515
1779135034.7440338,7929,679,515
1779135034.7553074,7930,657,515
1779135034.7640362,7931,638,516
1779135034.7778516,7932,620,516
1779135034.7866416,7933,604,516
1779135034.7979019,7934,590,516
1779135034.8115575,7935,578,516
1779135034.8128333,7936,571,517
1779135034.8216813,7937,565,517
1779135034.8329728,7938,562,517
1779135034.8440523,7939,560,518
1779135034.8529587,7940,557,518
1779135034.866578,7941,555,518
1779135034.8736398,7942,551,518
1779135034.886655,7943,546,518
1779135034.9141695,7944,540,519
1779135034.9155567,7945,533,519
1779135034.9403539,7946,523,518
1779135034.9415636,7947,511,518
1779135034.9528244,7948,500,519
1779135034.9541202,7949,488,519
1779135034.9552765,7950,476,519
1779135034.970379,7951,464,519
1779135034.970413,7952,454,519
1779135034.9790845,7953,446,519
1779135034.9928274,7954,443,519
1779135034.9990602,7955,441,519
1779135035.0129316,7956,438,519
1779135035.026597,7957,435,519
1779135035.031556,7958,435,518
1779135035.0503364,7959,432,518
1779135035.0515606,7960,430,518
1779135035.0653965,7961,426,518
1779135035.074112,7962,422,517
1779135035.0903416,7963,416,517
1779135035.091579,7964,411,516
1779135035.1053271,7965,405,516
1779135035.1191027,7966,403,516
1779135035.1278157,7967,401,516
1779135035.1340904,7968,400,515
1779135035.1428125,7969,398,515
1779135035.1515872,7970,397,513
1779135035.1615634,7971,395,513
1779135035.1753201,7972,394,513
1779135035.1803257,7973,393,513
1779135035.194046,7974,393,512
1779135035.2028759,7975,393,511
1779135035.2278516,7976,390,510
1779135035.2291217,7977,385,509
1779135035.2404733,7978,382,509
1779135035.2416785,7979,376,510
1779135035.2692094,7980,371,510
1779135035.2704034,7981,365,510
1779135035.2953868,7982,362,510
1779135035.296598,7983,355,510
1779135035.3217318,7984,350,509
1779135035.3228838,7985,345,509
1779135035.3342395,7986,340,508
1779135035.3353276,7987,336,508
1779135035.336589,7988,333,507
1779135035.3428416,7989,332,507
1779135035.3566825,7990,334,506
1779135035.3641152,7991,342,505
1779135035.3779159,7992,359,505
1779135035.3829703,7993,387,505
1779135035.3968828,7994,427,505
1779135035.4029806,7995,478,505
1779135035.416668,7996,541,505
1779135035.425421,7997,611,505
1779135035.4391785,7998,684,505
1779135035.447913,7999,760,504
1779135035.4541953,8000,834,505
1779135035.465418,8001,899,504
1779135035.466648,8002,955,504
1779135035.4829912,8003,975,504
1779135035.4917135,8004,975,504
1779135035.5004337,8005,975,503
1779135035.514209,8006,975,504
1779135035.5203493,8007,975,503
1779135035.5342476,8008,975,503
1779135035.5430155,8009,975,503
1779135035.5516932,8010,975,503
1779135035.5630236,8011,975,503
1779135035.5717268,8012,963,504
1779135035.5854027,8013,931,504
1779135035.59418,8014,900,504
1779135035.6065698,8015,870,504
1779135035.6106875,8016,841,504
1779135035.6192112,8017,813,504
1779135035.6553297,8018,787,504
1779135035.6565578,8019,764,504
1779135035.6728206,8020,744,505
1779135035.6741083,8021,726,505
1779135035.67532,8022,709,505
1779135035.6915767,8023,694,505
1779135035.6928394,8024,680,504
1779135035.701695,8025,668,504
1779135035.715342,8026,660,504
1779135035.724081,8027,652,504
1779135035.732867,8028,646,503
1779135035.746616,8029,639,503
1779135035.755317,8030,630,503
1779135035.766591,8031,620,503
1779135035.7740662,8032,612,503
1779135035.7790973,8033,604,503
1779135035.7928472,8034,596,503
1779135035.799084,8035,586,503
1779135035.8128288,8036,576,503
1779135035.8215778,8037,566,503
1779135035.830317,8038,555,503
1779135035.8415937,8039,543,503
1779135035.8728695,8040,536,502
1779135035.8740783,8041,527,502
1779135035.875324,8042,518,502
1779135035.8828335,8043,508,501
1779135035.8965876,8044,496,501
1779135035.9053326,8045,484,501
1779135035.91408,8046,473,500
1779135035.9253502,8047,460,500
1779135035.9340973,8048,450,499
1779135035.939087,8049,440,498
1779135035.9529119,8050,432,497
1779135035.9590917,8051,423,495
1779135035.9728444,8052,413,494
1779135035.980358,8053,403,493
1779135036.020382,8054,391,492
1779135036.0216236,8055,381,491
1779135036.0341542,8056,369,491
1779135036.0353374,8057,357,489
1779135036.0366263,8058,346,488
1779135036.0530148,8059,337,487
1779135036.0541239,8060,331,487
1779135036.0628827,8061,328,487
1779135036.0766406,8062,328,487
1779135036.0854216,8063,332,487
1779135036.0904446,8064,338,486
1779135036.099131,8065,345,485
1779135036.1129768,8066,355,484
1779135036.119211,8067,361,484
1779135036.1330888,8068,368,483
1779135036.141704,8069,373,484
1779135036.1504798,8070,380,484
1779135036.1616998,8071,384,484
1779135036.170448,8072,388,483
1779135036.1841574,8073,388,482
1779135036.1904762,8074,389,481
1779135036.2066844,8075,383,481
1779135036.211711,8076,375,480
1779135036.225379,8077,365,480
1779135036.2342336,8078,354,478
1779135036.2453895,8079,345,476
1779135036.2503374,8080,341,475
1779135036.2590833,8081,345,473
1779135036.2730472,8082,361,472
1779135036.2791278,8083,390,470
1779135036.2929227,8084,434,468
1779135036.3016174,8085,496,467
1779135036.3154166,8086,572,466
1779135036.3216233,8087,659,465
1779135036.3353925,8088,754,465
1779135036.3441665,8089,849,464
1779135036.3579736,8090,938,463
1779135036.3854308,8091,975,462
1779135036.3866336,8092,975,462
1779135036.4067092,8093,975,460
1779135036.4079976,8094,975,458
1779135036.4091914,8095,975,457
1779135036.410385,8096,975,456
1779135036.4254665,8097,975,455
1779135036.4305258,8098,975,454
1779135036.446688,8099,975,453
1779135036.4478912,8100,975,452
1779135036.461757,8101,975,452
1779135036.4754922,8102,975,452
1779135036.4816313,8103,975,454
1779135036.5166998,8104,975,452
1779135036.517907,8105,975,452
1779135036.5191386,8106,975,452
1779135036.525404,8107,975,453
1779135036.5343347,8108,975,454
1779135036.5479379,8109,975,455
1779135036.5567443,8110,975,455
1779135036.5680747,8111,975,455
1779135036.5730326,8112,975,455
1779135036.5817978,8113,951,457
1779135036.5904737,8114,891,457
1779135036.601675,8115,833,458
1779135036.6104004,8116,783,459
1779135036.6241705,8117,737,459
1779135036.633043,8118,697,460
1779135036.6441786,8119,661,460
1779135036.6529334,8120,632,461
1779135036.6666505,8121,604,460
1779135036.6754513,8122,582,461
1779135036.686645,8123,563,461
1779135036.6953673,8124,544,461
1779135036.7091353,8125,526,462
1779135036.717942,8126,512,463
1779135036.7679546,8127,501,463
1779135036.7691305,8128,493,465
1779135036.7703693,8129,484,465
1779135036.771657,8130,477,466
1779135036.7729232,8131,469,467
1779135036.7741528,8132,460,467
1779135036.7841115,8133,451,468
1779135036.7931519,8134,443,469
1779135036.804205,8135,431,470
1779135036.8128633,8136,416,470
1779135036.8266442,8137,401,471
1779135036.8354392,8138,387,472
1779135036.8467011,8139,371,473
1779135036.8554208,8140,358,473
1779135036.8691988,8141,346,473
1779135036.877953,8142,337,473
1779135036.8941784,8143,331,473
1779135036.8953588,8144,325,474
1779135036.90172,8145,321,474
1779135036.9116242,8146,320,475
1779135036.9228978,8147,319,475
1779135036.931663,8148,320,475
1779135036.9454699,8149,322,474
1779135036.9541209,8150,326,474
1779135036.965392,8151,327,473
1779135036.9741912,8152,329,472
1779135036.9879057,8153,329,472
1779135036.996607,8154,329,472
1779135037.0078814,8155,330,472
1779135037.01911,8156,331,471
1779135037.0279088,8157,331,470
1779135037.041641,8158,331,469
1779135037.0504484,8159,328,468
1779135037.0504656,8160,327,469
1779135037.0591316,8161,325,469
1779135037.0729098,8162,323,470
1779135037.081625,8163,322,470
1779135037.0928583,8164,319,470
1779135037.1203945,8165,316,471
1779135037.121657,8166,312,472
1779135037.1528804,8167,309,472
1779135037.1541033,8168,304,473
1779135037.170389,8169,300,473
1779135037.1716356,8170,296,474
1779135037.1728919,8171,295,475
1779135037.1741433,8172,294,476
1779135037.1891146,8173,299,477
1779135037.1978664,8174,315,478
1779135037.211651,8175,347,479
1779135037.2129452,8176,399,480
1779135037.222914,8177,470,481
1779135037.231648,8178,557,482
1779135037.2403846,8179,655,484
1779135037.2516375,8180,758,485
1779135037.2604003,8181,858,486
1779135037.2741702,8182,950,488
1779135037.2829263,8183,975,489
1779135037.2941992,8184,975,490
1779135037.3028765,8185,975,493
1779135037.31664,8186,975,493
1779135037.3254037,8187,975,495
1779135037.3354266,8188,975,496
1779135037.3442166,8189,975,497
1779135037.3579113,8190,975,499
1779135037.3667183,8191,975,499
1779135037.3678756,8192,975,500
1779135037.3829243,8193,975,501
1779135037.3916318,8194,975,503
1779135037.4003685,8195,975,502
1779135037.4116323,8196,975,502
1779135037.4204206,8197,966,502
1779135037.436676,8198,912,501
1779135037.437874,8199,860,501
1779135037.4541626,8200,805,501
1779135037.4966917,8201,754,500
1779135037.4978957,8202,706,500
1779135037.5067601,8203,662,500
1779135037.5079813,8204,624,500
1779135037.5091977,8205,592,500
1779135037.519232,8206,568,500
1779135037.528002,8207,548,500
1779135037.5292625,8208,535,500
1779135037.5429766,8209,523,500
1779135037.5517194,8210,516,501
1779135037.5653865,8211,511,501
1779135037.5716672,8212,508,501
1779135037.5853875,8213,509,502
1779135037.5917244,8214,509,502
1779135037.6054912,8215,508,502
1779135037.611783,8216,508,502
1779135037.6254084,8217,505,502
1779135037.6353927,8218,499,503
1779135037.6441815,8219,491,503
1779135037.6516418,8220,480,504
1779135037.6653965,8221,466,504
1779135037.6741335,8222,451,506
1779135037.6878703,8223,435,508
1779135037.6891315,8224,418,508
1779135037.7041638,8225,401,509
1779135037.713027,8226,385,510
1779135037.7216356,8227,370,511
1779135037.7328973,8228,356,511
1779135037.746642,8229,343,512
1779135037.75415,8230,332,513
1779135037.7629647,8231,321,514
1779135037.7929544,8232,312,515
1779135037.7941482,8233,304,516
1779135037.7954001,8234,299,517
1779135037.8042305,8235,298,518
1779135037.815413,8236,299,519
1779135037.8241358,8237,298,519
1779135037.8579648,8238,299,520
1779135037.8591616,8239,297,520
1779135037.8766725,8240,294,521
1779135037.877889,8241,292,521
1779135037.8791177,8242,291,523
1779135037.8804088,8243,290,524
1779135037.8916695,8244,290,524
1779135037.9004657,8245,289,525
1779135037.9142582,8246,290,525
1779135037.922937,8247,290,525
1779135037.934171,8248,289,524
1779135037.948063,8249,289,524
1779135037.9531527,8250,289,524
1779135037.9642103,8251,289,525
1779135037.975425,8252,289,526
1779135037.9841409,8253,288,526
1779135037.9978883,8254,287,527
1779135038.0066931,8255,287,527
1779135038.0078866,8256,287,528
1779135038.0229309,8257,286,529
1779135038.0317526,8258,284,529
1779135038.045421,8259,284,529
1779135038.0516531,8260,285,530
1779135038.0603943,8261,288,531
1779135038.0741675,8262,296,531
1779135038.08304,8263,315,532
1779135038.0942693,8264,345,532
1779135038.1030743,8265,392,534
1779135038.1166646,8266,455,534
1779135038.1255147,8267,532,535
1779135038.1366487,8268,622,536
1779135038.1454124,8269,718,536
1779135038.159148,8270,815,537
1779135038.166643,8271,904,537
1779135038.1728878,8272,974,537
1779135038.1816616,8273,975,538
1779135038.1954384,8274,975,538
1779135038.225405,8275,975,538
1779135038.226651,8276,975,538
1779135038.2403944,8277,975,539
1779135038.2416694,8278,975,540
1779135038.242913,8279,975,539
1779135038.2541425,8280,975,539
1779135038.2629275,8281,975,538
1779135038.2729764,8282,975,538
1779135038.2866561,8283,975,537
1779135038.295408,8284,948,537
1779135038.3041413,8285,895,536
1779135038.3179224,8286,843,534
1779135038.3266978,8287,793,534
1779135038.3279154,8288,745,533
1779135038.3430014,8289,700,532
1779135038.351741,8290,660,531
1779135038.360527,8291,624,531
1779135038.3718297,8292,594,531
1779135038.3804922,8293,570,531
1779135038.3942943,8294,551,531
1779135038.4030225,8295,540,531
1779135038.432973,8296,534,531
1779135038.434192,8297,533,531
1779135038.435449,8298,535,531
1779135038.4442134,8299,536,531
1779135038.4554985,8300,535,531
1779135038.464201,8301,533,531
1779135038.4742644,8302,531,531
1779135038.4880092,8303,528,531
1779135038.4891818,8304,523,532
1779135038.5042396,8305,514,532
1779135038.5130787,8306,502,532
1779135038.5219882,8307,487,532
1779135038.5331,8308,472,532
1779135038.542031,8309,455,533
1779135038.555535,8310,437,533
1779135038.605559,8311,419,533
1779135038.6067092,8312,403,533
1779135038.6079674,8313,386,534
1779135038.6092305,8314,371,534
1779135038.6104088,8315,357,534
1779135038.6167703,8316,345,535
1779135038.6305394,8317,335,534
1779135038.6317184,8318,327,535
1779135038.645564,8319,322,535
1779135038.6467438,8320,317,535
1779135038.6617768,8321,314,535
1779135038.6704865,8322,314,536
1779135038.680467,8323,314,536
1779135038.6916654,8324,317,536
1779135038.7054553,8325,319,536
1779135038.7116957,8326,322,537
1779135038.7254727,8327,326,536
1779135038.731671,8328,327,537
1779135038.7454188,8329,330,538
1779135038.7541766,8330,332,537
1779135038.7629824,8331,332,538
1779135038.7741773,8332,333,537
1779135038.7830055,8333,332,537
1779135038.7942092,8334,330,536
1779135038.80795,8335,326,535
1779135038.809167,8336,322,535
1779135038.8245785,8337,318,535
1779135038.8329923,8338,315,534
1779135038.8416831,8339,315,534
1779135038.852996,8340,313,533
1779135038.86168,8341,312,533
1779135038.875429,8342,313,532
1779135038.8841724,8343,314,531
1779135038.894206,8344,315,531
1779135038.9030218,8345,317,531
1779135038.9167204,8346,322,531
1779135038.9255047,8347,328,531
1779135038.9732397,8348,343,531
1779135038.9742894,8349,368,530
1779135038.9755242,8350,405,530
1779135038.976778,8351,456,530
1779135038.9780378,8352,523,530
1779135038.9793415,8353,602,530
1779135038.9941952,8354,688,530
1779135038.9992862,8355,778,530
1779135039.0155902,8356,868,529
1779135039.0167744,8357,945,530
1779135039.0304182,8358,975,529
1779135039.044152,8359,975,529
1779135039.0729773,8360,975,528
1779135039.0741835,8361,975,529
1779135039.0754273,8362,975,528
1779135039.0891886,8363,975,528
1779135039.090432,8364,975,528
1779135039.102907,8365,975,527
1779135039.1166897,8366,975,527
1779135039.1254544,8367,975,527
1779135039.1266565,8368,973,527
1779135039.141772,8369,919,527
1779135039.1554785,8370,867,527
1779135039.160445,8371,815,527
1779135039.1717691,8372,765,527
1779135039.1854722,8373,718,526
1779135039.1917884,8374,675,526
1779135039.209183,8375,636,526
1779135039.2104366,8376,603,527
1779135039.2254522,8377,572,527
1779135039.234159,8378,547,527
1779135039.242966,8379,527,527
1779135039.2542005,8380,514,527
1779135039.2629747,8381,505,527
1779135039.2767005,8382,499,527
1779135039.2855167,8383,492,526
1779135039.2867718,8384,486,526
1779135039.3155305,8385,480,525
1779135039.316711,8386,476,524
1779135039.341859,8387,469,524
1779135039.3430374,8388,462,523
1779135039.351853,8389,454,521
1779135039.3529603,8390,446,520
1779135039.366922,8391,439,519
1779135039.373059,8392,436,517
1779135039.3868332,8393,433,516
1779135039.395486,8394,432,514
1779135039.4042134,8395,431,513
1779135039.418061,8396,429,512
1779135039.4232209,8397,428,511
1779135039.436896,8398,427,509
1779135039.4455876,8399,425,508
1779135039.4467306,8400,424,507
1779135039.4618034,8401,423,506
1779135039.4704916,8402,423,505
1779135039.4843574,8403,418,504
1779135039.4905064,8404,414,503
1779135039.504256,8405,408,502
1779135039.5129623,8406,402,501
1779135039.5217795,8407,396,501
1779135039.5342302,8408,390,500
1779135039.5429842,8409,383,500
1779135039.5567772,8410,379,499
1779135039.5654454,8411,376,498
1779135039.5767846,8412,375,497
1779135039.5854597,8413,374,496
1779135039.599212,8414,372,495
1779135039.6080704,8415,368,494
1779135039.6092334,8416,365,492
1779135039.6241994,8417,359,491
1779135039.631817,8418,352,490
1779135039.6404533,8419,344,489
1779135039.6518025,8420,336,488
1779135039.665577,8421,325,487
1779135039.6905866,8422,315,487
1779135039.6918292,8423,303,485
1779135039.7167869,8424,291,485
1779135039.717941,8425,279,484
1779135039.7430322,8426,267,484
1779135039.744229,8427,252,483
1779135039.7479663,8428,239,483
1779135039.7492373,8429,228,483
1779135039.7580857,8430,220,483
1779135039.7667694,8431,216,483
1779135039.7679486,8432,219,483
1779135039.7830398,8433,229,484
1779135039.7918096,8434,251,483
1779135039.8005853,8435,283,485
1779135039.8118894,8436,332,485
1779135039.82058,8437,393,487
1779135039.834194,8438,465,487
1779135039.8430958,8439,544,488
1779135039.8504384,8440,626,489
1779135039.864289,8441,704,490
1779135039.8729646,8442,774,491
1779135039.8867905,8443,831,491
1779135039.892954,8444,873,492
1779135039.9067998,8445,899,490
1779135039.9154613,8446,908,491
1779135039.9291863,8447,899,490
1779135039.9304545,8448,880,491
1779135039.9404671,8449,851,489
1779135039.9492323,8450,814,488
1779135039.9630163,8451,773,488
1779135039.9742002,8452,731,487
1779135039.9830317,8453,687,487
1779135039.9968026,8454,645,486
1779135040.005557,8455,606,486
1779135040.0167537,8456,571,484
1779135040.0254667,8457,539,483
1779135040.0529912,8458,512,482
1779135040.054183,8459,487,480
1779135040.079354,8460,467,479
1779135040.0805705,8461,452,477
1779135040.0842907,8462,440,475
1779135040.0931382,8463,430,473
1779135040.0931616,8464,424,472
1779135040.0993347,8465,423,471
1779135040.1130595,8466,425,469
1779135040.1218078,8467,432,468
1779135040.1305766,8468,437,466
1779135040.1417813,8469,440,465
1779135040.153003,8470,442,464
1779135040.1618588,8471,444,464
1779135040.1755779,8472,444,463
1779135040.1818726,8473,443,463
1779135040.1955411,8474,440,462
1779135040.2042341,8475,434,462
1779135040.2130237,8476,428,462
1779135040.224207,8477,419,462
1779135040.2330027,8478,408,462
1779135040.2468684,8479,396,462
1779135040.2480915,8480,383,463
1779135040.2630916,8481,371,463
1779135040.271835,8482,360,463
1779135040.2806442,8483,349,464
1779135040.2942924,8484,336,464
1779135040.3005323,8485,325,465
1779135040.3142335,8486,312,465
1779135040.3230474,8487,303,466
1779135040.3530629,8488,295,466
1779135040.3542693,8489,289,467
1779135040.3554957,8490,288,467
1779135040.3668146,8491,286,467
1779135040.3754902,8492,286,467
1779135040.3867993,8493,286,466
1779135040.4004853,8494,287,467
1779135040.4330087,8495,290,467
1779135040.434231,8496,293,468
1779135040.4467711,8497,295,469
1779135040.448024,8498,297,470
1779135040.449213,8499,296,470
1779135040.4505103,8500,297,470
1779135040.4617715,8501,298,469
1779135040.4704902,8502,301,468
1779135040.4842727,8503,304,467
1779135040.493028,8504,306,467
1779135040.5042582,8505,307,467
1779135040.5179963,8506,308,467
1779135040.5230346,8507,307,467
1779135040.5368207,8508,308,467
1779135040.5430162,8509,314,467
1779135040.556818,8510,327,468
1779135040.5692582,8511,352,468
1779135040.5705824,8512,387,469
1779135040.5818858,8513,435,470
1779135040.5905476,8514,493,471
1779135040.604324,8515,559,472
1779135040.6129997,8516,630,473
1779135040.6242273,8517,702,473
1779135040.6329782,8518,769,474
1779135040.6468031,8519,827,475
1779135040.6554897,8520,873,476
1779135040.6668262,8521,902,476
1779135040.6779594,8522,915,478
1779135040.6867847,8523,912,479
1779135040.700486,8524,898,479
1779135040.7067757,8525,872,480
1779135040.7204967,8526,839,481
1779135040.7342525,8527,799,482
1779135040.7355597,8528,758,484
1779135040.7368522,8529,715,484
1779135040.7518935,8530,672,486
1779135040.7604713,8531,632,487
1779135040.7868981,8532,591,487
1779135040.7879858,8533,556,488
1779135040.813173,8534,524,489
1779135040.8142495,8535,493,490
1779135040.818011,8536,466,491
1779135040.8242373,8537,443,492
1779135040.8379574,8538,423,492
1779135040.8433113,8539,409,493
1779135040.8568037,8540,401,494
1779135040.8655078,8541,401,495
1779135040.8742118,8542,407,496
1779135040.8880372,8543,416,496
1779135040.889227,8544,427,496
1779135040.897987,8545,439,497
1779135040.9117532,8546,449,497
1779135040.9204886,8547,459,498
1779135040.9342167,8548,464,498
1779135040.9404888,8549,465,499
1779135040.9542236,8550,462,499
1779135041.0006406,8551,456,499
1779135041.0019488,8552,448,499
1779135041.003121,8553,437,499
1779135041.0043607,8554,423,499
1779135041.0055914,8555,408,500
1779135041.0193439,8556,393,500
1779135041.0255117,8557,380,500
1779135041.0392818,8558,368,501
1779135041.045515,8559,355,501
1779135041.0518684,8560,344,501
1779135041.0631058,8561,335,501
1779135041.0717778,8562,328,501
1779135041.0856113,8563,323,502
1779135041.0942483,8564,321,502
1779135041.1067808,8565,319,502
1779135041.1155076,8566,318,501
1779135041.124261,8567,317,499
1779135041.1581202,8568,316,500
1779135041.1593738,8569,317,500
1779135041.1831973,8570,318,501
1779135041.1843507,8571,319,502
1779135041.1855881,8572,319,503
1779135041.1868129,8573,319,503
1779135041.1968603,8574,319,503
1779135041.2117882,8575,316,503
1779135041.212993,8576,313,503
1779135041.221763,8577,310,502
1779135041.2305243,8578,305,501
1779135041.2443092,8579,302,501
1779135041.2531302,8580,299,501
1779135041.2643492,8581,295,500
1779135041.2730947,8582,294,500
1779135041.286808,8583,299,500
1779135041.29565,8584,318,500
1779135041.3069625,8585,350,500
1779135041.3180883,8586,398,501
1779135041.32694,8587,461,501
1779135041.3406522,8588,537,502
1779135041.3468962,8589,619,502
1779135041.3606274,8590,704,502
1779135041.3743474,8591,782,503
1779135041.3755338,8592,852,503
1779135041.3767815,8593,908,503
1779135041.3918605,8594,947,503
1779135041.400656,8595,968,503
1779135041.4143276,8596,974,504
1779135041.4205387,8597,968,503
1779135041.431853,8598,948,504
1779135041.445558,8599,919,504
1779135041.4543216,8600,883,505
1779135041.4655507,8601,844,505
1779135041.4748342,8602,805,505
1779135041.4880593,8603,767,506
1779135041.4968255,8604,731,507
1779135041.5255425,8605,697,507
1779135041.5267673,8606,664,507
1779135041.5519376,8607,635,508
1779135041.5530593,8608,607,508
1779135041.575548,8609,581,508
1779135041.5767865,8610,559,508
1779135041.5780237,8611,539,508
1779135041.5792503,8612,525,509
1779135041.5805097,8613,512,509
1779135041.5955572,8614,503,509
1779135041.604256,8615,495,509
1779135041.6392765,8616,489,510
1779135041.6404939,8617,485,510
1779135041.6418152,8618,483,510
1779135041.64314,8619,479,510
1779135041.656943,8620,475,510
1779135041.668088,8621,470,509
1779135041.6769,8622,464,509
1779135041.6905625,8623,458,509
1779135041.691826,8624,450,509
1779135041.7030666,8625,441,509
1779135041.7117703,8626,434,509
1779135041.7255013,8627,426,509
1779135041.7342684,8628,419,509
1779135041.7454915,8629,411,509
1779135041.754272,8630,402,508
1779135041.7679803,8631,391,509
1779135041.7767859,8632,380,508
1779135041.7880466,8633,369,508
1779135041.7967715,8634,360,508
1779135041.8105369,8635,353,508
1779135041.8192677,8636,346,508
1779135041.830503,8637,339,507
1779135041.8394024,8638,336,507
1779135041.8394258,8639,334,507
1779135041.848578,8640,332,506
1779135041.8618796,8641,330,506
1779135041.911894,8642,328,505
1779135041.9130373,8643,327,506
1779135041.9142811,8644,326,505
1779135041.9155443,8645,324,506
1779135041.916747,8646,323,506
1779135041.9242814,8647,322,505
1779135041.9380534,8648,322,504
1779135041.9431274,8649,321,504
1779135041.9555638,8650,321,504
1779135041.9643114,8651,319,505
1779135041.9781485,8652,318,507
1779135041.9868,8653,316,508
1779135041.9980447,8654,314,507
1779135042.011836,8655,312,508
1779135042.013056,8656,311,507
1779135042.0218039,8657,311,507
1779135042.033108,8658,311,505
1779135042.0418913,8659,311,506
1779135042.056797,8660,312,505
1779135042.0617764,8661,313,505
1779135042.078044,8662,317,504
1779135042.0792737,8663,325,504
1779135042.0930367,8664,344,504
1779135042.1067917,8665,376,504
1779135042.1130424,8666,422,504
1779135042.1267748,8667,482,503
1779135042.1367738,8668,553,503
1779135042.145529,8669,634,503
1779135042.1567812,8670,720,504
1779135042.1655576,8671,807,504
1779135042.170528,8672,888,505
1779135042.1792793,8673,958,504
1779135042.1905413,8674,975,504
1779135042.1992846,8675,975,504
1779135042.2130392,8676,975,504
1779135042.2218366,8677,975,504
1779135042.2330463,8678,975,504
1779135042.2606173,8679,975,505
1779135042.2618148,8680,975,505
1779135042.2868493,8681,975,505
1779135042.2880409,8682,975,505
1779135042.313113,8683,975,506
1779135042.3142695,8684,975,506
1779135042.3180473,8685,975,507
1779135042.319284,8686,975,506
1779135042.326899,8687,953,507
1779135042.34205,8688,901,507
1779135042.342103,8689,849,507
1779135042.353404,8690,797,508
1779135042.361874,8691,747,508
1779135042.3743355,8692,703,509
1779135042.3831148,8693,662,509
1779135042.3944333,8694,627,509
1779135042.4081001,8695,599,509
1779135042.414428,8696,577,509
1779135042.4281027,8697,559,510
1779135042.4343581,8698,547,510
1779135042.4481258,8699,542,510
1779135042.4568791,8700,539,510
1779135042.4657056,8701,536,510
1779135042.478082,8702,535,510
1779135042.4918675,8703,534,510
1779135042.5019636,8704,532,510
1779135042.5019906,8705,529,510
1779135042.5132365,8706,526,510
1779135042.5268538,8707,517,510
1779135042.531884,8708,508,510
1779135042.5455928,8709,496,510
1779135042.551932,8710,482,510
1779135042.5656822,8711,465,510
1779135042.5794182,8712,447,510
1779135042.5843456,8713,430,510
1779135042.6006436,8714,413,511
1779135042.646878,8715,399,511
1779135042.6481037,8716,385,511
1779135042.6494372,8717,371,511
1779135042.6506064,8718,355,511
1779135042.6519883,8719,339,511
1779135042.6520383,8720,325,511
1779135042.6618743,8721,311,511
1779135042.6706,8722,300,510
1779135042.6819334,8723,289,510
1779135042.6907058,8724,281,510
1779135042.7044652,8725,274,509
1779135042.7131512,8726,270,509
1779135042.7244437,8727,266,509
1779135042.7332633,8728,264,509
1779135042.7469187,8729,263,509
1779135042.7557912,8730,265,508
1779135042.7669191,8731,271,508
1779135042.7807436,8732,275,507
1779135042.7856562,8733,279,507
1779135042.7968621,8734,282,507
1779135042.8131356,8735,283,507
1779135042.8143666,8736,284,507
1779135042.8206205,8737,284,506
1779135042.8293264,8738,285,505
1779135042.8455715,8739,285,505
1779135042.8468008,8740,284,504
1779135042.8606105,8741,284,504
1779135042.8744857,8742,284,504
1779135042.880653,8743,285,504
1779135042.916856,8744,287,505
1779135042.9180572,8745,290,505
1779135042.9193199,8746,291,505
1779135042.9205418,8747,291,505
1779135042.9355717,8748,289,504
1779135042.9442763,8749,287,504
1779135042.953049,8750,284,504
1779135042.9643333,8751,280,504
1779135042.9994214,8752,279,504
1779135042.9994414,8753,280,503
1779135043.0006964,8754,287,503
1779135043.0256803,8755,305,504
1779135043.0268347,8756,335,503
1779135043.0468335,8757,381,504
1779135043.0480373,8758,441,504
1779135043.0492992,8759,515,504
1779135043.0505557,8760,601,505
1779135043.065561,8761,689,505
1779135043.0742993,8762,779,506
1779135043.0856407,8763,862,506
1779135043.094298,8764,934,507
1779135043.1055562,8765,975,506
1779135043.1143444,8766,975,508
1779135043.1305885,8767,975,507
1779135043.140638,8768,975,507
1779135043.140669,8769,975,508
1779135043.1542974,8770,975,508
1779135043.1605837,8771,975,508
1779135043.1743543,8772,975,508
1779135043.1831164,8773,975,509
1779135043.1918714,8774,975,509
1779135043.203131,8775,952,509
1779135043.2118556,8776,914,509
1779135043.2257078,8777,872,510
1779135043.2343633,8778,831,510
1779135043.245686,8779,791,510
1779135043.2543592,8780,750,510
1779135043.2680852,8781,712,510
1779135043.276831,8782,674,510
1779135043.2881048,8783,638,510
1779135043.2931206,8784,607,510
1779135043.3019736,8785,578,510
1779135043.3106873,8786,555,510
1779135043.3219073,8787,535,510
1779135043.3356917,8788,520,510
1779135043.3719482,8789,509,509
1779135043.37315,8790,500,509
1779135043.385711,8791,494,509
1779135043.3867874,8792,489,509
1779135043.3880558,8793,484,509
1779135043.4018567,8794,482,508
1779135043.4030802,8795,478,508
1779135043.4168735,8796,472,508
1779135043.425682,8797,465,508
1779135043.4343045,8798,455,508
1779135043.4506948,8799,445,508
1779135043.4607272,8800,434,507
1779135043.4607513,8801,422,507
1779135043.474462,8802,411,507
1779135043.4806328,8803,401,507
1779135043.494485,8804,392,507
1779135043.5005925,8805,385,506
1779135043.5143144,8806,380,506
1779135043.520574,8807,375,505
1779135043.5531886,8808,373,505
1779135043.5544095,8809,374,504
1779135043.5556796,8810,375,504
1779135043.564319,8811,375,503
1779135043.5730846,8812,372,502
1779135043.5868363,8813,367,502
1779135043.5956757,8814,364,501
1779135043.6068957,8815,358,500
1779135043.621964,8816,351,499
1779135043.6219807,8817,344,499
1779135043.6307156,8818,336,499
1779135043.6418488,8819,331,498
1779135043.6506095,8820,325,497
1779135043.6643376,8821,318,497
1779135043.6732254,8822,312,496
1779135043.6844094,8823,308,496
1779135043.6931102,8824,302,496
1779135043.7068417,8825,299,495
1779135043.7506833,8826,297,494
1779135043.7519083,8827,296,494
1779135043.758162,8828,295,493
1779135043.7594264,8829,295,492
1779135043.7607052,8830,296,491
1779135043.7769802,8831,300,490
1779135043.7770188,8832,302,488
1779135043.7781126,8833,305,487
1779135043.7919319,8834,305,487
1779135043.8006127,8835,304,487
1779135043.8118367,8836,303,486
1779135043.8205545,8837,302,485
1779135043.8318436,8838,298,485
1779135043.8455558,8839,294,486
1779135043.8518007,8840,289,486
1779135043.865609,8841,286,486
1779135043.874381,8842,282,486
1779135043.888091,8843,279,486
1779135043.8943238,8844,277,487
1779135043.9080997,8845,276,487
1779135043.914468,8846,277,487
1779135043.9282212,8847,280,486
1779135043.9294176,8848,284,486
1779135043.9431043,8849,288,487
1779135043.9518347,8850,292,488
1779135043.960634,8851,298,490
1779135043.9718215,8852,300,491
1779135043.980618,8853,302,491
1779135043.9944465,8854,304,491
1779135044.0031104,8855,305,491
1779135044.0143447,8856,306,490
1779135044.0232034,8857,304,490
1779135044.036921,8858,304,489
1779135044.0456579,8859,302,488
1779135044.0569122,8860,300,487
1779135044.0656586,8861,303,487
1779135044.0931616,8862,310,487
1779135044.0943353,8863,324,486
1779135044.1193893,8864,348,486
1779135044.1205893,8865,384,486
1779135044.1243181,8866,434,486
1779135044.1255891,8867,497,486
1779135044.1318343,8868,572,486
1779135044.144312,8869,650,486
1779135044.153061,8870,733,486
1779135044.1619864,8871,810,486
1779135044.1933086,8872,883,487
1779135044.1943605,8873,945,485
1779135044.195602,8874,975,485
1779135044.204445,8875,975,485
1779135044.215607,8876,975,484
1779135044.2244358,8877,975,485
1779135044.2381127,8878,975,485
1779135044.2493575,8879,975,485
1779135044.2607195,8880,975,486
1779135044.2607393,8881,975,484
1779135044.274668,8882,949,483
1779135044.2795591,8883,909,483
1779135044.2956212,8884,869,484
1779135044.2968373,8885,831,485
1779135044.3106353,8886,796,484
1779135044.3244667,8887,760,484
1779135044.3306634,8888,728,484
1779135044.3444388,8889,697,485
1779135044.3532486,8890,671,485
1779135044.3620572,8891,647,485
1779135044.373239,8892,627,485
1779135044.3819447,8893,608,486
1779135044.3957129,8894,593,485
1779135044.4044943,8895,582,486
1779135044.4195323,8896,578,486
1779135044.4195676,8897,576,486
1779135044.4333007,8898,576,486
1779135044.4419374,8899,575,486
1779135044.4769518,8900,573,486
1779135044.4781342,8901,566,486
1779135044.4919693,8902,558,485
1779135044.493203,8903,548,486
1779135044.4943683,8904,536,486
1779135044.5044272,8905,524,486
1779135044.5132444,8906,513,486
1779135044.5269637,8907,500,486
1779135044.5331283,8908,489,486
1779135044.5469031,8909,478,486
1779135044.555711,8910,470,486
1779135044.5719438,8911,460,486
1779135044.5808153,8912,451,486
1779135044.5808501,8913,444,487
1779135044.594508,8914,435,487
1779135044.5995324,8915,425,487
1779135044.610733,8916,416,487
1779135044.624406,8917,408,487
1779135044.6331277,8918,402,487
1779135044.6469162,8919,397,488
1779135044.6533067,8920,391,488
1779135044.6619027,8921,387,488
1779135044.6756704,8922,383,489
1779135044.6832745,8923,381,489
1779135044.694422,8924,381,489
1779135044.7032301,8925,381,489
1779135044.7169693,8926,381,490
1779135044.7257276,8927,378,490
1779135044.7420387,8928,376,491
1779135044.7420573,8929,372,491
1779135044.7507138,8930,368,492
1779135044.7643874,8931,363,492
1779135044.7706833,8932,359,492
1779135044.7843251,8933,357,492
1779135044.798095,8934,357,493
1779135044.8030891,8935,354,493
1779135044.833171,8936,354,492
1779135044.8343859,8937,352,492
1779135044.8594434,8938,349,492
1779135044.8606346,8939,348,492
1779135044.8819935,8940,350,492
1779135044.8832471,8941,352,493
1779135044.8843832,8942,354,493
1779135044.8932939,8943,355,494
1779135044.9007368,8944,355,494
1779135044.9007542,8945,353,494
1779135044.9143531,8946,351,494
1779135044.9206975,8947,348,493
1779135044.9319494,8948,343,494
1779135044.9456844,8949,336,495
1779135044.9506028,8950,329,495
1779135044.9643295,8951,319,495
1779135044.9706185,8952,308,494
1779135044.9843893,8953,300,493
1779135044.9957044,8954,293,494
1779135045.00435,8955,288,495
1779135045.0157335,8956,283,496
1779135045.024443,8957,278,496
1779135045.038143,8958,273,496
1779135045.0468488,8959,269,496
1779135045.063201,8960,269,496
1779135045.0632343,8961,268,496
1779135045.0718727,8962,269,496
1779135045.0806553,8963,271,496
1779135045.091894,8964,273,496
1779135045.1031587,8965,275,496
1779135045.1119025,8966,279,496
1779135045.125828,8967,285,497
1779135045.1319494,8968,294,496
1779135045.14575,8969,312,496
1779135045.154369,8970,340,496
1779135045.1632714,8971,379,496
1779135045.1744177,8972,431,496
1779135045.2044513,8973,496,497
1779135045.205617,8974,569,497
1779135045.2243822,8975,652,497
1779135045.226918,8976,738,497
1779135045.2269347,8977,822,497
1779135045.2281373,8978,899,497
1779135045.2419255,8979,963,497
1779135045.2531102,8980,975,497
1779135045.2618928,8981,975,498
1779135045.2756364,8982,975,496
1779135045.2843916,8983,975,495
1779135045.2956643,8984,975,495
1779135045.306865,8985,975,495
1779135045.3156264,8986,975,494
1779135045.329523,8987,975,494
1779135045.3357208,8988,975,495
1779135045.34943,8989,975,493
1779135045.3581982,8990,975,494
1779135045.371979,8991,945,493
1779135045.3806705,8992,909,493
1779135045.3806877,8993,871,492
1779135045.3944073,8994,834,491
1779135045.4006255,8995,797,491
1779135045.4106095,8996,759,491
1779135045.4243922,8997,723,490
1779135045.433146,8998,689,490
1779135045.446961,8999,659,490
1779135045.4756668,9000,631,490
1779135045.4768634,9001,607,489
1779135045.4781601,9002,589,489
1779135045.4919121,9003,575,489
1779135045.4931114,9004,568,488
1779135045.5081494,9005,564,488
1779135045.5143864,9006,564,488
1779135045.5281773,9007,564,487
1779135045.5444791,9008,564,487
1779135045.5457726,9009,563,487
1779135045.5457907,9010,560,486
1779135045.570657,9011,556,486
1779135045.5718465,9012,548,485
1779135045.590746,9013,538,484
1779135045.5919454,9014,526,484
1779135045.6056848,9015,510,483
1779135045.6156723,9016,492,483
1779135045.6219141,9017,477,482
1779135045.635668,9018,462,482
1779135045.644464,9019,449,481
1779135045.6556277,9020,439,481
1779135045.664386,9021,430,480
1779135045.6781292,9022,424,479
1779135045.6868906,9023,420,477
1779135045.703191,9024,417,476
1779135045.703205,9025,415,474
1779135045.712029,9026,415,472
1779135045.7207077,9027,415,471
1779135045.7318773,9028,416,470
1779135045.740684,9029,417,468
1779135045.7545068,9030,417,467
1779135045.7631497,9031,419,466
1779135045.7743728,9032,420,465
1779135045.7831798,9033,422,465
1779135045.7969089,9034,423,464
1779135045.8056247,9035,423,463
1779135045.8168657,9036,423,463
1779135045.8256493,9037,422,463
1779135045.8394105,9038,423,463
1779135045.8531249,9039,420,463
1779135045.8594224,9040,419,463
1779135045.8594458,9041,415,463
1779135045.8732266,9042,409,463
1779135045.8820617,9043,407,464
1779135045.8932707,9044,406,464
1779135045.9019186,9045,403,465
1779135045.938147,9046,402,465
1779135045.9394116,9047,399,466
1779135045.964447,9048,396,466
1779135045.965645,9049,392,465
1779135045.9694998,9050,390,465
1779135045.9706957,9051,385,466
1779135045.9770002,9052,382,467
1779135045.9907467,9053,376,468
1779135045.9969082,9054,371,470
1779135046.0107083,9055,366,471
1779135046.0220437,9056,360,472
1779135046.0220637,9057,357,473
1779135046.0294054,9058,352,475
1779135046.043179,9059,348,476
1779135046.0494983,9060,344,476
1779135046.0631766,9061,340,478
1779135046.0719192,9062,337,479
1779135046.0806715,9063,333,480
1779135046.1131802,9064,335,481
1779135046.1143844,9065,340,482
1779135046.1156766,9066,355,483
1779135046.1244364,9067,384,484
1779135046.1344025,9068,427,485
1779135046.143148,9069,486,486
1779135046.157004,9070,560,487
1779135046.1657674,9071,643,489
1779135046.1819663,9072,733,490
1779135046.1907141,9073,821,491
1779135046.1907358,9074,904,492
1779135046.2044723,9075,971,492
1779135046.210687,9076,975,492
1779135046.2243953,9077,975,494
1779135046.2331471,9078,975,496
1779135046.2419448,9079,975,495
1779135046.2532742,9080,975,496
1779135046.2619102,9081,975,497
1779135046.2756617,9082,975,498
1779135046.3220155,9083,975,500
1779135046.3232098,9084,975,499
1779135046.3244321,9085,975,499
1779135046.3256793,9086,975,502
1779135046.3268936,9087,944,502
1779135046.3420079,9088,895,502
1779135046.3420546,9089,844,502
1779135046.350754,9090,795,503
1779135046.3594494,9091,747,504
1779135046.3707104,9092,704,504
1779135046.3794615,9093,666,505
1779135046.3932106,9094,635,505
1779135046.4069653,9095,608,505
1779135046.4132044,9096,585,505
1779135046.4270499,9097,566,506
1779135046.433318,9098,549,506
1779135046.4495654,9099,536,507
1779135046.4508111,9100,527,507
1779135046.4657438,9101,519,507
1779135046.4743872,9102,513,507
1779135046.4881756,9103,508,507
1779135046.5045378,9104,502,506
1779135046.5057979,9105,496,506
1779135046.5058117,9106,490,506
1779135046.5195217,9107,485,505
1779135046.5307822,9108,479,506
1779135046.539407,9109,472,506
1779135046.554448,9110,464,505
1779135046.5608053,9111,456,506
1779135046.5718992,9112,447,506
1779135046.5806766,9113,436,506
1779135046.594381,9114,425,506
1779135046.6031342,9115,415,506
1779135046.6143882,9116,406,506
1779135046.623164,9117,398,507
1779135046.6369717,9118,387,507
1779135046.6456664,9119,377,507
1779135046.6920905,9120,368,508
1779135046.6921074,9121,359,508
1779135046.6932724,9122,349,508
1779135046.6946092,9123,340,508
1779135046.6957343,9124,332,508
1779135046.7107837,9125,327,508
1779135046.7120206,9126,321,509
1779135046.7207735,9127,316,508
1779135046.7532542,9128,312,508
1779135046.7543957,9129,306,509
1779135046.7556918,9130,302,510
1779135046.76318,9131,297,510
1779135046.7744246,9132,295,511
1779135046.7831264,9133,292,511
1779135046.7970338,9134,292,512
1779135046.805714,9135,293,511
1779135046.8219244,9136,295,512
1779135046.8307836,9137,301,513
1779135046.8307996,9138,306,514
1779135046.8444474,9139,310,514
1779135046.850695,9140,312,515
1779135046.8620043,9141,313,514
1779135046.875736,9142,312,515
1779135046.8844523,9143,309,515
1779135046.8959155,9144,304,515
1779135046.9094172,9145,300,516
1779135046.914411,9146,294,517
1779135046.9282422,9147,288,517
1779135046.9344096,9148,284,517
1779135046.9482682,9149,279,518
1779135046.9619684,9150,275,518
1779135046.9707603,9151,272,519
1779135046.9820857,9152,270,518
1779135046.982101,9153,268,519
1779135046.9907587,9154,268,520
1779135046.999556,9155,269,519
1779135047.0107863,9156,275,521
1779135047.0581741,9157,285,521
1779135047.0594363,9158,304,522
1779135047.0606587,9159,335,523
1779135047.0619183,9160,382,524
1779135047.0632246,9161,443,524
1779135047.0757413,9162,515,524
1779135047.0844257,9163,597,526
1779135047.0956707,9164,687,526
1779135047.1044145,9165,775,527
1779135047.1181738,9166,860,528
1779135047.126949,9167,934,527
1779135047.1432865,9168,975,528
1779135047.143304,9169,975,528
1779135047.1519346,9170,975,528
1779135047.1657236,9171,975,528
1779135047.1744142,9172,975,529
1779135047.1832807,9173,975,529
1779135047.1919367,9174,975,529
1779135047.2060485,9175,975,531
1779135047.21229,9176,975,529
1779135047.2257652,9177,975,530
1779135047.234427,9178,975,530
1779135047.243196,9179,963,530
1779135047.2544687,9180,919,530
1779135047.2682445,9181,875,528
1779135047.274448,9182,833,529
1779135047.2857535,9183,791,528
1779135047.3019466,9184,748,527
1779135047.3107846,9185,708,527
1779135047.310806,9186,670,526
1779135047.3194492,9187,636,525
1779135047.3307827,9188,607,524
1779135047.3395183,9189,584,521
1779135047.3533237,9190,568,520
1779135047.3620396,9191,556,518
1779135047.395791,9192,547,516
1779135047.3969903,9193,540,513
1779135047.4220078,9194,534,511
1779135047.4232035,9195,528,508
1779135047.4433653,9196,523,505
1779135047.4444745,9197,519,502
1779135047.4456873,9198,514,499
1779135047.4469543,9199,508,495
1779135047.4633787,9200,500,492
1779135047.4634576,9201,491,489
1779135047.4721704,9202,484,486
1779135047.4808095,9203,478,484
1779135047.4920244,9204,471,482
1779135047.500793,9205,461,480
1779135047.5145774,9206,448,479
1779135047.5232472,9207,434,478
1779135047.534488,9208,420,476
1779135047.5432827,9209,408,476
1779135047.5570428,9210,401,475
1779135047.565831,9211,392,474
1779135047.5770774,9212,385,473
1779135047.5857804,9213,378,473
1779135047.5996408,9214,375,472
1779135047.608304,9215,371,471
1779135047.624486,9216,371,470
1779135047.6259003,9217,371,469
1779135047.6259565,9218,371,468
1779135047.6395109,9219,369,467
1779135047.650739,9220,367,467
1779135047.6645353,9221,364,465
1779135047.6708317,9222,363,465
1779135047.684506,9223,360,464
1779135047.6907973,9224,359,464
1779135047.7044933,9225,358,463
1779135047.7158759,9226,356,464
1779135047.7220714,9227,358,464
1779135047.7334082,9228,360,465
1779135047.7420514,9229,360,465
1779135047.7720616,9230,361,464
1779135047.773261,9231,359,465
1779135047.7983022,9232,355,465
1779135047.7995584,9233,351,466
1779135047.7995749,9234,346,467
1779135047.8008728,9235,340,469
1779135047.812042,9236,334,470
1779135047.8244507,9237,328,471
1779135047.8332016,9238,325,472
1779135047.8419623,9239,321,474
1779135047.8532104,9240,316,476
1779135047.8669755,9241,311,477
1779135047.873235,9242,304,479
1779135047.887106,9243,300,481
1779135047.8932889,9244,299,482
1779135047.9069684,9245,300,484
1779135047.9157648,9246,313,486
1779135047.932197,9247,337,488
1779135047.9408607,9248,380,490
1779135047.9495885,9249,439,491
1779135047.949607,9250,513,493
1779135047.9632947,9251,601,494
1779135047.9695835,9252,696,496
1779135047.9832983,9253,791,496
1779135047.9919448,9254,883,497
1779135048.0008135,9255,964,497
1779135048.0358298,9256,975,498
1779135048.0369787,9257,975,498
1779135048.038219,9258,975,498
1779135048.043255,9259,975,497
1779135048.0544865,9260,975,497
1779135048.0681872,9261,975,496
1779135048.0731876,9262,975,495
1779135048.0869434,9263,975,493
1779135048.1034083,9264,975,492
1779135048.1034296,9265,975,492
1779135048.111944,9266,975,491
1779135048.1395516,9267,975,491
1779135048.1645775,9268,975,489
1779135048.165928,9269,975,488
1779135048.183216,9270,953,488
1779135048.1844676,9271,902,488
1779135048.1858408,9272,848,487
1779135048.18704,9273,795,488
1779135048.1969523,9274,744,488
1779135048.205767,9275,696,488
1779135048.2169964,9276,655,488
1779135048.2257652,9277,619,489
1779135048.239489,9278,591,489
1779135048.2482436,9279,570,490
1779135048.2644634,9280,555,490
1779135048.2658136,9281,544,491
1779135048.2658315,9282,537,491
1779135048.279467,9283,533,492
1779135048.29087,9284,531,492
1779135048.2994485,9285,529,492
1779135048.3133037,9286,527,493
1779135048.3221118,9287,521,493
1779135048.3332825,9288,518,494
1779135048.3421538,9289,512,494
1779135048.352079,9290,506,494
1779135048.3658633,9291,498,494
1779135048.37632,9292,488,495
1779135048.3841105,9293,479,495
1779135048.3970668,9294,472,495
1779135048.4068327,9295,463,495
