ts,nSeq,ppg,pzt
1779135262.1399472,0,521,145
1779135262.1498444,1,448,152
1779135262.163558,2,383,160
1779135262.172373,3,329,167
1779135262.1836069,4,285,172
1779135262.1923463,5,251,175
1779135262.206271,6,224,177
1779135262.2336264,7,207,178
1779135262.23481,8,194,179
1779135262.2360723,9,188,179
1779135262.2536106,10,188,179
1779135262.2548356,11,191,177
1779135262.2661755,12,201,175
1779135262.2748606,13,213,172
1779135262.2886784,14,228,169
1779135262.29734,15,243,167
1779135262.298709,16,258,164
1779135262.3136966,17,269,161
1779135262.3224723,18,279,159
1779135262.3311944,19,285,156
1779135262.3424914,20,287,153
1779135262.3511298,21,286,151
1779135262.3761837,22,284,147
1779135262.3773682,23,281,148
1779135262.4025176,24,275,148
1779135262.4036644,25,271,149
1779135262.4123142,26,265,149
1779135262.413593,27,260,150
1779135262.4248455,28,256,148
1779135262.433692,29,250,144
1779135262.4473634,30,243,140
1779135262.4560943,31,237,135
1779135262.4573252,32,230,130
1779135262.4761825,33,224,126
1779135262.4811785,34,219,123
1779135262.4948475,35,213,121
1779135262.501072,36,208,119
1779135262.5149293,37,205,117
1779135262.524058,38,199,115
1779135262.532368,39,194,113
1779135262.5435853,40,190,109
1779135262.5524182,41,184,102
1779135262.5660977,42,183,95
1779135262.5749385,43,182,89
1779135262.5861642,44,185,83
1779135262.5948703,45,194,80
1779135262.6086278,46,215,81
1779135262.6173534,47,255,87
1779135262.6186519,48,316,95
1779135262.633665,49,396,105
1779135262.6424384,50,489,115
1779135262.651144,51,591,126
1779135262.6624498,52,692,134
1779135262.6723533,53,787,140
1779135262.686312,54,869,143
1779135262.6923306,55,934,143
1779135262.7036412,56,974,139
1779135262.7173848,57,975,134
1779135262.7223601,58,975,133
1779135262.7474654,59,975,131
1779135262.7485914,60,975,134
1779135262.7761898,61,961,138
1779135262.7773304,62,921,143
1779135262.7986672,63,877,149
1779135262.7998633,64,832,155
1779135262.8010643,65,790,160
1779135262.8023434,66,749,166
1779135262.81625,67,710,173
1779135262.8224332,68,671,181
1779135262.831182,69,635,187
1779135262.8448439,70,600,193
1779135262.881234,71,568,200
1779135262.882397,72,539,212
1779135262.883596,73,511,223
1779135262.8848073,74,487,234
1779135262.898588,75,466,246
1779135262.904825,76,449,255
1779135262.9185984,77,440,264
1779135262.924926,78,438,272
1779135262.93871,79,438,280
1779135262.939851,80,440,286
1779135262.9548507,81,445,292
1779135262.9636095,82,451,296
1779135262.9723394,83,456,301
1779135262.9836113,84,460,306
1779135262.9923544,85,463,311
1779135263.0062215,86,463,315
1779135263.0148487,87,460,321
1779135263.0261755,88,454,327
1779135263.0348206,89,445,335
1779135263.048674,90,435,344
1779135263.0573368,91,424,352
1779135263.0686295,92,410,361
1779135263.0773585,93,395,368
1779135263.103688,94,379,376
1779135263.1049685,95,362,382
1779135263.1298957,96,345,387
1779135263.13107,97,329,393
1779135263.1561747,98,314,399
1779135263.1573277,99,300,405
1779135263.1687539,100,287,411
1779135263.1698744,101,276,415
1779135263.1710794,102,267,420
1779135263.172338,103,259,425
1779135263.183595,104,254,431
1779135263.1923413,105,252,438
1779135263.2024393,106,252,445
1779135263.2162364,107,255,453
1779135263.224957,108,260,461
1779135263.2336786,109,269,470
1779135263.2473774,110,285,480
1779135263.256243,111,312,489
1779135263.2574615,112,354,499
1779135263.272485,113,410,507
1779135263.2811656,114,481,514
1779135263.2950132,115,560,520
1779135263.3011506,116,646,526
1779135263.3150973,117,729,530
1779135263.323794,118,806,534
1779135263.3325295,119,869,537
1779135263.3436542,120,915,540
1779135263.3524876,121,944,541
1779135263.3664756,122,955,541
1779135263.3751724,123,950,542
1779135263.3862422,124,931,542
1779135263.3951473,125,899,541
1779135263.4064226,126,856,541
1779135263.415083,127,808,540
1779135263.4213417,128,758,540
1779135263.434931,129,706,540
1779135263.4400299,130,655,539
1779135263.4537733,131,606,537
1779135263.4837725,132,557,534
1779135263.4849384,133,513,530
1779135263.4863229,134,474,526
1779135263.5226212,135,437,521
1779135263.5236392,136,404,516
1779135263.5487347,137,378,513
1779135263.5500274,138,357,510
1779135263.5663307,139,342,510
1779135263.5674396,140,331,512
1779135263.5686238,141,324,517
1779135263.569946,142,322,524
1779135263.578867,143,323,531
1779135263.5848897,144,328,539
1779135263.5936563,145,337,545
1779135263.602432,146,347,551
1779135263.611153,147,359,556
1779135263.627429,148,371,559
1779135263.628664,149,385,561
1779135263.6424232,150,397,564
1779135263.656131,151,406,566
1779135263.6623662,152,412,567
1779135263.6762733,153,415,565
1779135263.6848943,154,415,565
1779135263.6936767,155,414,563
1779135263.704889,156,411,563
1779135263.7136338,157,408,563
1779135263.7273476,158,406,565
1779135263.736324,159,402,567
1779135263.7373424,160,393,570
1779135263.7523892,161,382,574
1779135263.761147,162,369,577
1779135263.774913,163,355,582
1779135263.7812667,164,339,585
1779135263.7948875,165,322,589
1779135263.8036418,166,305,591
1779135263.8136797,167,288,593
1779135263.8662884,168,273,595
1779135263.8674219,169,259,596
1779135263.8686197,170,248,600
1779135263.8699765,171,242,602
1779135263.8712037,172,239,604
1779135263.8787208,173,242,604
1779135263.8874242,174,251,606
1779135263.901212,175,268,608
1779135263.9024687,176,295,607
1779135263.914986,177,339,607
1779135263.9237263,178,398,608
1779135263.9324565,179,472,607
1779135263.9437594,180,557,607
1779135263.9523594,181,649,606
1779135263.9662743,182,744,607
1779135263.9750073,183,834,608
1779135263.9862113,184,912,610
1779135263.994868,185,971,612
1779135264.0086167,186,975,613
1779135264.016167,187,975,615
1779135264.0274694,188,975,615
1779135264.0362668,189,975,615
1779135264.0499556,190,975,615
1779135264.0586379,191,975,615
1779135264.0598958,192,975,615
1779135264.0748665,193,941,615
1779135264.0836852,194,888,615
1779135264.092396,195,832,615
1779135264.1037884,196,775,616
1779135264.1124222,197,719,618
1779135264.1236281,198,666,619
1779135264.1537998,199,617,620
1779135264.1550255,200,568,619
1779135264.1563864,201,520,618
1779135264.1711283,202,478,618
1779135264.1723754,203,438,620
1779135264.1886618,204,406,623
1779135264.2212718,205,379,627
1779135264.2223995,206,359,630
1779135264.2399523,207,344,632
1779135264.2412875,208,334,631
1779135264.242538,209,328,628
1779135264.243686,210,328,628
1779135264.2574325,211,331,632
1779135264.2586875,212,337,639
1779135264.273657,213,343,647
1779135264.2824333,214,351,659
1779135264.2961814,215,359,671
1779135264.3023953,216,365,682
1779135264.3163078,217,371,689
1779135264.3249898,218,375,693
1779135264.335134,219,377,694
1779135264.3513398,220,379,696
1779135264.3525124,221,379,698
1779135264.3663054,222,377,703
1779135264.3800344,223,373,708
1779135264.3811848,224,371,713
1779135264.391224,225,369,716
1779135264.3999755,226,368,719
1779135264.41387,227,367,721
1779135264.4199398,228,365,722
1779135264.433723,229,359,721
1779135264.442455,230,353,721
1779135264.4563127,231,345,720
1779135264.4625194,232,337,721
1779135264.4763472,233,329,721
1779135264.4900255,234,322,722
1779135264.4949622,235,315,724
1779135264.5112898,236,310,727
1779135264.5200286,237,307,729
1779135264.528805,238,304,731
1779135264.5401645,239,304,733
1779135264.5402024,240,304,734
1779135264.5513232,241,313,734
1779135264.5601304,242,334,732
1779135264.5900118,243,367,729
1779135264.591312,244,418,727
1779135264.6050024,245,485,724
1779135264.6062288,246,564,722
1779135264.6149564,247,654,720
1779135264.623713,248,744,717
1779135264.6349986,249,831,714
1779135264.6437888,250,908,711
1779135264.6575997,251,969,708
1779135264.6662457,252,975,705
1779135264.6774724,253,975,701
1779135264.6912549,254,975,696
1779135264.697462,255,975,693
1779135264.7024076,256,975,690
1779135264.713728,257,975,687
1779135264.7224972,258,927,684
1779135264.736293,259,875,681
1779135264.7449803,260,823,677
1779135264.7551029,261,774,673
1779135264.7638264,262,729,668
1779135264.7937717,263,685,664
1779135264.7948968,264,644,661
1779135264.796166,265,605,659
1779135264.8061967,266,567,659
1779135264.8149867,267,531,658
1779135264.828658,268,496,657
1779135264.8374283,269,464,656
1779135264.8461425,270,435,656
1779135264.8561852,271,408,656
1779135264.8611605,272,386,658
1779135264.8724155,273,372,661
1779135264.8811805,274,366,666
1779135264.8950016,275,366,671
1779135264.9037938,276,373,679
1779135264.9149988,277,386,686
1779135264.9236655,278,400,694
1779135264.9587412,279,414,702
1779135264.9600203,280,428,709
1779135264.9749255,281,440,717
1779135264.9761436,282,451,724
1779135264.977382,283,462,729
1779135264.9911883,284,470,735
1779135264.997581,285,476,738
1779135265.0112965,286,480,741
1779135265.0174897,287,482,744
1779135265.0224903,288,484,747
1779135265.033758,289,483,749
1779135265.0424016,290,479,752
1779135265.056272,291,469,753
1779135265.063691,292,456,754
1779135265.0749958,293,442,755
1779135265.083713,294,424,756
1779135265.0974708,295,407,757
1779135265.1062748,296,390,759
1779135265.1175017,297,372,760
1779135265.1262705,298,355,759
1779135265.1400187,299,338,758
1779135265.1487868,300,323,757
1779135265.1599944,301,309,755
1779135265.168791,302,297,751
1779135265.1826127,303,283,748
1779135265.182642,304,270,743
1779135265.1963792,305,257,737
1779135265.2025762,306,245,730
1779135265.2162693,307,238,724
1779135265.2250016,308,236,716
1779135265.2337801,309,246,708
1779135265.2450037,310,269,703
1779135265.2537239,311,307,699
1779135265.2674358,312,359,695
1779135265.2737694,313,426,693
1779135265.290047,314,503,691
1779135265.2950294,315,584,689
1779135265.3199842,316,667,688
1779135265.3211746,317,743,686
1779135265.3401053,318,805,683
1779135265.3412802,319,854,679
1779135265.3423953,320,886,675
1779135265.3563652,321,900,670
1779135265.357419,322,896,663
1779135265.3736699,323,873,656
1779135265.3824477,324,838,648
1779135265.3962064,325,792,640
1779135265.4024012,326,739,631
1779135265.4337003,327,682,621
1779135265.4349701,328,623,612
1779135265.4361625,329,566,604
1779135265.445024,330,508,596
1779135265.453673,331,455,587
1779135265.4674091,332,405,579
1779135265.4749389,333,363,572
1779135265.486152,334,328,566
1779135265.4949386,335,303,559
1779135265.5011895,336,286,552
1779135265.5100193,337,277,545
1779135265.5212207,338,275,536
1779135265.529925,339,278,526
1779135265.5437155,340,288,515
1779135265.5525496,341,302,503
1779135265.5637083,342,320,490
1779135265.5725086,343,341,477
1779135265.5825007,344,363,464
1779135265.596326,345,384,451
1779135265.603772,346,404,438
1779135265.6175652,347,420,426
1779135265.6262555,348,432,413
1779135265.6350172,349,438,401
1779135265.6462383,350,439,390
1779135265.654922,351,434,379
1779135265.6800044,352,424,368
1779135265.6812434,353,411,356
1779135265.7062042,354,395,346
1779135265.707406,355,376,337
1779135265.7136753,356,359,332
1779135265.714912,357,343,333
1779135265.7236638,358,327,337
1779135265.7324343,359,315,342
1779135265.746183,360,302,344
1779135265.7549765,361,289,345
1779135265.7662344,362,276,344
1779135265.7749832,363,261,344
1779135265.7849257,364,246,347
1779135265.7987125,365,229,353
1779135265.8061862,366,213,363
1779135265.8199685,367,201,373
1779135265.8211823,368,192,383
1779135265.8299832,369,184,391
1779135265.846297,370,180,398
1779135265.847449,371,177,403
1779135265.861281,372,179,408
1779135265.8750932,373,187,411
1779135265.8812897,374,204,413
1779135265.8926048,375,233,414
1779135265.9013925,376,273,415
1779135265.9150581,377,327,415
1779135265.9237072,378,393,415
1779135265.9325247,379,465,414
1779135265.946306,380,538,413
1779135265.9550562,381,606,410
1779135265.9662669,382,666,407
1779135265.9750543,383,713,401
1779135265.9813015,384,748,395
1779135265.9899747,385,767,384
1779135266.0011642,386,772,372
1779135266.0099359,387,762,358
1779135266.0237093,388,740,344
1779135266.0486987,389,708,331
1779135266.04994,390,669,318
1779135266.0762117,391,625,308
1779135266.0774732,392,580,298
1779135266.1024413,393,533,290
1779135266.1036823,394,488,283
1779135266.1099548,395,446,278
1779135266.111189,396,408,273
1779135266.1124368,397,372,273
1779135266.128741,398,341,273
1779135266.1374478,399,313,275
1779135266.1386802,400,290,276
1779135266.1524458,401,272,277
1779135266.1636736,402,259,277
1779135266.1724732,403,249,278
1779135266.1861947,404,243,280
1779135266.1950827,405,242,286
1779135266.207461,406,246,293
1779135266.216369,407,251,302
1779135266.2250667,408,262,312
1779135266.2388294,409,273,323
1779135266.2474833,410,286,336
1779135266.2562969,411,299,350
1779135266.2699697,412,312,364
1779135266.2787638,413,323,380
1779135266.2899692,414,337,394
1779135266.303824,415,346,409
1779135266.3038552,416,357,424
1779135266.3099568,417,364,439
1779135266.3238454,418,370,455
1779135266.3299735,419,372,471
1779135266.343793,420,372,488
1779135266.3525789,421,367,505
1779135266.3612678,422,361,524
1779135266.372622,423,354,541
1779135266.381276,424,349,558
1779135266.3950372,425,342,573
1779135266.4375699,426,335,586
1779135266.4387183,427,327,596
1779135266.446302,428,318,603
1779135266.4474726,429,311,606
1779135266.448877,430,306,608
1779135266.4651158,431,302,607
1779135266.4662783,432,298,605
1779135266.4725642,433,297,603
1779135266.4813266,434,299,600
1779135266.4924843,435,303,599
1779135266.5064065,436,312,596
1779135266.5125885,437,325,595
1779135266.523803,438,348,595
1779135266.5350826,439,380,595
1779135266.5438225,440,428,597
1779135266.5575314,441,491,600
1779135266.566315,442,569,604
1779135266.5776658,443,658,609
1779135266.5862188,444,754,613
1779135266.5999832,445,850,617
1779135266.6088612,446,941,622
1779135266.6199975,447,975,626
1779135266.6276321,448,975,631
1779135266.6287158,449,975,636
1779135266.6425438,450,975,639
1779135266.653761,451,975,642
1779135266.6624787,452,975,644
1779135266.6762009,453,975,646
1779135266.684976,454,975,646
1779135266.7138274,455,975,644
1779135266.7149591,456,975,641
1779135266.716309,457,975,639
1779135266.7325225,458,975,636
1779135266.7337198,459,975,634
1779135266.748915,460,975,632
1779135266.7574887,461,935,631
1779135266.782517,462,858,630
1779135266.783744,463,780,630
1779135266.8087687,464,704,631
1779135266.8099358,465,631,633
1779135266.8164573,466,563,634
1779135266.8174775,467,502,634
1779135266.8187385,468,448,634
1779135266.833819,469,400,632
1779135266.8399754,470,363,632
1779135266.8562076,471,334,631
1779135266.8612173,472,314,628
1779135266.874961,473,304,627
1779135266.8837757,474,302,625
1779135266.8949492,475,304,624
1779135266.9087255,476,311,620
1779135266.913729,477,319,614
1779135266.927569,478,329,603
1779135266.933803,479,342,589
1779135266.9449933,480,354,574
1779135266.9499464,481,365,558
1779135266.9637496,482,374,543
1779135266.969967,483,379,529
1779135266.9837363,484,380,517
1779135266.9926403,485,378,508
1779135267.0013194,486,373,503
1779135267.0124779,487,367,499
1779135267.0212233,488,358,499
1779135267.0349698,489,347,499
1779135267.0461912,490,335,502
1779135267.0524397,491,323,508
1779135267.0662766,492,310,517
1779135267.0750618,493,294,527
1779135267.0837898,494,279,538
1779135267.0949914,495,264,550
1779135267.1039283,496,250,562
1779135267.1124804,497,238,575
1779135267.1213036,498,228,589
1779135267.1314032,499,222,601
1779135267.1762428,500,220,614
1779135267.1774569,501,225,624
1779135267.1787872,502,240,635
1779135267.1800332,503,270,646
1779135267.1850495,504,318,655
1779135267.1988077,505,383,664
1779135267.2038033,506,464,673
1779135267.2151396,507,557,680
1779135267.228803,508,653,687
1779135267.2350528,509,747,692
1779135267.2487254,510,832,696
1779135267.2575045,511,902,700
1779135267.262505,512,953,702
1779135267.2712379,513,975,705
1779135267.2800772,514,975,705
1779135267.2899876,515,975,707
1779135267.3037517,516,957,710
1779135267.3125267,517,911,711
1779135267.3213053,518,852,714
1779135267.3538435,519,785,716
1779135267.355045,520,712,718
1779135267.3562143,521,637,719
1779135267.36377,522,565,719
1779135267.3750122,523,497,719
1779135267.3837488,524,435,718
1779135267.3974748,525,382,716
1779135267.4062483,526,337,713
1779135267.4174457,527,300,710
1779135267.4225004,528,271,707
1779135267.4313273,529,251,704
1779135267.4451249,530,240,702
1779135267.4512928,531,236,699
1779135267.4651077,532,239,698
1779135267.4737458,533,248,696
1779135267.4875083,534,260,695
1779135267.4937224,535,275,693
1779135267.5187263,536,291,690
1779135267.52001,537,310,687
1779135267.5451274,538,329,685
1779135267.546311,539,349,683
1779135267.5700848,540,370,680
1779135267.5713284,541,389,679
1779135267.5725799,542,408,679
1779135267.5825396,543,428,678
1779135267.5875273,544,447,677
1779135267.5964785,545,466,675
1779135267.5976915,546,483,673
1779135267.6137414,547,497,671
1779135267.6224988,548,510,668
1779135267.6312256,549,519,665
1779135267.6450076,550,524,662
1779135267.6512141,551,524,658
1779135267.6651073,552,521,655
1779135267.673842,553,517,652
1779135267.6824806,554,509,647
1779135267.6937613,555,499,643
1779135267.702607,556,486,639
1779135267.716317,557,471,633
1779135267.7250383,558,454,628
1779135267.7363176,559,436,623
1779135267.7413518,560,419,618
1779135267.750091,561,399,612
1779135267.7638776,562,381,607
1779135267.770077,563,366,602
1779135267.7851403,564,356,596
1779135267.793744,565,357,591
1779135267.8025548,566,372,587
1779135267.8137648,567,408,583
1779135267.8226142,568,467,579
1779135267.836341,569,547,576
1779135267.845195,570,644,573
1779135267.8563502,571,756,570
1779135267.8813481,572,873,568
1779135267.8825908,573,975,567
1779135267.9074676,574,975,564
1779135267.908739,575,975,562
1779135267.9262326,576,975,560
1779135267.9274793,577,975,559
1779135267.9287243,578,975,557
1779135267.9299893,579,975,555
1779135267.9450843,580,975,552
1779135267.9538243,581,975,548
1779135267.9625778,582,975,545
1779135267.9962533,583,975,542
1779135267.9974766,584,975,538
1779135267.9987307,585,975,535
1779135268.0074973,586,975,531
1779135268.0137181,587,975,528
1779135268.02819,588,975,527
1779135268.036438,589,975,527
1779135268.0450118,590,975,527
1779135268.0563378,591,975,527
1779135268.0650046,592,968,527
1779135268.0699978,593,848,527
1779135268.0837548,594,734,528
1779135268.0900934,595,626,528
1779135268.10123,596,527,528
1779135268.11498,597,439,529
1779135268.1238198,598,365,530
1779135268.1350303,599,306,530
1779135268.1437345,600,259,531
1779135268.1575096,601,225,531
1779135268.1662586,602,202,531
1779135268.1775007,603,188,531
1779135268.1862748,604,179,530
1779135268.2012813,605,175,529
1779135268.2063243,606,174,527
1779135268.22258,607,174,528
1779135268.2225966,608,175,528
1779135268.231276,609,176,527
1779135268.2750835,610,175,526
1779135268.2762473,611,177,526
1779135268.2775,612,177,524
1779135268.2788649,613,176,522
1779135268.2888367,614,174,521
1779135268.29384,615,172,519
1779135268.3050282,616,170,519
1779135268.3188462,617,169,520
1779135268.325134,618,168,519
1779135268.3388927,619,169,519
1779135268.34504,620,171,519
1779135268.3589184,621,174,519
1779135268.3675077,622,179,519
1779135268.3813162,623,185,518
1779135268.3825047,624,192,516
1779135268.3925624,625,199,515
1779135268.401291,626,205,513
1779135268.4113014,627,214,511
1779135268.4225395,628,230,510
1779135268.4362874,629,255,505
1779135268.4450495,630,295,498
1779135268.4539077,631,351,490
1779135268.465128,632,425,482
1779135268.4739296,633,512,473
1779135268.487538,634,607,467
1779135268.4963903,635,704,463
1779135268.5075278,636,798,461
1779135268.5163617,637,884,459
1779135268.5300882,638,955,457
1779135268.5388443,639,975,457
1779135268.5401525,640,975,458
1779135268.5550218,641,975,460
1779135268.5639493,642,975,463
1779135268.5726485,643,975,464
1779135268.5839562,644,975,463
1779135268.592639,645,975,463
1779135268.6251423,646,924,464
1779135268.6262853,647,863,465
1779135268.6513183,648,799,466
1779135268.6525216,649,733,467
1779135268.6775997,650,667,468
1779135268.678874,651,601,470
1779135268.6838706,652,541,472
1779135268.6850338,653,484,473
1779135268.6862836,654,434,475
1779135268.700024,655,389,477
1779135268.701286,656,355,478
1779135268.7112508,657,326,479
1779135268.7200522,658,304,480
1779135268.733995,659,290,481
1779135268.740057,660,284,481
1779135268.7538664,661,283,481
1779135268.762545,662,291,481
1779135268.776298,663,303,482
1779135268.7828398,664,319,483
1779135268.7963488,665,335,483
1779135268.8050818,666,352,483
1779135268.8200192,667,366,483
1779135268.8263023,668,378,483
1779135268.8400233,669,386,483
1779135268.848848,670,391,483
1779135268.8627753,671,393,483
1779135268.8639362,672,391,483
1779135268.8739393,673,387,483
1779135268.8825588,674,377,481
1779135268.8913913,675,367,481
1779135268.9026525,676,355,480
1779135268.9164138,677,341,480
1779135268.9213514,678,330,479
1779135268.9350965,679,316,478
1779135268.9464011,680,303,477
1779135268.9550953,681,294,476
1779135268.9688592,682,288,474
1779135269.0100794,683,282,472
1779135269.0112891,684,278,472
1779135269.0176163,685,273,471
1779135269.0189164,686,269,470
1779135269.0201058,687,263,468
1779135269.0251336,688,259,466
1779135269.0389023,689,259,464
1779135269.0400555,690,266,461
1779135269.053915,691,284,459
1779135269.0601053,692,315,456
1779135269.0738454,693,360,453
1779135269.0825617,694,423,450
1779135269.0963008,695,499,447
1779135269.102568,696,587,444
1779135269.1163356,697,678,441
1779135269.1250372,698,769,438
1779135269.1364334,699,852,435
1779135269.1475494,700,921,432
1779135269.1563852,701,971,430
1779135269.1700535,702,975,428
1779135269.1789148,703,975,426
1779135269.1801295,704,975,424
1779135269.1951332,705,975,423
1779135269.2038424,706,975,420
1779135269.212555,707,966,420
1779135269.223857,708,916,417
1779135269.23254,709,861,416
1779135269.2463782,710,802,414
1779135269.2740536,711,742,413
1779135269.2751575,712,681,412
1779135269.2763946,713,622,410
1779135269.2913203,714,564,408
1779135269.2925317,715,511,407
1779135269.3089082,716,461,406
1779135269.3176053,717,418,404
1779135269.3264608,718,378,403
1779135269.3364644,719,346,403
1779135269.3614793,720,321,403
1779135269.3626897,721,301,402
1779135269.3877325,722,288,402
1779135269.3888545,723,281,401
1779135269.3963833,724,281,401
1779135269.3976045,725,287,401
1779135269.4040778,726,295,401
1779135269.4126945,727,303,401
1779135269.4238856,728,311,401
1779135269.4328148,729,318,401
1779135269.4466383,730,326,401
1779135269.455109,731,333,401
1779135269.466371,732,338,401
1779135269.475315,733,339,401
1779135269.4889636,734,340,401
1779135269.4976413,735,339,400
1779135269.499725,736,339,400
1779135269.5152538,737,336,401
1779135269.5226564,738,333,402
1779135269.5313785,739,327,404
1779135269.5426285,740,322,406
1779135269.5514777,741,315,408
1779135269.5651636,742,310,411
1779135269.574049,743,304,414
1779135269.5850863,744,298,417
1779135269.5938554,745,291,420
1779135269.607531,746,288,423
1779135269.6162746,747,284,427
1779135269.6276107,748,281,429
1779135269.6363137,749,280,433
1779135269.6475275,750,280,436
1779135269.66136,751,280,440
1779135269.6625764,752,288,443
1779135269.6725945,753,305,447
1779135269.6813638,754,339,450
1779135269.695158,755,392,453
1779135269.7013788,756,465,456
1779135269.7463746,757,557,459
1779135269.747531,758,665,462
1779135269.7551718,759,782,463
1779135269.7562983,760,903,465
1779135269.7575912,761,975,467
1779135269.7675495,762,975,467
1779135269.7763102,763,975,467
1779135269.7876003,764,975,469
1779135269.7963054,765,975,469
1779135269.8100734,766,975,468
1779135269.8188848,767,975,469
1779135269.8200462,768,975,469
1779135269.8351567,769,975,469
1779135269.843954,770,975,469
1779135269.853961,771,975,469
1779135269.8652847,772,975,469
1779135269.873894,773,975,469
1779135269.8876393,774,975,468
1779135269.9139197,775,975,468
1779135269.9151459,776,975,468
1779135269.9164605,777,975,467
1779135269.9313524,778,975,466
1779135269.9363134,779,975,466
1779135269.9476233,780,975,465
1779135269.957589,781,975,465
1779135269.971424,782,975,464
1779135269.9776306,783,864,464
1779135269.9838483,784,751,463
1779135269.9925613,785,643,463
1779135270.006345,786,547,462
1779135270.0125666,787,466,462
1779135270.023844,788,399,462
1779135270.0375588,789,345,462
1779135270.0425851,790,308,462
1779135270.056309,791,281,462
1779135270.0650623,792,268,463
1779135270.116387,793,261,463
1779135270.1176107,794,262,462
1779135270.1188672,795,267,462
1779135270.1200566,796,275,461
1779135270.1213074,797,282,461
1779135270.13142,798,289,460
1779135270.137625,799,294,460
1779135270.143986,800,297,459
1779135270.1526935,801,298,460
1779135270.1663156,802,298,460
1779135270.1713245,803,296,460
1779135270.182692,804,294,460
1779135270.196412,805,292,461
1779135270.2050688,806,290,460
1779135270.2138703,807,285,460
1779135270.2250507,808,278,459
1779135270.23389,809,270,459
1779135270.24758,810,265,458
1779135270.2562864,811,260,458
1779135270.2675986,812,260,457
1779135270.278954,813,262,456
1779135270.287675,814,269,455
1779135270.3013384,815,278,454
1779135270.3025477,816,291,453
1779135270.3125765,817,310,451
1779135270.3213508,818,337,451
1779135270.3352084,819,371,451
1779135270.3413646,820,414,449
1779135270.3551884,821,464,449
1779135270.3639283,822,521,448
1779135270.375248,823,579,447
1779135270.3864343,824,641,445
1779135270.3951635,825,704,444
1779135270.4089382,826,761,444
1779135270.41766,827,807,444
1779135270.42891,828,837,445
1779135270.4376514,829,852,446
1779135270.4789262,830,850,448
1779135270.480067,831,838,447
1779135270.4877653,832,817,448
1779135270.4888248,833,784,447
1779135270.4900758,834,745,447
1779135270.4913354,835,702,447
1779135270.50266,836,657,448
1779135270.5113704,837,616,448
1779135270.52517,838,579,448
1779135270.5539205,839,542,449
1779135270.5551207,840,505,448
1779135270.5563388,841,469,448
1779135270.566445,842,436,446
1779135270.5751317,843,404,444
1779135270.5826457,844,374,442
1779135270.5964901,845,345,440
1779135270.6051714,846,318,438
1779135270.6196194,847,294,435
1779135270.6201222,848,271,433
1779135270.6351635,849,250,430
1779135270.6440845,850,233,427
1779135270.652715,851,219,424
1779135270.6639767,852,209,421
1779135270.6727138,853,201,418
1779135270.6880882,854,198,415
1779135270.6939847,855,197,413
1779135270.70528,856,201,411
1779135270.7140357,857,208,409
1779135270.7275832,858,222,407
1779135270.736362,859,235,406
1779135270.7475927,860,250,405
1779135270.75631,861,261,403
1779135270.7701273,862,269,403
1779135270.7788723,863,275,401
1779135270.7850952,864,278,401
1779135270.7926219,865,278,401
1779135270.8013504,866,279,400
1779135270.8276398,867,278,401
1779135270.8289154,868,277,401
1779135270.853876,869,272,402
1779135270.8551314,870,267,402
1779135270.8752513,871,259,401
1779135270.8763945,872,252,401
1779135270.8776803,873,246,400
1779135270.887706,874,241,399
1779135270.895123,875,238,398
1779135270.9064314,876,240,396
1779135270.9151866,877,245,394
1779135270.9288647,878,256,393
1779135270.937586,879,275,391
1779135270.938835,880,305,390
1779135270.953853,881,347,389
1779135270.9628866,882,404,387
1779135270.9713366,883,476,386
1779135270.9825933,884,561,384
1779135270.991335,885,656,383
1779135271.0038385,886,757,382
1779135271.012653,887,858,381
1779135271.0238247,888,953,380
1779135271.0375652,889,975,379
1779135271.043826,890,975,379
1779135271.05769,891,975,380
1779135271.0638423,892,975,379
1779135271.0776026,893,975,378
1779135271.0864358,894,975,379
1779135271.095222,895,975,379
1779135271.1039958,896,975,380
1779135271.110208,897,975,380
1779135271.1240046,898,975,380
1779135271.132655,899,975,380
1779135271.143856,900,975,382
1779135271.1526895,901,975,382
1779135271.1663253,902,975,383
1779135271.1938477,903,975,384
1779135271.19519,904,975,385
1779135271.2201102,905,975,385
1779135271.2213428,906,975,386
1779135271.2438214,907,975,387
1779135271.245093,908,975,388
1779135271.246336,909,927,388
1779135271.2475512,910,849,391
1779135271.2613542,911,777,395
1779135271.2628078,912,711,396
1779135271.2726593,913,654,397
1779135271.2813718,914,610,399
1779135271.295137,915,579,402
1779135271.3013492,916,562,405
1779135271.3151965,917,560,408
1779135271.3240478,918,575,411
1779135271.3376873,919,600,414
1779135271.3439019,920,632,416
1779135271.3576279,921,668,418
1779135271.3664558,922,701,420
1779135271.3802397,923,727,423
1779135271.3889666,924,744,426
1779135271.397611,925,752,428
1779135271.411359,926,752,431
1779135271.4201345,927,742,433
1779135271.4213545,928,724,435
1779135271.4314716,929,697,436
1779135271.4401932,930,665,439
1779135271.4539976,931,630,440
1779135271.46269,932,592,441
1779135271.471432,933,553,441
1779135271.485208,934,513,442
1779135271.4940536,935,475,443
1779135271.5051477,936,438,443
1779135271.51763,937,407,444
1779135271.5265155,938,384,445
1779135271.5351818,939,367,446
1779135271.5776196,940,363,446
1779135271.5788946,941,369,447
1779135271.590132,942,396,448
1779135271.591388,943,440,448
1779135271.5926547,944,508,448
1779135271.5938876,945,599,449
1779135271.6039398,946,713,449
1779135271.6126223,947,842,448
1779135271.6226337,948,973,448
1779135271.631385,949,975,447
1779135271.645238,950,975,447
1779135271.653953,951,975,446
1779135271.6651466,952,975,444
1779135271.6738572,953,975,443
1779135271.6876056,954,975,440
1779135271.696415,955,975,438
1779135271.7076418,956,975,435
1779135271.7163842,957,975,432
1779135271.7264023,958,975,429
1779135271.7401009,959,975,426
1779135271.7414207,960,975,424
1779135271.7514133,961,975,422
1779135271.7601619,962,976,419
1779135271.7740066,963,975,417
1779135271.7802255,964,975,414
1779135271.793906,965,976,411
1779135271.8027163,966,976,409
1779135271.836506,967,975,406
1779135271.8377156,968,975,403
1779135271.8389745,969,975,400
1779135271.8488643,970,976,398
1779135271.855104,971,975,394
1779135271.8663874,972,975,393
1779135271.8752813,973,975,391
1779135271.8889039,974,976,389
1779135271.8976848,975,976,389
1779135271.8990374,976,975,388
1779135271.9364204,977,976,390
1779135271.9376757,978,975,391
1779135271.9589655,979,976,393
1779135271.9601955,980,975,396
1779135271.9614122,981,975,398
1779135271.9626918,982,975,399
1779135271.9763699,983,975,401
1779135271.982614,984,975,403
1779135271.9963658,985,975,404
1779135272.005146,986,975,403
1779135272.013924,987,975,404
1779135272.0252125,988,975,403
1779135272.0364695,989,975,401
1779135272.0452466,990,926,400
1779135272.05892,991,825,399
1779135272.0601223,992,734,399
1779135272.0751343,993,647,399
1779135272.0839667,994,568,399
1779135272.0976315,995,501,399
1779135272.1038742,996,446,398
1779135272.1126451,997,400,397
1779135272.1263802,998,367,396
1779135272.135128,999,342,395
1779135272.1452131,1000,325,393
1779135272.1539745,1001,313,391
1779135272.1689677,1002,309,390
1779135272.1752539,1003,310,388
1779135272.1864803,1004,315,386
1779135272.1952355,1005,330,384
1779135272.208963,1006,358,383
1779135272.2176218,1007,402,383
1779135272.21888,1008,467,382
1779135272.2339396,1009,547,382
1779135272.2426443,1010,644,383
1779135272.2513618,1011,753,383
1779135272.2626877,1012,867,384
1779135272.27141,1013,971,385
1779135272.2976782,1014,975,386
1779135272.2989104,1015,975,389
1779135272.3239434,1016,975,391
1779135272.3251386,1017,975,392
1779135272.33021,1018,975,393
1779135272.335187,1019,976,395
1779135272.3477259,1020,975,396
1779135272.3564694,1021,975,396
1779135272.3653235,1022,975,396
1779135272.3789754,1023,976,395
1779135272.380179,1024,975,395
1779135272.3952224,1025,975,396
1779135272.4040117,1026,976,395
1779135272.4127095,1027,975,395
1779135272.4241462,1028,975,395
1779135272.4328249,1029,975,394
1779135272.446449,1030,975,393
1779135272.477751,1031,956,391
1779135272.478902,1032,874,390
1779135272.4801571,1033,793,389
1779135272.4876962,1034,720,388
1779135272.4965117,1035,655,387
1779135272.5077202,1036,600,387
1779135272.5165083,1037,555,386
1779135272.5302176,1038,520,385
1779135272.53896,1039,493,383
1779135272.5401495,1040,476,381
1779135272.557756,1041,466,380
1779135272.558927,1042,463,378
1779135272.5726523,1043,464,378
1779135272.5839462,1044,469,378
1779135272.592676,1045,474,378
1779135272.6064224,1046,480,380
1779135272.6151965,1047,489,381
1779135272.6263988,1048,498,383
1779135272.6352608,1049,505,385
1779135272.6877496,1050,511,387
1779135272.6888838,1051,511,390
1779135272.6901448,1052,508,392
1779135272.6914332,1053,498,395
1779135272.6926277,1054,487,396
1779135272.7064877,1055,473,397
1779135272.7076867,1056,458,398
1779135272.7127047,1057,441,399
1779135272.7264202,1058,423,401
1779135272.7314825,1059,408,404
1779135272.7426453,1060,394,406
1779135272.7589104,1061,380,408
1779135272.7601297,1062,369,410
1779135272.7739766,1063,359,412
1779135272.785206,1064,351,414
1779135272.793921,1065,344,415
1779135272.807684,1066,335,415
1779135272.8164358,1067,327,415
1779135272.8276494,1068,321,415
1779135272.8364043,1069,316,415
1779135272.850169,1070,322,414
1779135272.8588939,1071,337,413
1779135272.8601155,1072,370,412
1779135272.872649,1073,423,412
1779135272.8813908,1074,498,411
1779135272.8952549,1075,590,412
1779135272.9014277,1076,697,413
1779135272.9151325,1077,812,414
1779135272.9238994,1078,926,418
1779135272.9326293,1079,975,421
1779135272.9440048,1080,975,423
1779135272.9526362,1081,976,425
1779135272.966413,1082,976,429
1779135272.9765224,1083,976,432
1779135272.9852526,1084,976,434
1779135272.994017,1085,976,434
1779135273.0077043,1086,976,437
1779135273.037854,1087,976,440
1779135273.039014,1088,976,442
1779135273.062775,1089,976,444
1779135273.0639634,1090,976,446
1779135273.0653236,1091,976,448
1779135273.066528,1092,976,450
1779135273.0814376,1093,976,452
1779135273.0826817,1094,976,453
1779135273.1139586,1095,975,454
1779135273.1151497,1096,835,455
1779135273.1163914,1097,660,455
1779135273.1314378,1098,482,455
1779135273.1326587,1099,299,454
1779135273.1489067,1100,124,452
1779135273.1576946,1101,1,451
1779135273.166543,1102,1,451
1779135273.1802912,1103,1,452
1779135273.1815016,1104,1,453
1779135273.190255,1105,0,455
1779135273.2039516,1106,0,457
1779135273.212665,1107,0,460
1779135273.2239027,1108,0,462
1779135273.2326543,1109,0,464
1779135273.2464478,1110,0,467
1779135273.2551973,1111,0,469
1779135273.2664356,1112,0,472
1779135273.2751987,1113,0,473
1779135273.2877095,1114,0,475
1779135273.2965038,1115,0,476
1779135273.3077238,1116,0,478
1779135273.3164573,1117,0,480
1779135273.3302093,1118,0,481
1779135273.3440466,1119,0,482
1779135273.3451579,1120,0,483
1779135273.3502018,1121,0,483
1779135273.3640344,1122,0,483
1779135273.372758,1123,1,483
1779135273.402688,1124,0,483
1779135273.403903,1125,0,483
1779135273.428919,1126,0,483
1779135273.430154,1127,0,483
1779135273.4351952,1128,0,483
1779135273.4364324,1129,0,483
1779135273.450162,1130,0,484
1779135273.4514017,1131,0,485
1779135273.46764,1132,0,487
1779135273.4764059,1133,0,488
1779135273.48519,1134,0,491
1779135273.4964802,1135,0,492
1779135273.4989138,1136,0,494
1779135273.5139046,1137,0,496
1779135273.5227585,1138,0,497
1779135273.5315049,1139,0,498
1779135273.5426774,1140,0,499
1779135273.5564396,1141,0,501
1779135273.5626965,1142,0,502
1779135273.576526,1143,0,502
1779135273.58277,1144,0,502
1779135273.5964127,1145,0,502
1779135273.603942,1146,1,503
1779135273.6177568,1147,1,502
1779135273.6240497,1148,0,502
1779135273.637683,1149,0,499
1779135273.646425,1150,0,499
1779135273.6602232,1151,1,499
1779135273.661406,1152,1,497
1779135273.6714303,1153,159,496
1779135273.6801796,1154,310,495
1779135273.693935,1155,439,495
1779135273.7001507,1156,542,495
1779135273.7114294,1157,617,495
1779135273.7253003,1158,668,496
1779135273.753949,1159,694,497
1779135273.755164,1160,698,497
1779135273.7802298,1161,681,499
1779135273.7814283,1162,649,499
1779135273.8014574,1163,606,500
1779135273.802685,1164,557,500
1779135273.803925,1165,500,500
1779135273.8052106,1166,445,499
1779135273.8151846,1167,392,499
1779135273.8215394,1168,347,498
1779135273.8352475,1169,309,497
1779135273.8402812,1170,278,497
1779135273.853979,1171,254,496
1779135273.8601756,1172,237,495
1779135273.8739603,1173,227,495
1779135273.8826737,1174,224,494
1779135273.8964598,1175,226,492
1779135273.902737,1176,234,492
1779135273.916426,1177,245,491
1779135273.9252017,1178,261,489
1779135273.9389477,1179,277,488
1779135273.945271,1180,291,487
1779135273.9590113,1181,305,486
1779135273.9676726,1182,314,486
1779135273.9814646,1183,319,487
1779135273.9826772,1184,320,488
1779135273.9926841,1185,318,490
1779135274.0014312,1186,315,492
1779135274.0153675,1187,307,493
1779135274.0252845,1188,298,494
1779135274.0339854,1189,285,495
1779135274.0427926,1190,269,494
1779135274.0565548,1191,252,494
1779135274.0627127,1192,236,493
1779135274.0764751,1193,221,492
1779135274.0852077,1194,206,492
1779135274.0940595,1195,193,491
1779135274.1052763,1196,180,490
1779135274.114018,1197,169,490
1779135274.140221,1198,161,490
1779135274.1415045,1199,156,487
1779135274.1664815,1200,156,487
1779135274.1676905,1201,162,485
1779135274.168923,1202,179,483
1779135274.1701822,1203,205,482
1779135274.1864257,1204,247,482
1779135274.1876855,1205,305,482
1779135274.201461,1206,377,483
1779135274.2151852,1207,463,485
1779135274.221461,1208,559,487
1779135274.2353063,1209,656,489
1779135274.2440295,1210,753,491
1779135274.2527318,1211,841,492
1779135274.26397,1212,920,494
1779135274.2727904,1213,974,493
1779135274.2864645,1214,975,495
1779135274.295332,1215,975,493
1779135274.3015056,1216,975,492
1779135274.31027,1217,975,490
1779135274.3240016,1218,975,490
1779135274.332741,1219,975,487
1779135274.3427038,1220,975,487
1779135274.3515108,1221,975,486
1779135274.3653054,1222,975,485
1779135274.3941126,1223,975,484
1779135274.3952057,1224,964,483
1779135274.3964527,1225,921,483
1779135274.4065082,1226,877,480
1779135274.4152195,1227,827,478
1779135274.4264317,1228,777,476
1779135274.435193,1229,726,475
1779135274.4451976,1230,675,473
1779135274.4589806,1231,625,472
1779135274.4601822,1232,577,472
1779135274.4752538,1233,531,471
1779135274.5003388,1234,489,470
1779135274.5014958,1235,449,468
1779135274.5264907,1236,415,466
1779135274.5276973,1237,384,464
1779135274.5339367,1238,356,461
1779135274.535179,1239,329,458
1779135274.5451992,1240,306,455
1779135274.5540404,1241,283,453
1779135274.5678551,1242,264,451
1779135274.576561,1243,248,449
1779135274.5877893,1244,238,447
1779135274.5964322,1245,232,446
1779135274.6101778,1246,229,443
1779135274.6189315,1247,228,442
1779135274.6202197,1248,230,441
1779135274.6352203,1249,227,439
1779135274.6446826,1250,226,438
1779135274.65275,1251,222,435
1779135274.6689773,1252,216,433
1779135274.670202,1253,211,431
1779135274.683962,1254,209,430
1779135274.697738,1255,210,429
1779135274.703947,1256,211,428
1779135274.7177877,1257,211,428
1779135274.726457,1258,211,429
1779135274.735329,1259,209,429
1779135274.7464545,1260,206,428
1779135274.7552617,1261,202,428
1779135274.7690344,1262,197,427
1779135274.7827084,1263,193,426
1779135274.7840292,1264,192,426
1779135274.7940693,1265,193,425
1779135274.802812,1266,196,424
1779135274.8165958,1267,204,423
1779135274.8228068,1268,218,423
1779135274.8316321,1269,242,422
1779135274.845323,1270,277,420
1779135274.870284,1271,327,421
1779135274.8714588,1272,395,421
1779135274.8965664,1273,479,421
1779135274.8977256,1274,576,421
1779135274.9228384,1275,684,422
1779135274.9239929,1276,795,420
1779135274.927737,1277,901,420
1779135274.9290211,1278,975,420
1779135274.9428477,1279,975,419
1779135274.942873,1280,975,418
1779135274.9539557,1281,975,417
1779135274.9652364,1282,975,418
1779135274.9739807,1283,975,416
1779135274.9876997,1284,975,415
1779135274.9939692,1285,975,415
1779135275.0077422,1286,975,414
1779135275.034215,1287,975,412
1779135275.0352004,1288,975,412
1779135275.0365503,1289,975,411
1779135275.0466087,1290,975,410
1779135275.0602243,1291,975,409
1779135275.0664597,1292,975,408
1779135275.0765567,1293,975,409
1779135275.0903149,1294,975,408
1779135275.0990868,1295,972,407
1779135275.1003263,1296,859,406
1779135275.1115687,1297,750,407
1779135275.1252916,1298,645,408
1779135275.1302743,1299,548,409
1779135275.1441212,1300,463,409
1779135275.1527693,1301,390,410
1779135275.161467,1302,333,410
1779135275.175216,1303,288,409
1779135275.1827657,1304,261,408
1779135275.194127,1305,245,408
1779135275.2028193,1306,241,407
1779135275.2165828,1307,247,406
1779135275.2639935,1308,260,406
1779135275.2652166,1309,275,406
1779135275.266481,1310,291,407
1779135275.2677684,1311,300,408
1779135275.268946,1312,309,410
1779135275.2702148,1313,317,411
1779135275.285256,1314,322,412
1779135275.2941177,1315,323,413
1779135275.302829,1316,321,414
1779135275.3140655,1317,313,415
1779135275.3277738,1318,303,416
1779135275.3341615,1319,289,418
1779135275.347853,1320,277,419
1779135275.3540344,1321,265,421
1779135275.3680081,1322,256,423
1779135275.3765862,1323,248,424
1779135275.3852942,1324,243,425
1779135275.3966112,1325,241,425
1779135275.4052734,1326,241,427
1779135275.4190333,1327,240,428
1779135275.4202762,1328,243,429
1779135275.43153,1329,246,429
1779135275.4403126,1330,252,430
1779135275.4541962,1331,261,431
1779135275.4629223,1332,274,432
1779135275.4740188,1333,292,433
1779135275.4828508,1334,321,433
1779135275.4965634,1335,364,434
1779135275.504089,1336,426,433
1779135275.5155044,1337,506,432
1779135275.5290835,1338,606,431
1779135275.5339968,1339,722,428
1779135275.5478039,1340,848,426
1779135275.554067,1341,972,425
1779135275.5679476,1342,975,422
1779135275.581618,1343,975,422
1779135275.582774,1344,975,422
1779135275.6191702,1345,975,423
1779135275.620291,1346,975,423
1779135275.635286,1347,975,426
1779135275.6364927,1348,975,427
1779135275.63771,1349,975,430
1779135275.6479015,1350,975,430
1779135275.6741264,1351,975,431
1779135275.675493,1352,975,432
1779135275.676652,1353,975,433
1779135275.6866574,1354,975,433
1779135275.6953547,1355,975,435
1779135275.7090054,1356,975,436
1779135275.7177403,1357,975,436
1779135275.731467,1358,975,438
1779135275.7377326,1359,975,436
1779135275.7427537,1360,975,436
1779135275.753999,1361,975,435
1779135275.7629092,1362,975,435
1779135275.776578,1363,975,435
1779135275.7852733,1364,975,432
1779135275.7965791,1365,975,430
1779135275.8052456,1366,975,430
1779135275.8164852,1367,927,429
1779135275.8302703,1368,806,428
1779135275.8364973,1369,694,428
1779135275.8502672,1370,598,427
1779135275.8590236,1371,519,427
1779135275.867764,1372,457,429
1779135275.8790774,1373,412,430
1779135275.892915,1374,384,431
1779135275.9016426,1375,368,433
1779135275.9016669,1376,361,435
1779135275.910335,1377,361,436
1779135275.9227724,1378,366,439
1779135275.9315178,1379,374,441
1779135275.9453173,1380,385,442
1779135275.9739785,1381,399,444
1779135275.9752698,1382,415,445
1779135275.9977498,1383,431,446
1779135275.99896,1384,446,447
1779135276.000257,1385,459,448
1779135276.006522,1386,470,449
1779135276.0203362,1387,477,451
1779135276.026536,1388,482,453
1779135276.0403004,1389,483,455
1779135276.0465531,1390,482,456
1779135276.0602386,1391,480,456
1779135276.0614998,1392,476,456
1779135276.070298,1393,475,455
1779135276.0815778,1394,475,454
1779135276.0903432,1395,479,452
1779135276.1040251,1396,486,450
1779135276.1128497,1397,500,449
1779135276.1239812,1398,519,447
1779135276.134018,1399,547,447
1779135276.1427782,1400,584,447
1779135276.156569,1401,633,447
1779135276.162831,1402,697,448
1779135276.1764758,1403,777,449
1779135276.1852713,1404,874,451
1779135276.1991265,1405,974,451
1779135276.2053304,1406,975,453
1779135276.2190952,1407,975,454
1779135276.2203364,1408,975,456
1779135276.2352266,1409,975,455
1779135276.241514,1410,976,456
1779135276.2502763,1411,976,457
1779135276.264053,1412,976,455
1779135276.2728417,1413,976,455
1779135276.284133,1414,975,455
1779135276.3141432,1415,976,455
1779135276.315326,1416,976,455
1779135276.3166127,1417,976,455
1779135276.3478475,1418,976,455
1779135276.349021,1419,976,455
1779135276.370429,1420,976,455
1779135276.3716512,1421,976,453
1779135276.372739,1422,976,452
1779135276.3740063,1423,976,451
1779135276.3892615,1424,976,449
1779135276.3903883,1425,976,447
1779135276.401608,1426,976,445
1779135276.410363,1427,976,444
1779135276.424251,1428,976,443
1779135276.4329786,1429,976,443
1779135276.444136,1430,976,443
1779135276.452928,1431,976,445
1779135276.4665933,1432,976,445
1779135276.4753256,1433,976,446
1779135276.4866421,1434,976,448
1779135276.4953604,1435,976,448
1779135276.509106,1436,976,451
1779135276.517906,1437,976,452
1779135276.5290947,1438,976,455
1779135276.5429237,1439,976,456
1779135276.544072,1440,976,459
1779135276.5529184,1441,976,460
1779135276.5640998,1442,976,460
1779135276.5729253,1443,976,460
1779135276.5866091,1444,975,460
1779135276.5955667,1445,971,461
1779135276.606619,1446,817,462
1779135276.615386,1447,684,461
1779135276.6291177,1448,567,460
1779135276.6379354,1449,468,460
1779135276.6491451,1450,389,460
1779135276.6579456,1451,327,460
1779135276.6716306,1452,285,459
1779135276.680383,1453,259,458
1779135276.7090833,1454,246,456
1779135276.710342,1455,241,453
1779135276.7103508,1456,243,451
1779135276.7329812,1457,247,448
1779135276.7340143,1458,254,445
1779135276.7352843,1459,259,443
1779135276.7453215,1460,262,441
1779135276.7540412,1461,261,440
1779135276.7629623,1462,261,440
1779135276.7740564,1463,258,440
1779135276.7878807,1464,255,440
1779135276.7940178,1465,250,440
1779135276.8079062,1466,245,440
1779135276.8140292,1467,240,440
1779135276.8279476,1468,236,441
1779135276.8365064,1469,236,441
1779135276.8452885,1470,244,442
1779135276.8566532,1471,265,443
1779135276.867868,1472,307,443
1779135276.8691554,1473,373,444
1779135276.8829608,1474,465,445
1779135276.8941553,1475,584,446
1779135276.9029264,1476,720,447
1779135276.9165468,1477,867,447
1779135276.9252613,1478,975,448
1779135276.9565709,1479,976,449
1779135276.957927,1480,976,451
1779135276.9591262,1481,976,451
1779135276.972948,1482,976,452
1779135276.9740126,1483,976,452
1779135276.9891105,1484,976,452
1779135276.9978852,1485,976,451
1779135277.0065134,1486,976,450
1779135277.0178697,1487,976,450
1779135277.0265582,1488,976,449
1779135277.0278182,1489,976,451
1779135277.0415123,1490,976,449
1779135277.052858,1491,976,451
1779135277.080299,1492,976,452
1779135277.081508,1493,976,454
1779135277.1053562,1494,976,455
1779135277.1065583,1495,976,457
1779135277.1079223,1496,976,459
1779135277.117822,1497,976,461
1779135277.1265244,1498,976,464
1779135277.1378427,1499,976,464
1779135277.146604,1500,976,465
1779135277.1603088,1501,976,466
1779135277.169158,1502,976,467
1779135277.1829836,1503,976,467
1779135277.1929276,1504,930,467
1779135277.1929533,1505,775,467
1779135277.2015595,1506,633,467
1779135277.2128289,1507,510,467
1779135277.221513,1508,409,467
1779135277.2353842,1509,331,465
1779135277.2440221,1510,277,464
1779135277.2554076,1511,243,462
1779135277.2642174,1512,224,460
1779135277.277913,1513,217,458
1779135277.2865667,1514,223,455
1779135277.2978227,1515,230,453
1779135277.3065188,1516,243,451
1779135277.3202934,1517,254,449
1779135277.3291168,1518,264,449
1779135277.345381,1519,271,447
1779135277.3529005,1520,277,448
1779135277.3529327,1521,276,448
1779135277.3616183,1522,271,449
1779135277.372927,1523,259,450
1779135277.3815382,1524,242,450
1779135277.3915825,1525,223,452
1779135277.4052854,1526,206,453
1779135277.4165747,1527,188,454
1779135277.4454296,1528,172,454
1779135277.4465487,1529,156,455
1779135277.470333,1530,142,455
1779135277.471563,1531,129,455
1779135277.4728112,1532,118,455
1779135277.480295,1533,108,455
1779135277.4890392,1534,98,454
1779135277.4990706,1535,91,455
1779135277.5053146,1536,89,455
1779135277.5140781,1537,88,456
1779135277.5228434,1538,89,457
1779135277.5340283,1539,91,459
1779135277.5428543,1540,97,460
1779135277.556548,1541,104,460
1779135277.5659127,1542,112,460
1779135277.594127,1543,117,460
1779135277.59531,1544,124,460
1779135277.596539,1545,131,460
1779135277.6054416,1546,135,460
1779135277.616577,1547,139,459
1779135277.62535,1548,146,459
1779135277.6390932,1549,155,460
1779135277.6479073,1550,175,461
1779135277.659079,1551,209,462
1779135277.6640625,1552,263,463
1779135277.6728604,1553,341,464
1779135277.681632,1554,447,465
1779135277.6928709,1555,574,465
1779135277.7015347,1556,718,466
1779135277.7128778,1557,868,466
1779135277.7265313,1558,976,467
1779135277.7328398,1559,976,467
1779135277.7466774,1560,976,468
1779135277.7554524,1561,976,469
1779135277.7641292,1562,976,469
1779135277.7753115,1563,976,469
1779135277.7840962,1564,976,469
1779135277.8129458,1565,976,469
1779135277.8141065,1566,976,469
1779135277.8391337,1567,976,468
1779135277.840473,1568,976,468
1779135277.8440855,1569,976,467
1779135277.8452952,1570,976,468
1779135277.8515844,1571,976,470
1779135277.8653445,1572,976,468
1779135277.8715758,1573,976,469
1779135277.8853009,1574,976,469
1779135277.8915725,1575,976,470
1779135277.905421,1576,976,469
1779135277.9140546,1577,976,469
1779135277.9228654,1578,976,469
1779135277.934115,1579,976,469
1779135277.947888,1580,975,468
1779135277.9541442,1581,975,469
1779135277.9678562,1582,848,469
1779135277.974073,1583,707,469
1779135277.9828627,1584,578,470
1779135277.9916458,1585,465,470
1779135278.0002942,1586,373,470
1779135278.014166,1587,301,469
1779135278.0228682,1588,251,470
1779135278.0315235,1589,219,468
1779135278.0453098,1590,201,467
1779135278.0515518,1591,195,466
1779135278.0653253,1592,200,464
1779135278.0740561,1593,214,463
1779135278.0828865,1594,231,460
1779135278.094162,1595,252,458
1779135278.102832,1596,274,456
1779135278.117849,1597,293,454
1779135278.1241984,1598,310,451
1779135278.1354759,1599,323,450
1779135278.1440706,1600,330,448
1779135278.1529138,1601,331,447
1779135278.1915822,1602,327,446
1779135278.1928463,1603,317,446
1779135278.2041223,1604,303,445
1779135278.2052963,1605,284,445
1779135278.206547,1606,263,445
1779135278.2366455,1607,239,445
1779135278.2378583,1608,216,445
1779135278.2390463,1609,193,446
1779135278.2528524,1610,174,446
1779135278.2540624,1611,157,446
1779135278.2691517,1612,145,446
1779135278.2779164,1613,139,447
1779135278.2915587,1614,136,448
1779135278.2983258,1615,135,449
1779135278.3065746,1616,135,450
1779135278.3115506,1617,135,451
1779135278.3203473,1618,138,452
1779135278.331725,1619,140,454
1779135278.345366,1620,147,455
1779135278.3542626,1621,154,457
1779135278.3632586,1622,162,458
1779135278.3742478,1623,168,459
1779135278.3830986,1624,175,460
1779135278.396768,1625,181,461
1779135278.4053965,1626,186,461
1779135278.41663,1627,194,462
1779135278.4254093,1628,211,462
1779135278.439142,1629,243,462
1779135278.447887,1630,297,462
1779135278.459134,1631,373,462
1779135278.4641361,1632,473,462
1779135278.4729395,1633,591,462
1779135278.481664,1634,723,462
1779135278.4929166,1635,858,462
1779135278.5016706,1636,975,461
1779135278.5154164,1637,975,462
1779135278.5241284,1638,976,462
1779135278.5516775,1639,976,462
1779135278.55292,1640,976,462
1779135278.5754619,1641,976,462
1779135278.5766165,1642,976,462
1779135278.5779464,1643,976,462
1779135278.5878685,1644,976,462
1779135278.5966268,1645,976,460
1779135278.6053963,1646,976,460
1779135278.62171,1647,976,459
1779135278.6229022,1648,975,459
1779135278.6316156,1649,975,458
1779135278.6454127,1650,976,458
1779135278.6515977,1651,976,456
1779135278.6616561,1652,975,455
1779135278.6753674,1653,924,454
1779135278.6841161,1654,814,452
1779135278.695395,1655,705,450
1779135278.7041373,1656,601,449
1779135278.7179062,1657,510,447
1779135278.7265542,1658,432,445
1779135278.7378194,1659,368,443
1779135278.7515652,1660,322,442
1779135278.7578435,1661,290,440
1779135278.771627,1662,272,438
1779135278.7778864,1663,265,437
1779135278.7865646,1664,267,437
1779135278.7915661,1665,275,436
1779135278.805333,1666,287,436
1779135278.8115733,1667,303,436
1779135278.8253367,1668,315,437
1779135278.8340716,1669,326,438
1779135278.8429148,1670,335,439
1779135278.8778496,1671,341,440
1779135278.8791058,1672,344,440
1779135278.8803568,1673,344,441
1779135278.8853905,1674,342,443
1779135278.9266632,1675,335,444
1779135278.9278505,1676,326,445
1779135278.939125,1677,312,446
1779135278.9403536,1678,297,447
1779135278.941568,1679,280,447
1779135278.9428172,1680,260,448
1779135278.9579296,1681,242,449
1779135278.9591854,1682,226,449
1779135278.972991,1683,212,451
1779135278.981588,1684,199,451
1779135278.9954658,1685,188,451
1779135279.0041783,1686,177,452
1779135279.0153334,1687,167,452
1779135279.0240996,1688,159,453
1779135279.0378778,1689,156,453
1779135279.0466037,1690,155,455
1779135279.0578325,1691,155,456
1779135279.0665824,1692,154,457
1779135279.0803254,1693,153,457
1779135279.0890732,1694,153,458
1779135279.1053197,1695,155,459
1779135279.1129024,1696,157,460
1779135279.1129208,1697,156,460
1779135279.121593,1698,154,461
1779135279.1328306,1699,152,461
1779135279.1415918,1700,154,462
1779135279.1554298,1701,161,461
1779135279.165338,1702,180,462
1779135279.1715958,1703,217,462
1779135279.1854637,1704,276,463
1779135279.1941524,1705,358,463
1779135279.2078445,1706,462,463
1779135279.2141056,1707,580,462
1779135279.2278323,1708,711,462
1779135279.2365777,1709,841,462
1779135279.2504182,1710,965,460
1779135279.259228,1711,975,460
1779135279.3042393,1712,975,459
1779135279.3053734,1713,975,459
1779135279.306616,1714,976,459
1779135279.3078172,1715,976,456
1779135279.30908,1716,976,455
1779135279.315354,1717,976,454
1779135279.3241763,1718,976,452
1779135279.3354259,1719,976,449
1779135279.3441832,1720,976,449
1779135279.3579113,1721,976,446
1779135279.3666613,1722,976,444
1779135279.3766236,1723,976,443
1779135279.3854668,1724,976,442
1779135279.3991277,1725,975,441
1779135279.4079745,1726,976,440
1779135279.4242837,1727,975,440
1779135279.4254365,1728,975,439
1779135279.4316983,1729,883,440
1779135279.440389,1730,777,440
1779135279.4566264,1731,675,440
1779135279.4579155,1732,579,440
1779135279.471585,1733,492,440
1779135279.4828844,1734,418,441
1779135279.5141056,1735,357,442
1779135279.5153487,1736,310,442
1779135279.516614,1737,278,444
1779135279.5253885,1738,259,444
1779135279.5366046,1739,247,444
1779135279.545328,1740,244,446
1779135279.5591037,1741,247,447
1779135279.5678658,1742,256,447
1779135279.5791297,1743,267,447
1779135279.5841508,1744,280,448
1779135279.5904365,1745,293,448
1779135279.604178,1746,304,449
1779135279.6103683,1747,313,450
1779135279.6241536,1748,319,451
1779135279.6554441,1749,320,451
1779135279.6566203,1750,318,452
1779135279.6766233,1751,312,453
1779135279.6778235,1752,302,454
1779135279.679143,1753,291,455
1779135279.6854446,1754,279,456
1779135279.6953843,1755,265,458
1779135279.7091875,1756,251,459
1779135279.7141266,1757,238,460
1779135279.7278457,1758,226,462
1779135279.7366338,1759,213,464
1779135279.7453682,1760,201,463
1779135279.7503896,1761,189,465
1779135279.7642205,1762,181,466
1779135279.770395,1763,174,467
1779135279.7842324,1764,168,467
1779135279.792974,1765,164,467
1779135279.8028662,1766,164,468
1779135279.8141036,1767,165,467
1779135279.822883,1768,167,467
1779135279.8366318,1769,168,465
1779135279.845443,1770,171,464
1779135279.8566275,1771,176,464
1779135279.8653803,1772,182,462
1779135279.8791535,1773,188,461
1779135279.8879817,1774,197,461
1779135279.89912,1775,207,460
1779135279.9041424,1776,222,458
1779135279.9116254,1777,245,457
1779135279.9203796,1778,284,457
1779135279.931681,1779,338,456
1779135279.945435,1780,414,455
1779135279.9516752,1781,510,455
1779135279.9653811,1782,619,455
1779135279.9715998,1783,737,454
1779135279.9854407,1784,856,452
1779135279.9942324,1785,966,453
1779135280.0404909,1786,975,450
1779135280.041614,1787,976,450
1779135280.0428677,1788,975,449
1779135280.0441089,1789,975,449
1779135280.0453606,1790,976,449
1779135280.0616279,1791,976,449
1779135280.062868,1792,975,450
1779135280.07164,1793,976,451
1779135280.0854037,1794,976,451
1779135280.0915904,1795,976,452
1779135280.105457,1796,975,453
1779135280.1165965,1797,976,455
1779135280.1254325,1798,976,457
1779135280.15927,1799,976,458
1779135280.1604207,1800,975,460
1779135280.161702,1801,975,460
1779135280.1667304,1802,972,461
1779135280.177849,1803,863,462
1779135280.1866088,1804,762,463
1779135280.2004435,1805,664,463
1779135280.2091644,1806,577,464
1779135280.2229643,1807,503,465
1779135280.2330153,1808,438,465
1779135280.2330477,1809,385,467
1779135280.2417142,1810,347,467
1779135280.2528834,1811,319,468
1779135280.261658,1812,302,469
1779135280.2754076,1813,295,470
1779135280.2842147,1814,295,471
1779135280.2954102,1815,299,472
1779135280.304149,1816,306,473
1779135280.3178961,1817,316,475
1779135280.3254428,1818,327,476
1779135280.336689,1819,338,477
1779135280.3454616,1820,348,477
1779135280.3594012,1821,355,478
1779135280.4042826,1822,359,479
1779135280.4053855,1823,359,479
1779135280.409134,1824,357,480
1779135280.4104192,1825,353,480
1779135280.411704,1826,345,480
1779135280.4129107,1827,335,480
1779135280.4279757,1828,322,480
1779135280.4291968,1829,310,480
1779135280.4467256,1830,297,479
1779135280.4529629,1831,282,480
1779135280.4667132,1832,267,479
1779135280.4754617,1833,253,479
1779135280.4841523,1834,242,478
1779135280.4953465,1835,232,477
1779135280.504138,1836,226,476
1779135280.5179248,1837,222,474
1779135280.526817,1838,221,473
1779135280.537879,1839,219,471
1779135280.5393338,1840,219,470
1779135280.5529141,1841,219,469
1779135280.5616338,1842,224,468
1779135280.5729003,1843,227,467
1779135280.5816543,1844,230,466
1779135280.5953805,1845,228,464
1779135280.6041462,1846,228,463
1779135280.615398,1847,225,462
1779135280.6242504,1848,224,461
1779135280.6380613,1849,222,460
1779135280.6455238,1850,223,459
1779135280.656624,1851,225,457
1779135280.6654942,1852,233,458
1779135280.6791837,1853,248,457
1779135280.6878982,1854,279,457
1779135280.6992276,1855,327,456
1779135280.7041316,1856,397,456
1779135280.712916,1857,487,457
1779135280.7216532,1858,597,457
1779135280.764208,1859,720,459
1779135280.765405,1860,849,459
1779135280.7666483,1861,971,460
1779135280.7678723,1862,975,462
1779135280.7942305,1863,975,464
1779135280.7954366,1864,975,465
1779135280.8104126,1865,975,467
1779135280.8116353,1866,976,468
1779135280.812911,1867,976,471
1779135280.827931,1868,975,473
1779135280.8366427,1869,976,475
1779135280.8504782,1870,976,476
1779135280.857994,1871,976,477
1779135280.8667738,1872,976,477
1779135280.8716822,1873,976,479
1779135280.8804116,1874,976,479
1779135280.8916502,1875,976,482
1779135280.9054055,1876,975,482
1779135280.9141757,1877,975,482
1779135280.9230096,1878,976,484
1779135280.934141,1879,975,484
1779135280.942916,1880,975,485
1779135280.9566567,1881,956,486
1779135280.9641304,1882,843,487
1779135280.9754143,1883,731,487
1779135280.9842653,1884,628,488
1779135280.9979131,1885,535,489
1779135281.0068643,1886,458,489
1779135281.0179274,1887,396,490
1779135281.0228868,1888,351,491
1779135281.0316665,1889,320,491
1779135281.045406,1890,305,492
1779135281.0516617,1891,301,492
1779135281.066752,1892,305,493
1779135281.0755706,1893,315,493
1779135281.0842848,1894,331,494
1779135281.0957572,1895,347,494
1779135281.1217823,1896,364,494
1779135281.1229782,1897,380,493
1779135281.1442273,1898,396,493
1779135281.145433,1899,404,492
1779135281.1466498,1900,410,492
1779135281.161662,1901,411,493
1779135281.1666272,1902,408,493
1779135281.1780064,1903,397,494
1779135281.1867385,1904,384,495
1779135281.1878958,1905,371,496
1779135281.201698,1906,359,496
1779135281.2129252,1907,345,497
1779135281.2217548,1908,333,498
1779135281.2354686,1909,319,498
1779135281.244156,1910,308,499
1779135281.255493,1911,293,499
1779135281.2691925,1912,281,499
1779135281.274212,1913,270,500
1779135281.2854428,1914,261,500
1779135281.2967944,1915,250,500
1779135281.305407,1916,241,502
1779135281.3192809,1917,231,502
1779135281.3280454,1918,220,503
1779135281.3393655,1919,210,503
1779135281.3443146,1920,204,504
1779135281.3530204,1921,199,505
1779135281.3617868,1922,194,506
1779135281.3729975,1923,190,507
1779135281.381788,1924,190,508
1779135281.3956158,1925,192,508
1779135281.4043539,1926,203,510
1779135281.4344962,1927,227,509
1779135281.4354863,1928,270,510
1779135281.4367406,1929,334,511
1779135281.4455278,1930,422,511
1779135281.4567904,1931,532,512
1779135281.4830894,1932,663,513
1779135281.484226,1933,803,513
1779135281.5093212,1934,947,513
1779135281.5105536,1935,975,512
1779135281.5180697,1936,975,512
1779135281.5192642,1937,976,512
1779135281.5204294,1938,975,512
1779135281.5317726,1939,976,513
1779135281.54551,1940,976,512
1779135281.5518389,1941,976,512
1779135281.5656104,1942,976,511
1779135281.5717611,1943,976,512
1779135281.5843952,1944,976,511
1779135281.5930088,1945,976,510
1779135281.6079435,1946,976,510
1779135281.6142714,1947,976,508
1779135281.628216,1948,976,508
1779135281.6342344,1949,976,508
1779135281.6480439,1950,976,506
1779135281.6542897,1951,976,505
1779135281.6629386,1952,976,504
1779135281.6717098,1953,976,504
1779135281.6804538,1954,976,504
1779135281.6930165,1955,976,502
1779135281.7017112,1956,933,502
1779135281.7154152,1957,801,500
1779135281.724178,1958,679,499
1779135281.735433,1959,571,498
1779135281.7442727,1960,483,496
1779135281.7579987,1961,412,495
1779135281.7667055,1962,361,493
1779135281.778031,1963,326,491
1779135281.7867033,1964,309,489
1779135281.7979524,1965,307,487
1779135281.806693,1966,315,484
1779135281.8229427,1967,332,482
1779135281.8331282,1968,352,480
1779135281.8331482,1969,375,478
1779135281.8580194,1970,398,476
1779135281.8592474,1971,417,474
1779135281.884292,1972,435,472
1779135281.8855028,1973,445,471
1779135281.8867526,1974,451,468
1779135281.8967524,1975,446,467
1779135281.9055219,1976,434,465
1779135281.9142652,1977,418,463
1779135281.9281323,1978,397,462
1779135281.9342887,1979,372,460
1779135281.9479587,1980,346,458
1779135281.9567006,1981,319,456
1779135281.9654315,1982,291,455
1779135281.976692,1983,266,454
1779135281.9904974,1984,244,454
1779135281.9905155,1985,226,454
1779135282.0016873,1986,213,454
1779135282.012949,1987,203,453
1779135282.0267682,1988,199,452
1779135282.0317147,1989,194,453
1779135282.0454361,1990,192,452
1779135282.0742183,1991,190,453
1779135282.0754313,1992,186,454
1779135282.0766659,1993,184,454
1779135282.0904438,1994,183,455
1779135282.0916736,1995,185,456
1779135282.1054327,1996,196,458
1779135282.1142108,1997,222,460
1779135282.127913,1998,268,462
1779135282.1366572,1999,338,463
1779135282.1429708,2000,436,465
1779135282.1517386,2001,559,466
1779135282.1605854,2002,700,468
1779135282.176814,2003,852,469
1779135282.1780376,2004,975,471
1779135282.1917005,2005,975,471
1779135282.228008,2006,976,472
1779135282.2291877,2007,976,472
1779135282.2517068,2008,976,473
1779135282.2529478,2009,976,476
1779135282.2541666,2010,976,475
1779135282.2554228,2011,976,475
1779135282.2654767,2012,976,476
1779135282.279279,2013,976,477
1779135282.2844229,2014,976,476
1779135282.3004365,2015,976,476
1779135282.310474,2016,976,476
1779135282.3105001,2017,976,477
1779135282.3219397,2018,976,476
1779135282.3330526,2019,976,475
1779135282.34182,2020,976,474
1779135282.3555229,2021,976,474
1779135282.3644385,2022,976,475
1779135282.3755412,2023,976,472
1779135282.3843644,2024,976,472
1779135282.3981097,2025,976,471
1779135282.40681,2026,976,470
1779135282.4193203,2027,976,470
1779135282.4280648,2028,976,470
1779135282.4367242,2029,975,467
1779135282.4505973,2030,922,465
1779135282.4593365,2031,795,464
1779135282.474593,2032,678,462
1779135282.474655,2033,575,460
1779135282.482996,2034,492,457
1779135282.4942987,2035,428,455
1779135282.5030665,2036,379,453
1779135282.5167987,2037,345,451
1779135282.526826,2038,325,450
1779135282.5330222,2039,312,448
1779135282.547009,2040,306,447
1779135282.555782,2041,304,446
1779135282.5919416,2042,306,445
1779135282.592976,2043,307,443
1779135282.6143742,2044,307,443
1779135282.6155164,2045,304,442
1779135282.616758,2046,298,441
1779135282.6179779,2047,288,440
1779135282.6279833,2048,275,440
1779135282.6368423,2049,259,439
1779135282.637973,2050,245,439
1779135282.65429,2051,231,439
1779135282.6631272,2052,221,439
1779135282.6717882,2053,212,438
1779135282.6855233,2054,203,439
1779135282.7143168,2055,194,440
1779135282.715532,2056,189,441
1779135282.7167485,2057,183,441
1779135282.7318447,2058,180,443
1779135282.73299,2059,178,444
1779135282.7480407,2060,178,444
1779135282.7567759,2061,177,444
1779135282.765524,2062,178,446
1779135282.7768419,2063,176,447
1779135282.7919474,2064,174,448
1779135282.7919843,2065,172,449
1779135282.8005822,2066,172,450
1779135282.8118138,2067,176,451
1779135282.8204885,2068,190,452
1779135282.8342814,2069,222,454
1779135282.843016,2070,278,455
1779135282.8542185,2071,359,456
1779135282.862969,2072,473,457
1779135282.8766823,2073,610,459
1779135282.8856862,2074,771,460
1779135282.896773,2075,940,462
1779135282.9055502,2076,975,462
1779135282.919309,2077,976,462
1779135282.9280016,2078,976,463
1779135282.9819121,2079,976,465
1779135282.983092,2080,976,466
1779135282.9843469,2081,976,466
1779135282.9855459,2082,976,468
1779135282.9867132,2083,976,467
1779135282.9880493,2084,976,467
1779135282.995576,2085,976,468
1779135283.0042381,2086,976,467
1779135283.0155356,2087,976,467
1779135283.0243309,2088,976,467
1779135283.038076,2089,976,468
1779135283.0468414,2090,976,466
1779135283.0580206,2091,976,466
1779135283.0668263,2092,976,466
1779135283.0805056,2093,976,464
1779135283.0892603,2094,976,463
1779135283.1054745,2095,976,463
1779135283.111742,2096,976,461
1779135283.1117568,2097,976,461
1779135283.120472,2098,976,460
1779135283.1367323,2099,976,459
1779135283.1381247,2100,976,459
1779135283.1543,2101,976,457
1779135283.163097,2102,976,456
1779135283.174248,2103,861,455
1779135283.1829994,2104,729,455
1779135283.1968093,2105,608,453
1779135283.2055469,2106,508,451
1779135283.2167606,2107,424,450
1779135283.2255657,2108,361,449
1779135283.2393277,2109,315,448
1779135283.2481174,2110,284,447
1779135283.256932,2111,264,446
1779135283.2656064,2112,255,445
1779135283.2704933,2113,252,445
1779135283.2844105,2114,255,444
1779135283.290518,2115,257,444
1779135283.316834,2116,260,444
1779135283.3180087,2117,260,443
1779135283.3569212,2118,257,443
1779135283.3580425,2119,253,442
1779135283.3831296,2120,247,443
1779135283.3842697,2121,238,442
1779135283.385561,2122,230,443
1779135283.3868115,2123,221,443
1779135283.3880677,2124,215,443
1779135283.4030423,2125,208,443
1779135283.404311,2126,203,444
1779135283.4155598,2127,198,445
1779135283.4305596,2128,191,446
1779135283.4305782,2129,183,448
1779135283.4443603,2130,174,449
1779135283.450486,2131,165,451
1779135283.4605632,2132,155,453
1779135283.4743214,2133,145,455
1779135283.4830854,2134,135,455
1779135283.4943173,2135,126,456
1779135283.5030603,2136,120,458
1779135283.5167692,2137,114,459
1779135283.5255988,2138,111,460
1779135283.5367208,2139,112,461
1779135283.545562,2140,120,463
1779135283.559322,2141,134,464
1779135283.5679953,2142,162,466
1779135283.57937,2143,206,467
1779135283.5843153,2144,275,469
1779135283.5929728,2145,374,471
1779135283.601704,2146,503,472
1779135283.6129565,2147,657,473
1779135283.6217349,2148,828,475
1779135283.635519,2149,975,475
1779135283.6442964,2150,976,476
1779135283.655501,2151,976,478
1779135283.6643426,2152,976,480
1779135283.7105732,2153,976,481
1779135283.7117755,2154,976,481
1779135283.712989,2155,976,483
1779135283.714329,2156,976,483
1779135283.715615,2157,976,484
1779135283.7292864,2158,976,484
1779135283.737984,2159,976,484
1779135283.7530336,2160,976,483
1779135283.7530556,2161,976,483
1779135283.7630794,2162,976,482
1779135283.7743073,2163,976,481
1779135283.7880664,2164,976,480
1779135283.7930207,2165,976,477
1779135283.8067784,2166,976,475
1779135283.813041,2167,976,473
1779135283.8268785,2168,976,471
1779135283.8406022,2169,976,471
1779135283.8455977,2170,976,468
1779135283.865608,2171,976,466
1779135283.8668454,2172,976,466
1779135283.8806472,2173,976,464
1779135283.889369,2174,976,464
1779135283.9005826,2175,896,463
1779135283.9143648,2176,751,461
1779135283.9143836,2177,618,460
1779135283.9230795,2178,504,458
1779135283.9367397,2179,408,455
1779135283.9430442,2180,333,455
1779135283.9567628,2181,276,453
1779135283.9656527,2182,236,452
1779135283.9943058,2183,212,451
1779135283.9954958,2184,201,450
1779135283.9967647,2185,198,448
1779135284.0068586,2186,200,449
1779135284.0156043,2187,205,448
1779135284.027086,2188,212,448
1779135284.071847,2189,216,448
1779135284.0731046,2190,219,450
1779135284.0868325,2191,219,451
1779135284.0893974,2192,216,452
1779135284.089417,2193,208,454
1779135284.0905793,2194,200,455
1779135284.0918906,2195,190,456
1779135284.107995,2196,178,457
1779135284.1092212,2197,166,458
1779135284.1230295,2198,154,460
1779135284.1367319,2199,142,460
1779135284.1430693,2200,132,459
1779135284.1568077,2201,123,460
1779135284.1655023,2202,116,461
1779135284.1780014,2203,111,461
1779135284.1842985,2204,108,462
1779135284.1979835,2205,106,463
1779135284.2067788,2206,105,463
1779135284.2204998,2207,107,463
1779135284.2318463,2208,108,463
1779135284.2318804,2209,110,463
1779135284.240515,2210,113,463
1779135284.2542892,2211,115,464
1779135284.2605112,2212,119,464
1779135284.2743754,2213,123,464
1779135284.2880392,2214,132,464
1779135284.2943075,2215,151,465
1779135284.3055158,2216,188,465
1779135284.3143568,2217,248,466
1779135284.3280847,2218,339,466
1779135284.3368134,2219,461,467
1779135284.3480906,2220,612,467
1779135284.3568172,2221,783,467
1779135284.3705893,2222,963,467
1779135284.3792965,2223,976,468
1779135284.3907146,2224,976,468
1779135284.404555,2225,976,468
1779135284.404607,2226,976,469
1779135284.4480534,2227,976,469
1779135284.4492576,2228,976,469
1779135284.4505045,2229,976,470
1779135284.4518309,2230,976,471
1779135284.4530127,2231,976,470
1779135284.4693296,2232,976,470
1779135284.4705067,2233,976,469
1779135284.484414,2234,976,470
1779135284.4957058,2235,976,469
1779135284.5068786,2236,976,468
1779135284.5156345,2237,976,468
1779135284.52933,2238,976,467
1779135284.5381234,2239,976,466
1779135284.5545683,2240,976,465
1779135284.5546246,2241,976,465
1779135284.5631795,2242,976,464
1779135284.5718026,2243,976,463
1779135284.5831301,2244,976,463
1779135284.5919728,2245,976,462
1779135284.6031542,2246,976,461
1779135284.6343393,2247,976,460
1779135284.6355262,2248,975,460
1779135284.636842,2249,825,459
1779135284.6468565,2250,675,458
1779135284.6555502,2251,541,457
1779135284.6668415,2252,431,456
1779135284.6755297,2253,344,456
1779135284.6892462,2254,280,455
1779135284.6980302,2255,236,455
1779135284.72316,2256,212,455
1779135284.723179,2257,200,455
1779135284.7243435,2258,198,456
1779135284.7331095,2259,201,456
1779135284.7443752,2260,210,457
1779135284.753038,2261,219,458
1779135284.767023,2262,226,459
1779135284.8155801,2263,231,460
1779135284.816842,2264,236,460
1779135284.820535,2265,237,461
1779135284.8218489,2266,234,463
1779135284.8230362,2267,227,462
1779135284.824274,2268,218,463
1779135284.8392837,2269,207,463
1779135284.8480203,2270,198,463
1779135284.861846,2271,188,462
1779135284.873079,2272,177,462
1779135284.8730912,2273,166,462
1779135284.8818505,2274,155,462
1779135284.890562,2275,146,462
1779135284.9019349,2276,137,463
1779135284.915615,2277,130,463
1779135284.9243891,2278,125,464
1779135284.9330761,2279,118,464
1779135284.944373,2280,112,465
1779135284.9530272,2281,108,464
1779135284.9668636,2282,104,465
1779135284.975622,2283,104,466
1779135284.9869328,2284,107,466
1779135284.9955287,2285,112,467
1779135285.0092795,2286,124,467
1779135285.0180624,2287,146,467
1779135285.034313,2288,187,467
1779135285.0343242,2289,251,467
1779135285.0430317,2290,348,467
1779135285.051845,2291,477,466
1779135285.0630105,2292,635,465
1779135285.07185,2293,814,464
1779135285.0855334,2294,975,463
1779135285.0942917,2295,976,460
1779135285.1055298,2296,976,459
1779135285.1142783,2297,976,458
1779135285.128027,2298,976,457
1779135285.1368275,2299,976,456
1779135285.1670127,2300,976,455
1779135285.168002,2301,976,455
1779135285.1931324,2302,976,455
1779135285.1943877,2303,976,456
1779135285.216993,2304,976,454
1779135285.2170491,2305,976,452
1779135285.2180166,2306,976,452
1779135285.219256,2307,976,451
1779135285.2205026,2308,976,451
1779135285.2355382,2309,976,451
1779135285.2430365,2310,976,450
1779135285.2768857,2311,976,449
1779135285.2780542,2312,976,447
1779135285.279326,2313,976,446
1779135285.28431,2314,976,445
1779135285.29819,2315,976,445
1779135285.3042896,2316,976,445
1779135285.318088,2317,976,444
1779135285.3243287,2318,976,444
1779135285.3405678,2319,947,445
1779135285.3519955,2320,784,445
1779135285.3520412,2321,630,446
1779135285.360738,2322,497,446
1779135285.3744206,2323,386,447
1779135285.3805742,2324,299,447
1779135285.394353,2325,235,448
1779135285.4030492,2326,190,449
1779135285.4168704,2327,165,449
1779135285.4230547,2328,156,450
1779135285.4368877,2329,159,451
1779135285.4469235,2330,169,451
1779135285.4557016,2331,182,451
1779135285.4672296,2332,193,451
1779135285.480577,2333,204,452
1779135285.4895482,2334,212,451
1779135285.5031762,2335,219,452
1779135285.5480669,2336,222,453
1779135285.549337,2337,223,453
1779135285.5493655,2338,219,453
1779135285.5568705,2339,214,454
1779135285.5580547,2340,207,455
1779135285.55929,2341,196,455
1779135285.5605357,2342,184,455
1779135285.574361,2343,171,456
1779135285.5855772,2344,158,456
1779135285.5943806,2345,146,455
1779135285.6080709,2346,134,457
1779135285.6168811,2347,123,456
1779135285.6280634,2348,114,456
1779135285.6420164,2349,107,456
1779135285.6506207,2350,103,456
1779135285.659311,2351,99,455
1779135285.6755555,2352,99,456
1779135285.676817,2353,103,456
1779135285.6768324,2354,109,455
1779135285.6905503,2355,115,455
1779135285.7018487,2356,119,455
1779135285.7105653,2357,121,455
1779135285.7243128,2358,123,455
1779135285.7331614,2359,125,455
1779135285.7443094,2360,129,455
1779135285.7555695,2361,135,455
1779135285.7643487,2362,147,455
1779135285.7780595,2363,169,454
1779135285.7842789,2364,211,454
1779135285.7982082,2365,283,454
1779135285.8069062,2366,391,454
1779135285.8206103,2367,533,454
1779135285.8318675,2368,705,454
1779135285.8318913,2369,895,453
1779135285.8455548,2370,976,452
1779135285.8505514,2371,976,453
1779135285.8643117,2372,976,451
1779135285.873089,2373,976,451
1779135285.9255805,2374,976,449
1779135285.926824,2375,976,450
1779135285.9518943,2376,976,448
1779135285.9530485,2377,976,448
1779135285.960572,2378,976,447
1779135285.9618728,2379,976,447
1779135285.9630356,2380,976,445
1779135285.9642825,2381,976,445
1779135285.9655342,2382,976,443
1779135285.9793663,2383,976,442
1779135285.9955864,2384,976,443
1779135285.996935,2385,976,441
1779135285.9969616,2386,976,440
1779135286.0105264,2387,976,440
1779135286.0218532,2388,976,440
1779135286.0305648,2389,976,440
1779135286.0444045,2390,976,441
1779135286.0531616,2391,976,440
1779135286.0668674,2392,976,441
1779135286.0718758,2393,976,441
1779135286.085667,2394,976,442
1779135286.0944064,2395,976,445
1779135286.105559,2396,976,445
1779135286.1142988,2397,976,447
1779135286.1280658,2398,976,448
1779135286.136868,2399,976,451
1779135286.153169,2400,897,451
1779135286.1619298,2401,729,452
1779135286.1619573,2402,577,454
1779135286.1742852,2403,450,454
1779135286.1805594,2404,348,455
1779135286.194299,2405,270,455
1779135286.2030659,2406,215,456
1779135286.2118742,2407,179,457
1779135286.2230725,2408,159,458
1779135286.231848,2409,150,460
1779135286.2569454,2410,148,461
1779135286.258083,2411,151,462
1779135286.2831666,2412,155,463
1779135286.284304,2413,160,465
1779135286.2980697,2414,163,466
1779135286.2993371,2415,164,467
1779135286.3156338,2416,164,468
1779135286.316874,2417,160,470
1779135286.3169,2418,155,470
1779135286.3308682,2419,148,471
1779135286.341925,2420,140,472
1779135286.3506472,2421,131,472
1779135286.3645234,2422,124,472
1779135286.3734093,2423,119,473
1779135286.3843951,2424,112,473
1779135286.3931904,2425,109,473
1779135286.4068696,2426,109,472
1779135286.415584,2427,108,473
1779135286.426843,2428,109,473
1779135286.4356828,2429,112,472
1779135286.4494133,2430,118,472
1779135286.4581041,2431,126,471
1779135286.4743843,2432,133,470
1779135286.4744039,2433,140,469
1779135286.4830682,2434,148,468
1779135286.499325,2435,153,468
1779135286.500543,2436,159,467
1779135286.515574,2437,163,467
1779135286.5243442,2438,167,466
1779135286.5546134,2439,175,465
1779135286.5557299,2440,191,464
1779135286.5570078,2441,226,462
1779135286.5668273,2442,285,462
1779135286.575569,2443,373,462
1779135286.586827,2444,495,462
1779135286.6005976,2445,647,461
1779135286.6057482,2446,822,461
1779135286.65435,2447,976,460
1779135286.6568742,2448,976,459
1779135286.6568892,2449,976,459
1779135286.6580617,2450,976,459
1779135286.6593199,2451,976,458
1779135286.6606536,2452,976,459
1779135286.675554,2453,976,458
1779135286.6842957,2454,976,459
1779135286.69309,2455,976,459
1779135286.704318,2456,976,458
1779135286.7143466,2457,976,458
1779135286.7280762,2458,976,460
1779135286.7342966,2459,976,458
1779135286.745594,2460,976,460
1779135286.7543423,2461,976,462
1779135286.7681386,2462,976,462
1779135286.777156,2463,976,463
1779135286.7931118,2464,976,464
1779135286.8018613,2465,976,465
1779135286.8018763,2466,976,464
1779135286.8106313,2467,976,465
1779135286.8231592,2468,976,465
1779135286.8319602,2469,976,463
1779135286.845734,2470,976,462
1779135286.8543453,2471,976,463
1779135286.8655972,2472,976,462
1779135286.8743422,2473,976,461
1779135286.8880825,2474,976,461
1779135286.8968985,2475,971,460
1779135286.9080892,2476,818,461
1779135286.9168441,2477,687,459
1779135286.9280705,2478,578,459
1779135286.9418418,2479,490,458
1779135286.953364,2480,420,457
1779135286.9533818,2481,367,456
1779135286.9618058,2482,327,455
1779135286.9705827,2483,299,455
1779135287.0257285,2484,280,455
1779135287.0306797,2485,266,455
1779135287.031866,2486,256,455
1779135287.0332084,2487,248,455
1779135287.0344157,2488,241,455
1779135287.0356562,2489,236,454
1779135287.050688,2490,233,455
1779135287.0519445,2491,227,455
1779135287.0680892,2492,220,455
1779135287.076844,2493,210,455
1779135287.085687,2494,198,455
1779135287.099342,2495,184,455
1779135287.1156356,2496,172,454
1779135287.11687,2497,159,454
1779135287.1168833,2498,149,453
1779135287.1319077,2499,138,453
1779135287.1431983,2500,131,452
1779135287.1570246,2501,125,453
1779135287.161963,2502,121,453
1779135287.1946068,2503,118,454
1779135287.1956944,2504,113,454
1779135287.1969364,2505,109,454
1779135287.2068255,2506,107,453
1779135287.2156518,2507,103,453
1779135287.2268224,2508,102,453
1779135287.2381086,2509,101,453
1779135287.2468567,2510,102,452
1779135287.2606323,2511,107,452
1779135287.2719457,2512,118,451
1779135287.2719862,2513,145,450
1779135287.2806313,2514,197,450
1779135287.2944229,2515,280,450
1779135287.3031077,2516,398,449
1779135287.311873,2517,549,449
1779135287.3256552,2518,724,449
1779135287.334441,2519,917,448
1779135287.3431697,2520,976,448
1779135287.3869205,2521,976,447
1779135287.3881643,2522,976,447
1779135287.3893921,2523,976,447
1779135287.3906724,2524,976,447
1779135287.398197,2525,976,447
1779135287.406964,2526,976,446
1779135287.4207015,2527,976,446
1779135287.432089,2528,976,446
1779135287.4321282,2529,976,446
1779135287.4445372,2530,976,448
1779135287.4532907,2531,976,448
1779135287.4644697,2532,976,448
1779135287.473387,2533,976,447
1779135287.4869125,2534,976,448
1779135287.495711,2535,976,449
1779135287.5069451,2536,976,450
1779135287.5158188,2537,976,451
1779135287.5294678,2538,976,452
1779135287.5381858,2539,976,453
1779135287.5481431,2540,976,452
1779135287.556919,2541,976,452
1779135287.5706522,2542,976,451
1779135287.584424,2543,976,453
1779135287.5907614,2544,976,451
1779135287.6044853,2545,976,451
1779135287.6044998,2546,898,451
1779135287.6131067,2547,739,450
1779135287.6244318,2548,593,449
1779135287.6331465,2549,468,449
1779135287.647126,2550,366,448
1779135287.656957,2551,284,447
1779135287.6631908,2552,224,447
1779135287.6770308,2553,186,446
1779135287.6855779,2554,163,446
1779135287.6993868,2555,154,445
1779135287.7056005,2556,152,445
1779135287.7544065,2557,154,444
1779135287.7556162,2558,159,444
1779135287.75685,2559,166,444
1779135287.7619257,2560,172,444
1779135287.763188,2561,179,443
1779135287.763224,2562,183,443
1779135287.7770634,2563,184,443
1779135287.7831333,2564,182,442
1779135287.7968519,2565,179,442
1779135287.8031402,2566,176,441
1779135287.8344033,2567,167,441
1779135287.8356864,2568,157,441
1779135287.8369367,2569,144,440
1779135287.8468697,2570,132,440
1779135287.855763,2571,120,439
1779135287.8656404,2572,110,439
1779135287.874356,2573,99,438
1779135287.8882122,2574,93,438
1779135287.8969636,2575,86,438
1779135287.913135,2576,82,439
1779135287.921903,2577,80,440
1779135287.9219363,2578,81,439
1779135287.930611,2579,84,440
1779135287.9419136,2580,86,440
1779135287.9506562,2581,88,440
1779135287.9644814,2582,89,441
1779135287.9746099,2583,88,441
1779135287.9832292,2584,89,441
1779135287.992023,2585,94,441
1779135288.005729,2586,109,442
1779135288.0143745,2587,137,443
1779135288.0256,2588,188,443
1779135288.0343812,2589,272,444
1779135288.0481148,2590,388,445
1779135288.0568655,2591,536,446
1779135288.073234,2592,706,447
1779135288.1044796,2593,892,447
1779135288.1044981,2594,975,448
1779135288.1056995,2595,976,449
1779135288.1282153,2596,976,449
1779135288.1293883,2597,976,450
1779135288.1306307,2598,976,451
1779135288.1318645,2599,976,451
1779135288.1481586,2600,976,452
1779135288.149361,2601,976,452
1779135288.1631393,2602,976,454
1779135288.1768954,2603,976,454
1779135288.183119,2604,976,452
1779135288.1944563,2605,976,453
1779135288.203203,2606,976,453
1779135288.2168653,2607,976,453
1779135288.2332168,2608,976,454
1779135288.2419224,2609,976,454
1779135288.241934,2610,976,454
1779135288.250617,2611,976,455
1779135288.2618837,2612,976,455
1779135288.2706668,2613,976,455
1779135288.2843788,2614,976,455
1779135288.293163,2615,976,456
1779135288.3031664,2616,976,456
1779135288.3118725,2617,976,457
1779135288.3257062,2618,976,458
1779135288.3344302,2619,878,459
1779135288.34574,2620,720,461
1779135288.3547256,2621,574,461
1779135288.368182,2622,449,462
1779135288.3769596,2623,344,462
1779135288.3932936,2624,262,462
1779135288.4020152,2625,204,462
1779135288.4109218,2626,169,463
1779135288.4109566,2627,153,463
1779135288.42199,2628,152,463
1779135288.4356813,2629,158,463
1779135288.4420044,2630,171,463
1779135288.474481,2631,186,463
1779135288.475647,2632,202,463
1779135288.5007296,2633,214,462
1779135288.5018654,2634,223,463
1779135288.5270224,2635,225,462
1779135288.5282142,2636,224,462
1779135288.5294297,2637,219,462
1779135288.530667,2638,211,462
1779135288.5446534,2639,200,462
1779135288.5507627,2640,188,462
1779135288.564545,2641,175,463
1779135288.573255,2642,164,463
1779135288.5733063,2643,154,464
1779135288.5845122,2644,145,464
1779135288.593265,2645,136,464
1779135288.6094208,2646,129,464
1779135288.6106534,2647,123,464
1779135288.6270049,2648,118,464
1779135288.6358747,2649,114,465
1779135288.6446834,2650,112,466
1779135288.6582263,2651,111,466
1779135288.6644893,2652,110,467
1779135288.678291,2653,109,467
1779135288.6870556,2654,109,467
1779135288.7009175,2655,109,467
1779135288.712259,2656,112,467
1779135288.7123258,2657,113,467
1779135288.720842,2658,117,468
1779135288.7348619,2659,121,467
1779135288.7407308,2660,129,468
1779135288.754434,2661,142,467
1779135288.7631557,2662,172,469
1779135288.7769506,2663,225,469
1779135288.7831883,2664,313,469
1779135288.7969038,2665,431,470
1779135288.8056693,2666,575,470
1779135288.8344736,2667,740,471
1779135288.8357432,2668,911,471
1779135288.8619208,2669,976,472
1779135288.8669283,2670,976,472
1779135288.8681471,2671,976,474
1779135288.8706791,2672,976,473
1779135288.8707128,2673,976,473
1779135288.885754,2674,976,475
1779135288.8907263,2675,976,474
1779135288.9069958,2676,976,475
1779135288.9081988,2677,976,476
1779135288.9219391,2678,976,476
1779135288.933256,2679,976,476
1779135288.9444857,2680,976,476
1779135288.9532645,2681,976,478
1779135288.966963,2682,976,479
1779135288.9757466,2683,976,478
1779135288.987146,2684,976,479
1779135288.9957201,2685,976,478
1779135289.0094125,2686,976,479
1779135289.0182297,2687,976,478
1779135289.036961,2688,976,479
1779135289.0369756,2689,976,477
1779135289.0382564,2690,975,477
1779135289.0519516,2691,836,476
1779135289.0632675,2692,694,475
1779135289.0719168,2693,563,473
1779135289.085676,2694,447,472
1779135289.119428,2695,351,471
1779135289.120635,2696,276,470
1779135289.1218932,2697,218,468
1779135289.1231546,2698,182,467
1779135289.1369407,2699,160,465
1779135289.1457527,2700,155,465
1779135289.1545625,2701,159,464
1779135289.1682081,2702,174,463
1779135289.176927,2703,194,462
1779135289.2144237,2704,216,462
1779135289.2156777,2705,235,460
1779135289.2157004,2706,255,459
1779135289.2319,2707,268,458
1779135289.233137,2708,279,458
1779135289.2343664,2709,281,456
1779135289.2444096,2710,281,457
1779135289.2531283,2711,275,455
1779135289.2643974,2712,267,456
1779135289.2732344,2713,252,455
1779135289.2870016,2714,238,455
1779135289.2956681,2715,222,455
1779135289.3069909,2716,207,455
1779135289.3209627,2717,191,455
1779135289.3257608,2718,176,455
1779135289.3394563,2719,160,455
1779135289.3582456,2720,145,455
1779135289.3594651,2721,131,453
1779135289.3594856,2722,119,454
1779135289.373195,2723,109,452
1779135289.384476,2724,105,455
1779135289.393207,2725,102,454
1779135289.4069505,2726,100,455
1779135289.4157283,2727,98,455
1779135289.4270382,2728,99,456
1779135289.4356768,2729,99,455
1779135289.449417,2730,103,457
1779135289.4594107,2731,108,456
1779135289.4656703,2732,115,458
1779135289.4794006,2733,120,457
1779135289.4881694,2734,128,459
1779135289.5019486,2735,141,460
1779135289.5132122,2736,166,461
1779135289.5132322,2737,209,460
1779135289.521922,2738,278,462
1779135289.530663,2739,376,462
1779135289.5419676,2740,502,464
1779135289.5507298,2741,650,463
1779135289.5756702,2742,811,466
1779135289.5768979,2743,969,464
1779135289.6020079,2744,976,466
1779135289.6031802,2745,976,465
1779135289.6120214,2746,976,467
1779135289.613183,2747,976,466
1779135289.624431,2748,976,467
1779135289.633183,2749,976,466
1779135289.6470234,2750,976,467
1779135289.6556556,2751,976,467
1779135289.6712513,2752,976,468
1779135289.684424,2753,976,467
1779135289.690687,2754,976,468
1779135289.69072,2755,976,467
1779135289.7018998,2756,976,468
1779135289.7106829,2757,976,468
1779135289.7244203,2758,976,470
1779135289.7569659,2759,976,468
1779135289.758165,2760,976,469
1779135289.7593958,2761,976,468
1779135289.7606428,2762,976,469
1779135289.7757595,2763,976,469
1779135289.7819474,2764,976,469
1779135289.7956853,2765,971,468
1779135289.8044317,2766,816,470
1779135289.818172,2767,674,468
1779135289.8345072,2768,546,469
1779135289.834525,2769,434,468
1779135289.8431814,2770,344,468
1779135289.8519313,2771,275,467
1779135289.8631997,2772,229,468
1779135289.8719435,2773,204,467
1779135289.8871608,2774,197,467
1779135289.893241,2775,202,467
1779135289.9044576,2776,217,467
1779135289.9132318,2777,238,466
1779135289.9407573,2778,262,467
1779135289.941967,2779,285,466
1779135289.9669678,2780,305,466
1779135289.968256,2781,321,465
1779135289.9868987,2782,333,466
1779135289.9881525,2783,339,465
1779135289.9906762,2784,340,465
1779135290.005722,2785,336,464
1779135290.010727,2786,327,464
1779135290.0107474,2787,316,464
1779135290.021921,2788,303,464
1779135290.0306816,2789,287,463
1779135290.0443995,2790,273,463
1779135290.0531914,2791,258,462
1779135290.0644627,2792,240,461
1779135290.0781965,2793,224,460
1779135290.08317,2794,209,460
1779135290.0982525,2795,198,460
1779135290.104516,2796,188,460
1779135290.1181796,2797,177,460
1779135290.1270947,2798,169,459
1779135290.1407568,2799,163,458
1779135290.152072,2800,160,457
1779135290.15211,2801,159,456
1779135290.1606925,2802,161,456
1779135290.1746755,2803,163,455
1779135290.1806998,2804,167,455
1779135290.195784,2805,172,454
1779135290.204447,2806,183,453
1779135290.2133098,2807,204,452
1779135290.2245157,2808,242,452
1779135290.2332869,2809,304,451
1779135290.2472036,2810,396,451
1779135290.2556756,2811,516,451
1779135290.2669811,2812,658,451
1779135290.280755,2813,815,450
1779135290.2857518,2814,970,450
1779135290.3107255,2815,976,448
1779135290.3333013,2816,976,448
1779135290.3345253,2817,976,448
1779135290.3345695,2818,976,448
1779135290.335702,2819,976,447
1779135290.3519936,2820,976,447
1779135290.3532312,2821,976,447
1779135290.3621535,2822,976,448
1779135290.3946278,2823,976,448
1779135290.395767,2824,976,446
1779135290.3969738,2825,976,446
1779135290.4059594,2826,976,446
1779135290.414539,2827,976,445
1779135290.4257975,2828,976,445
1779135290.4345586,2829,976,445
1779135290.4483604,2830,976,446
1779135290.457084,2831,976,445
1779135290.473259,2832,976,445
1779135290.4820278,2833,976,445
1779135290.4907706,2834,975,444
1779135290.4908085,2835,968,444
1779135290.5020676,2836,816,444
1779135290.510802,2837,678,445
1779135290.524552,2838,553,444
1779135290.5334115,2839,448,443
1779135290.5445268,2840,363,443
1779135290.5533047,2841,300,441
1779135290.567174,2842,259,441
1779135290.5758622,2843,234,441
1779135290.5871716,2844,225,440
1779135290.595788,2845,227,440
1779135290.6095574,2846,237,440
1779135290.6182723,2847,252,439
1779135290.6346967,2848,268,439
1779135290.6347468,2849,285,438
1779135290.6432912,2850,299,438
1779135290.6521795,2851,311,438
1779135290.6907146,2852,317,438
1779135290.6919491,2853,321,437
1779135290.7008188,2854,319,437
1779135290.7020555,2855,315,437
1779135290.7032826,2856,307,436
1779135290.719534,2857,297,436
1779135290.7245302,2858,283,436
1779135290.7382376,2859,268,435
1779135290.7444432,2860,252,435
1779135290.7582252,2861,235,435
1779135290.7669744,2862,218,434
1779135290.7809489,2863,206,433
1779135290.792034,2864,196,432
1779135290.7920597,2865,190,432
1779135290.8008635,2866,185,432
1779135290.8169417,2867,182,432
1779135290.81827,2868,177,432
1779135290.8332386,2869,174,432
1779135290.842016,2870,171,431
1779135290.8558056,2871,170,431
1779135290.862004,2872,168,431
1779135290.8757317,2873,166,431
1779135290.8844929,2874,163,431
1779135290.8983932,2875,164,431
1779135290.9044816,2876,166,431
1779135290.918282,2877,174,431
1779135290.9270377,2878,192,430
1779135290.9407291,2879,228,430
1779135290.9519823,2880,288,431
1779135290.9520068,2881,380,431
1779135290.9607384,2882,507,432
1779135290.9745595,2883,656,432
1779135290.9832916,2884,826,432
1779135290.9919848,2885,975,431
1779135291.0057147,2886,976,431
1779135291.0369563,2887,976,431
1779135291.0381927,2888,976,431
1779135291.0632222,2889,976,432
1779135291.0644746,2890,976,431
1779135291.083294,2891,976,432
1779135291.0845122,2892,976,432
1779135291.0857556,2893,976,431
1779135291.0869937,2894,976,433
1779135291.1008463,2895,976,433
1779135291.1120007,2896,976,433
1779135291.1120214,2897,976,434
1779135291.1207983,2898,976,434
1779135291.1344583,2899,976,435
1779135291.1407177,2900,976,435
1779135291.153394,2901,976,436
1779135291.1620595,2902,976,436
1779135291.1759613,2903,976,436
1779135291.1821387,2904,976,437
1779135291.1957588,2905,976,439
1779135291.204478,2906,976,438
1779135291.2182186,2907,976,438
1779135291.2244709,2908,976,440
1779135291.2382112,2909,976,440
1779135291.2494833,2910,976,440
1779135291.2632275,2911,976,441
1779135291.271998,2912,975,441
1779135291.2857695,2913,819,441
1779135291.2858083,2914,681,443
1779135291.2908287,2915,559,443
1779135291.3019652,2916,458,443
1779135291.3157985,2917,376,443
1779135291.322068,2918,316,444
1779135291.335863,2919,274,444
1779135291.342024,2920,248,444
1779135291.354738,2921,236,444
1779135291.363279,2922,231,445
1779135291.3770113,2923,230,445
1779135291.3832462,2924,231,446
1779135291.4282653,2925,234,446
1779135291.4296079,2926,239,447
1779135291.430733,2927,242,447
1779135291.4332347,2928,243,448
1779135291.443277,2929,241,448
1779135291.4432955,2930,238,448
1779135291.451944,2931,233,448
1779135291.4619868,2932,226,448
1779135291.4708986,2933,218,448
1779135291.4844716,2934,209,448
1779135291.4932365,2935,199,448
1779135291.5045679,2936,190,448
1779135291.5133212,2937,181,447
1779135291.5269861,2938,174,446
1779135291.5357316,2939,168,446
1779135291.5469549,2940,163,445
1779135291.5557365,2941,158,445
1779135291.5657194,2942,155,446
1779135291.5795116,2943,152,446
1779135291.5908275,2944,151,445
1779135291.599574,2945,149,444
1779135291.613336,2946,147,445
1779135291.613347,2947,145,446
1779135291.624466,2948,144,446
1779135291.6382368,2949,142,446
1779135291.6432247,2950,144,447
1779135291.6775846,2951,151,447
1779135291.678289,2952,168,447
1779135291.6794605,2953,206,448
1779135291.6894588,2954,271,449
1779135291.6957414,2955,371,449
1779135291.706979,2956,504,450
1779135291.7158325,2957,662,451
1779135291.7296188,2958,840,451
1779135291.7381985,2959,976,451
1779135291.7547085,2960,976,452
1779135291.75473,2961,976,452
1779135291.7873473,2962,976,453
1779135291.7882288,2963,976,454
1779135291.8044705,2964,976,455
1779135291.8057055,2965,976,455
1779135291.806945,2966,976,455
1779135291.8207448,2967,976,456
1779135291.821988,2968,976,457
1779135291.83699,2969,976,458
1779135291.8457503,2970,976,458
1779135291.854491,2971,976,460
1779135291.8657398,2972,976,460
1779135291.8745039,2973,976,461
1779135291.8857403,2974,976,462
1779135291.8995054,2975,976,463
1779135291.9157577,2976,976,464
1779135291.917004,2977,976,465
1779135291.9307165,2978,976,466
1779135291.9307282,2979,976,466
1779135291.942009,2980,976,466
1779135291.9507127,2981,976,467
1779135291.9645317,2982,976,467
1779135291.973246,2983,976,468
1779135291.9845164,2984,976,468
1779135291.9932659,2985,976,469
1779135292.0069993,2986,860,469
1779135292.0157366,2987,711,468
1779135292.0269895,2988,579,468
1779135292.0407686,2989,467,468
1779135292.0457728,2990,378,468
1779135292.0596113,2991,311,467
1779135292.075848,2992,264,467
1779135292.0771732,2993,236,467
1779135292.0908587,2994,224,467
1779135292.0908732,2995,222,468
1779135292.1019695,2996,225,468
1779135292.1107626,2997,233,467
1779135292.1419883,2998,246,468
1779135292.1432636,2999,261,467
1779135292.1683033,3000,274,467
1779135292.169503,3001,283,467
1779135292.1746573,3002,286,467
1779135292.175974,3003,283,467
1779135292.1845267,3004,273,467
1779135292.1982584,3005,261,465
1779135292.206986,3006,250,465
1779135292.2158766,3007,236,466
1779135292.2319853,3008,222,465
1779135292.2408388,3009,207,465
1779135292.2408633,3010,191,466
1779135292.2544925,3011,177,465
1779135292.2607696,3012,163,466
1779135292.274525,3013,152,466
1779135292.2832587,3014,148,466
1779135292.3172867,3015,145,466
1779135292.3182988,3016,146,465
1779135292.3195057,3017,147,466
1779135292.3207643,3018,148,466
1779135292.3345456,3019,149,465
1779135292.3458092,3020,151,465
1779135292.3545794,3021,153,463
1779135292.368319,3022,155,463
1779135292.3770924,3023,155,462
1779135292.393373,3024,154,462
1779135292.402115,3025,154,461
1779135292.410888,3026,156,460
1779135292.4109027,3027,163,460
1779135292.4220219,3028,176,460
1779135292.4307837,3029,206,460
1779135292.4445171,3030,258,460
1779135292.453292,3031,339,460
1779135292.464509,3032,453,460
1779135292.4733138,3033,598,461
1779135292.4870236,3034,768,461
1779135292.5296018,3035,954,460
1779135292.5308669,3036,976,461
1779135292.536977,3037,976,460
1779135292.538223,3038,976,460
1779135292.5394824,3039,976,460
1779135292.5558822,3040,976,459
1779135292.557027,3041,976,460
1779135292.5708303,3042,976,460
1779135292.5708632,3043,976,460
1779135292.5819812,3044,976,460
1779135292.5907927,3045,976,460
1779135292.6045594,3046,976,460
1779135292.613253,3047,976,459
1779135292.6245239,3048,976,459
1779135292.6372406,3049,976,459
1779135292.6458342,3050,976,459
1779135292.654489,3051,976,459
1779135292.6657724,3052,976,459
1779135292.6745374,3053,976,459
1779135292.688261,3054,976,459
1779135292.6970274,3055,976,459
1779135292.7132874,3056,976,459
1779135292.7220175,3057,976,460
1779135292.7308986,3058,976,459
1779135292.730913,3059,976,459
1779135292.7458763,3060,976,460
1779135292.7520883,3061,976,460
1779135292.7658799,3062,976,461
1779135292.7745588,3063,894,460
1779135292.7858112,3064,743,460
1779135292.794493,3065,607,461
1779135292.8082545,3066,487,461
1779135292.8169756,3067,390,461
1779135292.8283253,3068,313,461
1779135292.8420367,3069,258,461
1779135292.8469932,3070,221,462
1779135292.898325,3071,199,462
1779135292.900828,3072,190,463
1779135292.90201,3073,190,463
1779135292.9032967,3074,195,464
1779135292.9033594,3075,202,464
1779135292.9045284,3076,209,465
1779135292.9195416,3077,215,466
1779135292.9208536,3078,220,466
1779135292.9570785,3079,223,467
1779135292.958282,3080,223,467
1779135292.959514,3081,221,468
1779135292.9645076,3082,215,469
1779135292.9782848,3083,206,469
1779135292.984534,3084,196,470
1779135292.9982698,3085,186,470
1779135293.0045128,3086,177,471
1779135293.0183728,3087,167,471
1779135293.034581,3088,157,470
1779135293.0346093,3089,146,471
1779135293.043298,3090,138,471
1779135293.0570648,3091,129,470
1779135293.0659134,3092,123,471
1779135293.0746143,3093,115,471
1779135293.0832596,3094,110,472
1779135293.0970345,3095,104,472
1779135293.103258,3096,102,472
1779135293.1170208,3097,100,472
1779135293.1258414,3098,102,472
1779135293.1345794,3099,104,471
1779135293.1459453,3100,107,471
1779135293.154514,3101,111,471
1779135293.1658852,3102,115,471
1779135293.1795404,3103,124,470
1779135293.1908357,3104,137,470
1779135293.1995656,3105,161,470
1779135293.2133064,3106,203,468
1779135293.2133348,3107,269,467
1779135293.2245216,3108,366,467
1779135293.2496622,3109,494,466
1779135293.2508569,3110,649,465
1779135293.275868,3111,825,463
1779135293.2770154,3112,975,462
1779135293.2782617,3113,976,460
1779135293.288305,3114,976,459
1779135293.2970312,3115,976,459
1779135293.3082798,3116,976,458
1779135293.317023,3117,976,455
1779135293.3310294,3118,976,454
1779135293.3446434,3119,976,453
1779135293.3471406,3120,976,452
1779135293.3621945,3121,976,451
1779135293.370945,3122,976,450
1779135293.3710027,3123,976,450
1779135293.3822057,3124,976,450
1779135293.3960805,3125,976,450
1779135293.40211,3126,976,450
1779135293.4159114,3127,976,451
1779135293.4220867,3128,976,451
1779135293.435956,3129,976,454
1779135293.4446566,3130,976,453
1779135293.4534032,3131,976,454
1779135293.4646382,3132,976,455
1779135293.4734366,3133,976,457
1779135293.483449,3134,976,458
1779135293.497173,3135,976,461
1779135293.513469,3136,976,462
1779135293.5220811,3137,888,464
1779135293.5309343,3138,728,467
1779135293.5310006,3139,582,469
1779135293.5422132,3140,455,471
1779135293.5509474,3141,352,473
1779135293.564664,3142,273,475
1779135293.5984113,3143,216,477
1779135293.599566,3144,179,478
1779135293.6247003,3145,160,479
1779135293.625975,3146,156,480
1779135293.6448781,3147,161,481
1779135293.6459637,3148,174,482
1779135293.6470618,3149,192,483
1779135293.6483305,3150,212,484
1779135293.6621356,3151,234,485
1779135293.6733544,3152,252,486
1779135293.6733866,3153,265,487
1779135293.6822016,3154,272,487
1779135293.6933234,3155,274,488
1779135293.7070835,3156,271,489
1779135293.7133112,3157,261,489
1779135293.7270255,3158,248,490
1779135293.7359154,3159,231,490
1779135293.7498941,3160,214,491
1779135293.7560532,3161,195,491
1779135293.769686,3162,178,491
1779135293.776043,3163,162,491
1779135293.7896879,3164,147,489
1779135293.7983928,3165,134,488
1779135293.8070488,3166,124,487
1779135293.8208869,3167,117,487
1779135293.833451,3168,111,488
1779135293.8334944,3169,110,489
1779135293.8471894,3170,112,490
1779135293.8521304,3171,116,490
1779135293.8660038,3172,120,491
1779135293.873425,3173,123,492
1779135293.887218,3174,127,493
1779135293.8959649,3175,130,494
1779135293.904689,3176,133,496
1779135293.915946,3177,135,498
1779135293.9245272,3178,140,499
1779135293.9383097,3179,149,501
1779135293.9471598,3180,171,504
1779135293.9582913,3181,212,504
1779135293.992197,3182,279,507
1779135293.9933882,3183,376,508
1779135294.013312,3184,507,511
1779135294.0145595,3185,662,512
1779135294.014574,3186,834,515
1779135294.015808,3187,976,516
1779135294.0245912,3188,976,518
1779135294.0333033,3189,976,519
1779135294.0420592,3190,976,521
1779135294.055886,3191,976,522
1779135294.0645435,3192,976,523
1779135294.0759315,3193,976,524
1779135294.084523,3194,976,526
1779135294.098306,3195,976,527
1779135294.1070726,3196,976,528
1779135294.11585,3197,976,528
1779135294.1295488,3198,976,529
1779135294.1382937,3199,976,529
1779135294.1508574,3200,976,529
1779135294.1595998,3201,976,530
1779135294.1733453,3202,976,530
1779135294.1733634,3203,976,530
1779135294.1820571,3204,976,531
1779135294.193379,3205,976,530
1779135294.2021368,3206,976,530
1779135294.2383296,3207,976,532
1779135294.2396128,3208,976,531
1779135294.240881,3209,976,531
1779135294.2420394,3210,976,530
1779135294.2570505,3211,900,531
1779135294.2659667,3212,747,529
1779135294.2774692,3213,609,529
1779135294.2858734,3214,489,528
1779135294.2995732,3215,392,527
1779135294.3121018,3216,317,527
1779135294.3233957,3217,267,526
1779135294.323439,3218,237,525
1779135294.3696682,3219,224,525
1779135294.370923,3220,225,524
1779135294.372122,3221,234,524
1779135294.3733864,3222,249,523
1779135294.3746324,3223,264,522
1779135294.3886003,3224,281,521
1779135294.3946457,3225,295,520
1779135294.4084198,3226,305,519
1779135294.4146295,3227,310,519
1779135294.4283607,3228,311,518
1779135294.435909,3229,305,517
1779135294.4446697,3230,298,515
1779135294.4584334,3231,286,514
1779135294.4708805,3232,273,513
1779135294.479639,3233,258,511
1779135294.493452,3234,244,509
1779135294.493481,3235,230,507
1779135294.5021734,3236,218,506
1779135294.5133853,3237,204,505
1779135294.522098,3238,189,504
1779135294.535972,3239,177,503
1779135294.5433724,3240,166,501
1779135294.5546563,3241,156,499
1779135294.5634043,3242,151,498
1779135294.5773711,3243,145,496
1779135294.585963,3244,143,493
1779135294.597221,3245,140,492
1779135294.6059945,3246,139,489
1779135294.6196728,3247,139,489
1779135294.6321557,3248,143,487
1779135294.6409092,3249,152,487
1779135294.6409667,3250,171,486
1779135294.6509032,3251,207,486
1779135294.6646588,3252,270,485
1779135294.6721392,3253,361,485
1779135294.6860092,3254,483,486
1779135294.6947374,3255,632,486
1779135294.7197392,3256,802,486
1779135294.720858,3257,972,485
1779135294.7408843,3258,976,486
1779135294.7420673,3259,976,485
1779135294.743315,3260,976,486
1779135294.7570722,3261,976,485
1779135294.765859,3262,976,486
1779135294.7795918,3263,976,486
1779135294.7921104,3264,976,486
1779135294.8058617,3265,976,486
1779135294.8058794,3266,976,487
1779135294.8108423,3267,976,486
1779135294.824717,3268,976,487
1779135294.8309627,3269,976,486
1779135294.8445916,3270,976,487
1779135294.8784344,3271,976,487
1779135294.8795967,3272,976,487
1779135294.8809419,3273,976,487
1779135294.8858683,3274,976,487
1779135294.8995647,3275,976,488
1779135294.9058545,3276,976,488
1779135294.9170663,3277,976,487
1779135294.9258456,3278,976,488
1779135294.939592,3279,976,488
1779135294.9522681,3280,976,488
1779135294.9635024,3281,882,488
1779135294.9635348,3282,731,488
1779135294.9721644,3283,593,488
1779135294.9859574,3284,475,488
1779135294.9921637,3285,378,487
1779135295.0058393,3286,305,487
1779135295.0146127,3287,255,487
1779135295.0283678,3288,227,487
1779135295.0346558,3289,216,487
1779135295.0483246,3290,217,486
1779135295.0570576,3291,227,486
1779135295.0834246,3292,243,485
1779135295.0846434,3293,259,484
1779135295.1096833,3294,275,484
1779135295.1109345,3295,288,482
1779135295.1370683,3296,300,481
1779135295.1408443,3297,307,480
1779135295.1420655,3298,310,478
1779135295.1420836,3299,310,477
1779135295.143422,3300,305,476
1779135295.1595962,3301,296,474
1779135295.1608484,3302,284,473
1779135295.1721132,3303,270,472
1779135295.18592,3304,255,471
1779135295.1946106,3305,238,470
1779135295.2083259,3306,219,471
1779135295.2133336,3307,200,470
1779135295.2272499,3308,181,470
1779135295.2334414,3309,162,470
1779135295.2471168,3310,144,470
1779135295.2608547,3311,129,469
1779135295.2733922,3312,118,469
1779135295.2734067,3313,109,468
1779135295.28216,3314,103,467
1779135295.2958715,3315,100,468
1779135295.3046744,3316,101,467
1779135295.3158464,3317,107,466
1779135295.3246765,3318,123,465
1779135295.3384907,3319,158,464
1779135295.3472302,3320,219,463
1779135295.3584092,3321,314,463
1779135295.367152,3322,443,462
1779135295.3783503,3323,603,462
1779135295.3874085,3324,788,462
1779135295.403431,3325,974,462
1779135295.4046788,3326,976,462
1779135295.428432,3327,976,464
1779135295.4309375,3328,976,463
1779135295.4559658,3329,976,463
1779135295.4570851,3330,976,464
1779135295.4571128,3331,976,464
1779135295.4821086,3332,976,464
1779135295.4833128,3333,976,466
1779135295.4871438,3334,976,467
1779135295.5146265,3335,976,469
1779135295.5158327,3336,976,469
1779135295.5170949,3337,976,470
1779135295.5246189,3338,976,471
1779135295.5333347,3339,976,473
1779135295.5472403,3340,976,472
1779135295.553438,3341,976,473
1779135295.567172,3342,976,473
1779135295.5759773,3343,976,474
1779135295.59224,3344,976,474
1779135295.6008847,3345,976,473
1779135295.6008983,3346,976,473
1779135295.6146011,3347,976,474
1779135295.623332,3348,976,472
1779135295.6345956,3349,976,471
1779135295.6434076,3350,976,471
1779135295.6571765,3351,976,470
1779135295.665852,3352,976,470
1779135295.6770966,3353,976,467
1779135295.6883378,3354,906,467
1779135295.6971195,3355,745,466
1779135295.7109737,3356,601,465
1779135295.717215,3357,478,463
1779135295.730838,3358,377,462
1779135295.7446568,3359,298,461
1779135295.7472224,3360,240,460
1779135295.762109,3361,199,458
1779135295.770961,3362,174,457
1779135295.7709846,3363,161,455
1779135295.7845633,3364,159,455
1779135295.7908475,3365,163,453
1779135295.8384228,3366,171,452
1779135295.8396564,3367,182,451
1779135295.8408275,3368,191,451
1779135295.8420677,3369,198,450
1779135295.8433325,3370,201,449
1779135295.8584352,3371,199,449
1779135295.8634229,3372,196,448
1779135295.8747442,3373,188,449
1779135295.8834622,3374,177,449
1779135295.8984008,3375,164,449
1779135295.9109468,3376,148,449
1779135295.9197361,3377,131,449
1779135295.9333904,3378,113,450
1779135295.9334202,3379,100,451
1779135295.9422078,3380,88,453
1779135295.9534135,3381,77,455
1779135295.9671462,3382,66,456
1779135295.9721754,3383,60,457
1779135295.9859486,3384,56,459
1779135295.9921203,3385,56,460
1779135296.003437,3386,55,461
1779135296.0171223,3387,57,464
1779135296.025877,3388,60,466
1779135296.0371132,3389,70,467
1779135296.0458784,3390,85,469
1779135296.0596204,3391,113,470
1779135296.0721276,3392,165,472
1779135296.080912,3393,245,474
1779135296.0809243,3394,356,475
1779135296.094674,3395,500,477
1779135296.1022143,3396,671,478
1779135296.1133556,3397,859,479
1779135296.1221054,3398,976,480
1779135296.1546228,3399,976,481
1779135296.155875,3400,976,482
1779135296.157094,3401,976,483
1779135296.200911,3402,976,484
1779135296.2022011,3403,976,485
1779135296.213451,3404,976,486
1779135296.2147062,3405,976,488
1779135296.2159524,3406,976,487
1779135296.2171001,3407,976,489
1779135296.2333987,3408,976,490
1779135296.233423,3409,976,490
1779135296.2421017,3410,976,491
1779135296.255869,3411,976,490
1779135296.2646308,3412,976,492
1779135296.2758572,3413,976,491
1779135296.2846138,3414,976,492
1779135296.300899,3415,976,491
1779135296.3021154,3416,976,492
1779135296.3183842,3417,976,491
1779135296.3272574,3418,976,490
1779135296.3360112,3419,976,491
1779135296.3496995,3420,976,488
1779135296.3559744,3421,976,487
1779135296.3696668,3422,976,486
1779135296.3784494,3423,976,485
1779135296.3909833,3424,975,485
1779135296.4022589,3425,807,483
1779135296.4109643,3426,655,481
1779135296.411034,3427,523,480
1779135296.4247684,3428,411,479
1779135296.4309738,3429,320,478
1779135296.444818,3430,253,477
1779135296.4534614,3431,206,477
1779135296.4672902,3432,176,476
1779135296.4734042,3433,160,476
1779135296.4822915,3434,155,476
1779135296.4959717,3435,156,476
1779135296.5072317,3436,163,477
1779135296.5134768,3437,171,478
1779135296.5272977,3438,178,478
1779135296.5523317,3439,184,479
1779135296.5785184,3440,185,480
1779135296.5796764,3441,182,481
1779135296.5796833,3442,174,482
1779135296.5846481,3443,165,483
1779135296.5858681,3444,153,484
1779135296.5923078,3445,140,485
1779135296.6097238,3446,127,486
1779135296.6109154,3447,116,487
1779135296.6246881,3448,108,488
1779135296.6359284,3449,102,489
1779135296.6447387,3450,97,490
1779135296.6584458,3451,96,491
1779135296.6671557,3452,95,491
1779135296.6783996,3453,95,491
1779135296.6872592,3454,97,491
1779135296.7008934,3455,97,492
1779135296.7133713,3456,96,492
1779135296.713394,3457,98,493
1779135296.722176,3458,101,493
1779135296.7359247,3459,103,493
1779135296.7447097,3460,103,493
1779135296.7559974,3461,104,493
1779135296.7821736,3462,108,494
1779135296.7833884,3463,111,494
1779135296.7971914,3464,115,494
1779135296.7983854,3465,121,495
1779135296.8087761,3466,134,495
1779135296.8196523,3467,160,495
1779135296.8283966,3468,206,494
1779135296.8397155,3469,279,494
1779135296.848408,3470,383,493
1779135296.8621764,3471,518,492
1779135296.8721938,3472,679,492
1779135296.8722112,3473,857,491
1779135296.8808804,3474,976,491
1779135296.8946705,3475,976,489
1779135296.9196625,3476,976,489
1779135296.9208965,3477,976,488
1779135296.9459195,3478,976,489
1779135296.9471424,3479,976,488
1779135296.9534037,3480,976,487
1779135296.9546187,3481,976,486
1779135296.9646606,3482,976,487
1779135296.9734015,3483,976,485
1779135296.9871154,3484,976,484
1779135296.993366,3485,976,482
1779135297.007163,3486,976,482
1779135297.020944,3487,976,480
1779135297.0309355,3488,976,479
1779135297.03098,3489,976,477
1779135297.0446699,3490,976,478
1779135297.053447,3491,976,475
1779135297.0622182,3492,976,474
1779135297.0734034,3493,976,473
1779135297.082163,3494,976,473
1779135297.0959823,3495,976,471
1779135297.104666,3496,976,470
1779135297.115985,3497,976,468
1779135297.124738,3498,976,468
1779135297.1359859,3499,929,465
1779135297.1447575,3500,760,463
1779135297.1610103,3501,600,462
1779135297.162244,3502,460,460
1779135297.1759636,3503,340,457
1779135297.1934443,3504,246,456
1779135297.20223,3505,175,453
1779135297.2111387,3506,123,451
1779135297.2111847,3507,90,448
1779135297.2246594,3508,71,445
1779135297.2334316,3509,64,442
1779135297.242134,3510,65,438
1779135297.2559352,3511,71,435
1779135297.264691,3512,76,432
1779135297.2947357,3513,81,430
1779135297.2959583,3514,83,427
1779135297.320953,3515,81,425
1779135297.3222148,3516,76,424
1779135297.3472128,3517,67,422
1779135297.3484142,3518,59,419
1779135297.3597376,3519,47,418
1779135297.3621435,3520,35,416
1779135297.3634117,3521,22,413
1779135297.3734539,3522,10,412
1779135297.3734772,3523,2,410
1779135297.3822045,3524,0,408
1779135297.393443,3525,0,407
1779135297.4021747,3526,1,405
1779135297.4272463,3527,1,403
1779135297.428467,3528,1,401
1779135297.445935,3529,0,399
1779135297.4472265,3530,0,398
1779135297.4609373,3531,1,396
1779135297.4623692,3532,0,395
1779135297.478522,3533,0,392
1779135297.4871972,3534,0,391
1779135297.500886,3535,1,390
1779135297.513439,3536,0,388
1779135297.5134537,3537,0,387
1779135297.527127,3538,0,384
1779135297.5335147,3539,1,384
1779135297.549759,3540,0,382
1779135297.550949,3541,0,381
1779135297.565883,3542,0,381
1779135297.5747118,3543,0,379
1779135297.5883973,3544,0,378
1779135297.5946798,3545,1,378
1779135297.6084406,3546,1,377
1779135297.6173158,3547,88,377
1779135297.626033,3548,210,376
1779135297.658422,3549,359,376
1779135297.659706,3550,532,377
1779135297.6847827,3551,719,376
1779135297.6871653,3552,909,377
1779135297.6884096,3553,975,377
1779135297.6896822,3554,976,378
1779135297.6897073,3555,976,380
1779135297.7034607,3556,976,380
1779135297.714766,3557,976,380
1779135297.723526,3558,976,381
1779135297.737356,3559,976,381
1779135297.745911,3560,976,382
1779135297.7571566,3561,976,383
1779135297.7660122,3562,976,382
1779135297.7798047,3563,976,383
1779135297.7884228,3564,976,383
1779135297.7997174,3565,976,384
1779135297.8088167,3566,976,384
1779135297.822234,3567,976,384
1779135297.832366,3568,976,385
1779135297.8324008,3569,976,384
1779135297.8410397,3570,976,385
1779135297.8546648,3571,976,385
1779135297.8635423,3572,976,386
1779135297.873532,3573,976,387
1779135297.8822796,3574,976,388
1779135297.8960257,3575,976,388
1779135297.9047382,3576,976,389
1779135297.9159286,3577,976,390
1779135297.9297297,3578,844,391
1779135297.934744,3579,705,392
1779135297.9484265,3580,582,393
1779135297.9546683,3581,480,393
1779135297.9684045,3582,401,393
1779135297.9772527,3583,347,394
1779135297.9896493,3584,312,395
1779135298.0034497,3585,292,395
1779135298.0285425,3586,286,396
1779135298.0285668,3587,291,398
1779135298.0297163,3588,302,400
1779135298.0471745,3589,316,401
1779135298.0484283,3590,330,403
1779135298.077354,3591,346,405
1779135298.0784864,3592,360,407
1779135298.0897634,3593,371,409
1779135298.0908995,3594,378,411
1779135298.0921645,3595,379,412
1779135298.1059947,3596,375,413
1779135298.1147993,3597,365,415
1779135298.1285198,3598,350,416
1779135298.1335163,3599,332,416
1779135298.1535115,3600,308,416
1779135298.1535382,3601,282,417
1779135298.1621544,3602,255,418
1779135298.176021,3603,227,419
1779135298.1847813,3604,199,420
1779135298.1959326,3605,175,422
1779135298.2047045,3606,153,423
1779135298.2184007,3607,136,423
1779135298.227206,3608,122,424
1779135298.2384267,3609,112,424
1779135298.2471905,3610,105,424
1779135298.2610276,3611,103,424
1779135298.2697382,3612,105,425
1779135298.2809508,3613,108,425
1779135298.2935877,3614,115,426
1779135298.3022163,3615,130,427
1779135298.3109636,3616,154,427
1779135298.3109787,3617,195,428
1779135298.3222415,3618,259,428
1779135298.3310246,3619,351,429
1779135298.3447201,3620,471,430
1779135298.353495,3621,614,430
1779135298.3647432,3622,773,431
1779135298.3909833,3623,937,431
1779135298.3921566,3624,976,432
1779135298.4172413,3625,976,433
1779135298.418439,3626,976,434
1779135298.4346845,3627,976,434
1779135298.4359336,3628,976,436
1779135298.4371865,3629,976,435
1779135298.453575,3630,976,438
1779135298.4547906,3631,976,439
1779135298.4723017,3632,976,440
1779135298.483455,3633,976,441
1779135298.4834683,3634,976,440
1779135298.4922023,3635,976,440
1779135298.5060315,3636,976,441
1779135298.5148852,3637,976,441
1779135298.525934,3638,976,442
1779135298.5347629,3639,976,441
1779135298.5484607,3640,976,442
1779135298.5573418,3641,976,442
1779135298.5685418,3642,976,442
1779135298.5822923,3643,976,444
1779135298.587197,3644,976,444
1779135298.6009853,3645,976,442
1779135298.6085243,3646,976,442
1779135298.622305,3647,976,441
1779135298.632336,3648,878,443
1779135298.632362,3649,727,443
1779135298.6434486,3650,591,442
1779135298.6521876,3651,474,441
1779135298.6659372,3652,380,440
1779135298.6747706,3653,309,440
1779135298.6859272,3654,260,440
1779135298.7172265,3655,230,440
1779135298.7184346,3656,216,440
1779135298.7196996,3657,215,440
1779135298.7284875,3658,223,440
1779135298.7373276,3659,233,440
1779135298.7697473,3660,247,440
1779135298.7709706,3661,263,440
1779135298.7847064,3662,278,440
1779135298.7859385,3663,289,440
1779135298.7922742,3664,293,440
1779135298.8034458,3665,292,440
1779135298.8034756,3666,287,440
1779135298.8122535,3667,279,441
1779135298.8222153,3668,267,441
1779135298.8360355,3669,254,441
1779135298.844742,3670,237,441
1779135298.8584847,3671,220,441
1779135298.8635373,3672,201,441
1779135298.8772101,3673,185,441
1779135298.883445,3674,171,441
1779135298.897215,3675,156,441
1779135298.9059596,3676,144,441
1779135298.9197228,3677,133,441
1779135298.9259396,3678,124,441
1779135298.9373245,3679,113,442
1779135298.9510314,3680,105,443
1779135298.9510434,3681,99,443
1779135298.9622126,3682,94,443
1779135298.9709644,3683,91,444
1779135298.9848182,3684,89,444
1779135298.9935677,3685,88,445
1779135299.0047357,3686,87,446
1779135299.013549,3687,88,446
1779135299.027277,3688,92,447
1779135299.038477,3689,100,448
1779135299.0446842,3690,117,449
1779135299.0585787,3691,150,449
1779135299.067326,3692,205,450
1779135299.0760517,3693,292,451
1779135299.0872157,3694,412,452
1779135299.1009715,3695,563,452
1779135299.1435134,3696,737,454
1779135299.1435382,3697,928,454
1779135299.1446903,3698,976,455
1779135299.1559877,3699,976,456
1779135299.1573188,3700,976,456
1779135299.1585698,3701,976,456
1779135299.164772,3702,976,458
1779135299.178577,3703,976,458
1779135299.184755,3704,976,458
1779135299.1934776,3705,976,460
1779135299.2097523,3706,976,459
1779135299.2110329,3707,976,462
1779135299.224821,3708,976,460
1779135299.2384818,3709,976,460
1779135299.2472944,3710,976,461
1779135299.2610693,3711,976,461
1779135299.271158,3712,976,462
1779135299.2711952,3713,976,462
1779135299.2873445,3714,976,462
1779135299.28855,3715,976,463
1779135299.3022244,3716,976,463
1779135299.31608,3717,976,464
1779135299.322262,3718,976,463
1779135299.357491,3719,976,463
1779135299.3585198,3720,976,463
1779135299.3597019,3721,976,463
1779135299.366085,3722,976,463
1779135299.374823,3723,976,463
1779135299.3887212,3724,976,464
1779135299.3974092,3725,976,463
1779135299.4086308,3726,976,464
1779135299.422454,3727,976,464
1779135299.4325686,3728,975,463
1779135299.4326296,3729,805,464
1779135299.443596,3730,652,464
1779135299.4524555,3731,516,464
1779135299.4622993,3732,403,464
1779135299.4961193,3733,312,464
1779135299.4974127,3734,241,464
1779135299.5198598,3735,192,464
1779135299.5209882,3736,158,464
1779135299.5222428,3737,139,463
1779135299.5236514,3738,130,464
1779135299.5385804,3739,130,464
1779135299.5473905,3740,134,465
1779135299.5561187,3741,143,465
1779135299.566127,3742,156,465
1779135299.5797932,3743,166,465
1779135299.5898266,3744,172,465
1779135299.601003,3745,174,465
1779135299.609916,3746,171,465
1779135299.6099854,3747,164,465
1779135299.6235015,3748,157,466
1779135299.6325893,3749,147,465
1779135299.6435416,3750,137,465
1779135299.6523428,3751,127,466
1779135299.6661708,3752,116,465
1779135299.6723654,3753,107,465
1779135299.6884792,3754,101,464
1779135299.689709,3755,96,464
1779135299.7035668,3756,96,463
1779135299.7174346,3757,100,464
1779135299.7236,3758,105,465
1779135299.7373326,3759,109,465
1779135299.7522147,3760,111,464
1779135299.7640612,3761,112,465
1779135299.764078,3762,113,465
1779135299.7735763,3763,115,465
1779135299.7823148,3764,118,465
1779135299.7960835,3765,120,465
1779135299.8023322,3766,123,465
1779135299.816085,3767,131,465
1779135299.8247178,3768,150,465
1779135299.8386052,3769,189,465
1779135299.8636022,3770,254,465
1779135299.8648348,3771,352,465
1779135299.889735,3772,482,465
1779135299.8909853,3773,642,466
1779135299.916096,3774,823,467
1779135299.9172456,3775,976,465
1779135299.9236193,3776,976,466
1779135299.9248476,3777,976,467
1779135299.932356,3778,976,467
1779135299.9323702,3779,976,469
1779135299.9459746,3780,976,468
1779135299.9509714,3781,976,468
1779135299.9622302,3782,976,468
1779135299.9985664,3783,976,469
1779135299.9998016,3784,976,468
1779135300.0010731,3785,976,467
1779135300.0023308,3786,976,468
1779135300.017287,3787,976,467
1779135300.0260599,3788,976,466
1779135300.0398781,3789,976,466
1779135300.0460124,3790,976,465
1779135300.054822,3791,976,464
1779135300.0723662,3792,976,463
1779135300.0836236,3793,976,463
1779135300.0836375,3794,976,463
1779135300.0948544,3795,976,462
1779135300.103545,3796,976,462
1779135300.1173098,3797,976,461
1779135300.1235683,3798,976,460
1779135300.1372833,3799,976,460
1779135300.146105,3800,976,459
1779135300.1549113,3801,976,459
1779135300.1661012,3802,976,460
1779135300.1748478,3803,976,458
1779135300.188529,3804,976,457
1779135300.1973267,3805,897,457
1779135300.2086277,3806,741,458
1779135300.233637,3807,601,457
1779135300.2572434,3808,481,456
1779135300.2585142,3809,383,456
1779135300.2597845,3810,306,455
1779135300.259791,3811,247,455
1779135300.2610419,3812,206,455
1779135300.2747684,3813,175,454
1779135300.2809973,3814,157,454
1779135300.2947638,3815,149,452
1779135300.3047721,3816,149,452
1779135300.3135383,3817,152,451
1779135300.324848,3818,155,451
1779135300.3335636,3819,159,451
1779135300.3474479,3820,162,451
1779135300.3561609,3821,162,451
1779135300.367497,3822,162,450
1779135300.381108,3823,159,450
1779135300.3911095,3824,155,450
1779135300.39115,3825,151,449
1779135300.402315,3826,145,449
1779135300.4124002,3827,137,449
1779135300.4210818,3828,128,449
1779135300.4349837,3829,120,448
1779135300.446056,3830,113,449
1779135300.4547982,3831,108,448
1779135300.4685917,3832,103,447
1779135300.4773424,3833,101,446
1779135300.4885688,3834,102,447
1779135300.4973783,3835,103,446
1779135300.5123746,3836,106,446
1779135300.517354,3837,109,447
1779135300.533575,3838,113,447
1779135300.5347931,3839,115,447
1779135300.5498688,3840,116,446
1779135300.561061,3841,118,446
1779135300.5697846,3842,119,445
1779135300.569814,3843,121,445
1779135300.609765,3844,122,446
1779135300.611,3845,125,446
1779135300.6410437,3846,131,446
1779135300.642275,3847,141,446
1779135300.6535604,3848,164,445
1779135300.654767,3849,208,445
1779135300.6560113,3850,280,444
1779135300.657269,3851,386,445
1779135300.6673355,3852,526,445
1779135300.67605,3853,691,445
1779135300.6874034,3854,871,446
1779135300.7010322,3855,976,445
1779135300.7110922,3856,976,445
1779135300.7111297,3857,976,446
1779135300.7222304,3858,976,446
1779135300.7310202,3859,976,445
1779135300.7447565,3860,976,445
1779135300.7535162,3861,976,445
1779135300.7647674,3862,976,446
1779135300.773504,3863,976,446
1779135300.787449,3864,976,448
1779135300.7960134,3865,976,447
1779135300.8073823,3866,976,447
1779135300.8160377,3867,976,447
1779135300.829843,3868,976,448
1779135300.8384838,3869,976,447
1779135300.8497505,3870,976,448
1779135300.8635786,3871,976,447
1779135300.8723066,3872,976,447
1779135300.881014,3873,976,447
1779135300.8810337,3874,976,447
1779135300.8972569,3875,976,447
1779135300.8985052,3876,976,448
1779135300.9122694,3877,976,449
1779135300.9259953,3878,976,448
1779135300.9360309,3879,946,447
1779135300.9861681,3880,787,448
1779135300.9873855,3881,640,448
1779135300.9886065,3882,514,447
1779135300.9899518,3883,408,447
1779135300.9910064,3884,323,447
1779135300.9986231,3885,263,447
1779135301.0072715,3886,221,447
1779135301.0185263,3887,199,447
1779135301.032313,3888,190,448
1779135301.0422776,3889,192,448
1779135301.0422907,3890,200,448
1779135301.053531,3891,212,448
1779135301.0673747,3892,224,449
1779135301.0722852,3893,233,449
1779135301.0861862,3894,242,449
1779135301.0924385,3895,250,449
1779135301.1060958,3896,254,449
1779135301.1149275,3897,254,450
1779135301.1286602,3898,252,451
1779135301.134947,3899,241,451
1779135301.1461072,3900,229,452
1779135301.1598961,3901,214,452
1779135301.1685233,3902,198,452
1779135301.1798418,3903,181,453
1779135301.1848412,3904,167,454
1779135301.193547,3905,152,454
1779135301.202312,3906,140,454
1779135301.213544,3907,129,454
1779135301.2222972,3908,119,454
1779135301.2360244,3909,112,455
1779135301.2448423,3910,106,454
1779135301.2772763,3911,102,455
1779135301.2785075,3912,101,456
1779135301.279839,3913,102,457
1779135301.2860115,3914,102,457
1779135301.2972631,3915,103,457
1779135301.3060086,3916,104,458
1779135301.3511434,3917,105,458
1779135301.3523724,3918,103,458
1779135301.3536134,3919,102,459
1779135301.3560567,3920,102,459
1779135301.363546,3921,107,460
1779135301.3635707,3922,115,460
1779135301.3722713,3923,133,460
1779135301.3810048,3924,166,461
1779135301.3948684,3925,224,460
1779135301.403539,3926,312,461
1779135301.4148512,3927,431,461
1779135301.4235432,3928,577,462
1779135301.4372935,3929,746,462
1779135301.4460475,3930,923,462
1779135301.4572613,3931,976,463
1779135301.4660828,3932,976,464
1779135301.479841,3933,976,463
1779135301.4886246,3934,976,463
1779135301.4999592,3935,976,463
1779135301.5048468,3936,976,464
1779135301.5135312,3937,976,464
1779135301.5223095,3938,976,464
1779135301.5335457,3939,976,466
1779135301.5423026,3940,976,465
1779135301.556159,3941,976,466
1779135301.5648606,3942,976,466
1779135301.5736184,3943,976,467
1779135301.5873213,3944,976,466
1779135301.5960743,3945,976,467
1779135301.6051419,3946,976,467
1779135301.6163359,3947,976,467
1779135301.6248734,3948,976,467
1779135301.63855,3949,976,468
1779135301.6474807,3950,976,468
1779135301.658577,3951,976,470
1779135301.6710713,3952,976,468
1779135301.7013142,3953,976,468
1779135301.7013533,3954,976,468
1779135301.702446,3955,976,467
1779135301.7249677,3956,947,467
1779135301.726101,3957,795,467
1779135301.7274528,3958,655,468
1779135301.733621,3959,533,467
1779135301.747255,3960,430,467
1779135301.7535696,3961,352,466
1779135301.7673364,3962,295,465
1779135301.7735488,3963,256,465
1779135301.786134,3964,232,465
1779135301.7949655,3965,222,464
1779135301.8085427,3966,220,464
1779135301.8148508,3967,228,464
1779135301.8235364,3968,237,464
1779135301.8322942,3969,248,464
1779135301.8410354,3970,257,463
1779135301.8573105,3971,263,463
1779135301.8585348,3972,265,463
1779135301.8723128,3973,265,463
1779135301.8860602,3974,263,463
1779135301.9148426,3975,259,463
1779135301.9160283,3976,253,463
1779135301.917278,3977,247,463
1779135301.9310482,3978,238,463
1779135301.9323008,3979,227,463
1779135301.947383,3980,211,463
1779135301.956084,3981,195,463
1779135301.964902,3982,179,463
1779135301.9760656,3983,163,463
1779135301.9885929,3984,147,463
1779135302.00229,3985,134,463
1779135302.0023057,3986,123,464
1779135302.0135574,3987,114,463
1779135302.0223057,3988,107,463
1779135302.0360582,3989,101,463
1779135302.0448585,3990,95,462
1779135302.0699055,3991,92,462
1779135302.0710328,3992,91,463
1779135302.0960748,3993,92,462
1779135302.0973058,3994,96,462
1779135302.1035595,3995,102,462
1779135302.104845,3996,111,462
1779135302.1185207,3997,120,461
1779135302.1272805,3998,130,461
1779135302.1435444,3999,139,461
1779135302.151059,4000,144,460
1779135302.1648517,4001,147,460
1779135302.164881,4002,151,459
1779135302.171062,4003,161,459
1779135302.184841,4004,187,459
1779135302.1910448,4005,235,459
1779135302.2048435,4006,312,459
1779135302.2110422,4007,421,459
1779135302.224842,4008,560,459
1779135302.2335362,4009,721,459
1779135302.2422924,4010,896,458
1779135302.2535503,4011,976,457
1779135302.2622972,4012,976,457
1779135302.27607,4013,976,457
1779135302.2848978,4014,976,455
1779135302.2986226,4015,976,455
1779135302.3136024,4016,976,455
1779135302.3224418,4017,976,454
1779135302.3224971,4018,976,453
1779135302.3336554,4019,976,452
1779135302.3424294,4020,976,451
1779135302.356208,4021,976,451
1779135302.364921,4022,976,451
1779135302.3761883,4023,976,451
1779135302.384936,4024,976,452
1779135302.3988676,4025,976,451
1779135302.4061046,4026,976,450
1779135302.4537523,4027,976,451
1779135302.4548774,4028,976,451
1779135302.456068,4029,976,451
1779135302.4573016,4030,976,452
1779135302.4585695,4031,976,451
1779135302.472499,4032,976,453
1779135302.4814284,4033,976,453
1779135302.4814768,4034,976,454
1779135302.4923532,4035,976,455
1779135302.5011742,4036,976,454
1779135302.512683,4037,976,455
1779135302.5261788,4038,868,455
1779135302.554906,4039,716,457
1779135302.5560436,4040,579,457
1779135302.5572991,4041,463,458
1779135302.571545,4042,369,458
1779135302.5724063,4043,298,459
1779135302.5874796,4044,249,460
1779135302.5961957,4045,217,460
1779135302.6049514,4046,200,460
1779135302.6186159,4047,194,460
1779135302.633767,4048,197,461
1779135302.6424108,4049,204,462
1779135302.6424644,4050,208,462
1779135302.6536567,4051,212,463
1779135302.6674092,4052,214,463
1779135302.6723728,4053,216,463
1779135302.6861684,4054,215,464
1779135302.6948428,4055,211,463
1779135302.7035823,4056,205,464
1779135302.7198617,4057,195,464
1779135302.721096,4058,187,465
1779135302.7373276,4059,173,465
1779135302.746054,4060,161,465
1779135302.7548304,4061,151,465
1779135302.768557,4062,142,465
1779135302.7748718,4063,132,466
1779135302.806139,4064,127,465
1779135302.8075244,4065,125,467
1779135302.8325875,4066,126,467
1779135302.8335795,4067,128,467
1779135302.8373766,4068,133,467
1779135302.838663,4069,139,467
1779135302.8436809,4070,146,467
1779135302.8549533,4071,153,467
1779135302.8637047,4072,161,467
1779135302.877399,4073,167,468
1779135302.8861127,4074,172,469
1779135302.8973482,4075,172,469
1779135302.9060845,4076,168,469
1779135302.920012,4077,160,469
1779135302.9285705,4078,150,470
1779135302.936162,4079,138,470
1779135302.953765,4080,125,470
1779135302.9624715,4081,111,470
1779135302.9624853,4082,99,470
1779135302.9736612,4083,96,471
1779135302.9824235,4084,105,471
1779135302.9961922,4085,136,471
1779135303.0050704,4086,196,470
1779135303.0161495,4087,288,472
1779135303.029931,4088,413,472
1779135303.0361958,4089,564,472
1779135303.0449972,4090,737,472
1779135303.0611606,4091,919,472
1779135303.0698576,4092,975,472
1779135303.078601,4093,976,472
1779135303.0923789,4094,976,474
1779135303.1035817,4095,976,473
1779135303.1048307,4096,976,474
1779135303.1186483,4097,976,473
1779135303.1198442,4098,976,474
1779135303.1361048,4099,976,473
1779135303.1435876,4100,976,472
1779135303.169887,4101,976,474
1779135303.1711156,4102,976,474
1779135303.1973863,4103,976,472
1779135303.1986046,4104,976,472
1779135303.2211037,4105,976,472
1779135303.2223969,4106,976,474
1779135303.22358,4107,976,474
1779135303.2248254,4108,976,472
1779135303.2398372,4109,976,472
1779135303.2473297,4110,976,473
1779135303.2585628,4111,976,472
1779135303.2723615,4112,976,472
1779135303.2810867,4113,976,473
1779135303.2811043,4114,976,474
1779135303.2923133,4115,976,472
1779135303.3010895,4116,976,472
1779135303.3148518,4117,976,472
1779135303.3236463,4118,907,472
1779135303.334891,4119,755,472
1779135303.3436658,4120,617,472
1779135303.3549695,4121,499,472
1779135303.3686345,4122,402,472
1779135303.3748405,4123,325,472
1779135303.3886275,4124,270,472
1779135303.397345,4125,233,472
1779135303.4061093,4126,214,472
1779135303.4223688,4127,205,473
1779135303.4323874,4128,206,473
1779135303.4324,4129,215,474
1779135303.4411113,4130,226,474
1779135303.4523628,4131,239,474
1779135303.461197,4132,251,474
1779135303.4748578,4133,255,475
1779135303.4836211,4134,257,474
1779135303.494979,4135,255,475
1779135303.5036097,4136,250,474
1779135303.5461152,4137,243,473
1779135303.547318,4138,232,474
1779135303.5674095,4139,222,473
1779135303.568628,4140,214,473
1779135303.5698588,4141,204,473
1779135303.5711894,4142,192,473
1779135303.5874016,4143,183,473
1779135303.5886178,4144,175,473
1779135303.588629,4145,170,472
1779135303.6024919,4146,165,472
1779135303.611222,4147,161,470
1779135303.622431,4148,159,469
1779135303.631184,4149,160,468
1779135303.64488,4150,164,467
1779135303.6535895,4151,167,465
1779135303.6648595,4152,171,465
1779135303.6736133,4153,174,464
1779135303.6875834,4154,179,463
1779135303.6961305,4155,186,463
1779135303.7073908,4156,193,462
1779135303.7161162,4157,200,461
1779135303.729832,4158,205,460
1779135303.738594,4159,208,460
1779135303.7549484,4160,209,460
1779135303.7549882,4161,207,460
1779135303.7636945,4162,206,459
1779135303.7724285,4163,208,460
1779135303.7836356,4164,221,460
1779135303.7923574,4165,249,461
1779135303.8061225,4166,300,461
1779135303.8348465,4167,380,461
1779135303.8360863,4168,491,461
1779135303.8373237,4169,631,462
1779135303.8473732,4170,792,462
1779135303.8562603,4171,962,463
1779135303.867363,4172,975,462
1779135303.8761694,4173,976,463
1779135303.9023511,4174,976,461
1779135303.903575,4175,976,462
1779135303.9298687,4176,976,461
1779135303.9298995,4177,976,463
1779135303.9310992,4178,976,461
1779135303.9323494,4179,976,462
1779135303.9435885,4180,976,462
1779135303.9523385,4181,976,462
1779135303.9662147,4182,976,461
1779135303.977409,4183,976,461
1779135303.9836054,4184,976,460
1779135303.9973824,4185,976,460
1779135304.0061157,4186,976,461
1779135304.014843,4187,976,460
1779135304.0260983,4188,976,460
1779135304.0348878,4189,976,460
1779135304.048582,4190,976,459
1779135304.057387,4191,976,459
1779135304.0736537,4192,976,460
1779135304.0811212,4193,976,460
1779135304.0811455,4194,976,460
1779135304.0898533,4195,976,459
1779135304.106098,4196,976,459
1779135304.1073425,4197,976,459
1779135304.1210988,4198,976,458
1779135304.1349237,4199,923,458
1779135304.1411598,4200,779,458
1779135304.1549168,4201,647,458
1779135304.1636221,4202,531,457
1779135304.1724246,4203,432,456
1779135304.1836348,4204,352,456
1779135304.1949646,4205,291,455
1779135304.2037096,4206,246,455
1779135304.2173595,4207,215,455
1779135304.2336552,4208,198,454
1779135304.2423882,4209,189,455
1779135304.242402,4210,185,455
1779135304.251151,4211,185,454
1779135304.2761276,4212,187,454
1779135304.2773268,4213,190,454
1779135304.3023517,4214,191,454
1779135304.303604,4215,193,454
1779135304.3249605,4216,193,454
1779135304.326108,4217,192,453
1779135304.3273525,4218,189,453
1779135304.3411884,4219,184,454
1779135304.3423696,4220,176,454
1779135304.3574095,4221,168,454
1779135304.3662155,4222,160,452
1779135304.3750753,4223,153,453
1779135304.3949847,4224,145,454
1779135304.4023955,4225,141,453
1779135304.4024212,4226,136,452
1779135304.411272,4227,133,452
1779135304.4224088,4228,130,453
1779135304.436119,4229,130,452
1779135304.442408,4230,133,454
1779135304.467408,4231,134,454
1779135304.468712,4232,137,454
1779135304.4824727,4233,142,454
1779135304.483724,4234,145,454
1779135304.49736,4235,151,455
1779135304.5049655,4236,154,455
1779135304.5136719,4237,158,456
1779135304.5277655,4238,161,456
1779135304.5363739,4239,167,456
1779135304.552403,4240,176,456
1779135304.561179,4241,195,457
1779135304.5611928,4242,232,457
1779135304.5748951,4243,295,457
1779135304.5811322,4244,385,457
1779135304.5949397,4245,502,457
1779135304.6036606,4246,646,457
1779135304.6124249,4247,810,457
1779135304.6424885,4248,972,455
1779135304.643755,4249,976,455
1779135304.6686704,4250,976,455
1779135304.6698701,4251,976,455
1779135304.6899128,4252,976,455
1779135304.6911156,4253,976,454
1779135304.6923728,4254,976,455
1779135304.693626,4255,976,454
1779135304.7049918,4256,976,453
1779135304.7149804,4257,976,452
1779135304.7237024,4258,976,452
1779135304.7374346,4259,976,451
1779135304.7436368,4260,976,450
1779135304.7523725,4261,976,449
1779135304.766178,4262,976,449
1779135304.775009,4263,976,448
1779135304.7862456,4264,976,447
1779135304.7949884,4265,976,446
1779135304.8086593,4266,976,446
1779135304.817434,4267,976,444
1779135304.828619,4268,976,444
1779135304.837373,4269,976,443
1779135304.8511634,4270,976,443
1779135304.8599136,4271,976,442
1779135304.8712013,4272,976,440
1779135304.871228,4273,859,440
1779135304.8798933,4274,705,440
1779135304.8936472,4275,565,440
1779135304.90239,4276,444,439
1779135304.9111269,4277,345,439
1779135304.9224215,4278,270,438
1779135304.931136,4279,218,438
1779135304.9473977,4280,188,438
1779135304.9486313,4281,174,437
1779135304.9624205,4282,176,437
1779135304.9761057,4283,188,437
1779135304.9824123,4284,207,438
1779135305.0100021,4285,228,438
1779135305.011243,4286,246,438
1779135305.0361378,4287,262,437
1779135305.0411706,4288,271,438
1779135305.0411987,4289,277,438
1779135305.042388,4290,281,437
1779135305.0561757,4291,279,438
1779135305.0624092,4292,275,438
1779135305.0761652,4293,270,438
1779135305.0824249,4294,264,439
1779135305.1073952,4295,256,439
1779135305.1086597,4296,243,439
1779135305.122436,4297,227,440
1779135305.1236305,4298,209,440
1779135305.1337483,4299,189,440
1779135305.1450021,4300,168,440
1779135305.1537466,4301,149,439
1779135305.1675458,4302,131,439
1779135305.176288,4303,116,439
1779135305.1924787,4304,102,439
1779135305.192495,4305,88,439
1779135305.201185,4306,78,440
1779135305.2150667,4307,68,440
1779135305.221298,4308,61,440
1779135305.2324328,4309,58,440
1779135305.246205,4310,58,440
1779135305.2549174,4311,58,440
1779135305.266267,4312,58,440
1779135305.2750182,4313,59,441
1779135305.2887506,4314,63,441
1779135305.297434,4315,70,441
1779135305.308683,4316,81,442
1779135305.3175323,4317,104,442
1779135305.333949,4318,145,442
1779135305.335005,4319,208,443
1779135305.3512523,4320,299,443
1779135305.3513045,4321,416,444
1779135305.3763316,4322,559,444
1779135305.3773887,4323,720,445
1779135305.4025872,4324,887,446
1779135305.403713,4325,975,445
1779135305.4286902,4326,976,445
1779135305.4299023,4327,976,446
1779135305.4338102,4328,976,446
1779135305.4349813,4329,976,448
1779135305.4487164,4330,976,446
1779135305.453715,4331,976,447
1779135305.4700668,4332,976,447
1779135305.4712746,4333,976,447
1779135305.4951246,4334,976,447
1779135305.4963005,4335,976,448
1779135305.5126326,4336,976,448
1779135305.5126672,4337,976,447
1779135305.5212502,4338,976,447
1779135305.5350363,4339,976,448
1779135305.5437057,4340,976,448
1779135305.5525265,4341,976,448
1779135305.566256,4342,976,447
1779135305.5752401,4343,976,447
1779135305.5864015,4344,976,448
1779135305.594916,4345,976,447
1779135305.6086743,4346,976,447
1779135305.617385,4347,974,447
1779135305.6300201,4348,814,447
1779135305.6375403,4349,670,447
1779135305.6512008,4350,540,447
1779135305.65738,4351,430,446
1779135305.6636355,4352,343,447
1779135305.672434,4353,279,446
1779135305.681189,4354,235,446
1779135305.6948926,4355,209,446
1779135305.7011795,4356,199,446
1779135305.7150238,4357,200,446
1779135305.7287555,4358,211,446
1779135305.7664487,4359,226,446
1779135305.767423,4360,243,446
1779135305.7924614,4361,260,445
1779135305.7936537,4362,273,445
1779135305.8186736,4363,284,445
1779135305.8199015,4364,290,445
1779135305.8324347,4365,291,445
1779135305.8336623,4366,287,446
1779135305.8349097,4367,278,445
1779135305.8374407,4368,266,445
1779135305.8374555,4369,253,446
1779135305.853658,4370,239,445
1779135305.8549192,4371,225,445
1779135305.863681,4372,210,444
1779135305.8724372,4373,195,443
1779135305.886177,4374,183,444
1779135305.8948898,4375,171,444
1779135305.906189,4376,160,444
1779135305.9149282,4377,148,444
1779135305.9287748,4378,140,444
1779135305.9376054,4379,132,444
1779135305.9487233,4380,126,445
1779135305.9574127,4381,121,444
1779135305.9686787,4382,114,444
1779135305.982418,4383,109,444
1779135305.993748,4384,103,444
1779135305.9937716,4385,100,444
1779135306.003659,4386,99,444
1779135306.012512,4387,104,444
1779135306.0237942,4388,116,444
1779135306.0324125,4389,139,444
1779135306.0462167,4390,179,444
1779135306.055008,4391,244,444
1779135306.0700376,4392,339,444
1779135306.071202,4393,461,445
1779135306.0849197,4394,609,446
1779135306.1124384,4395,775,446
1779135306.1136813,4396,950,446
1779135306.1388073,4397,976,446
1779135306.139937,4398,976,446
1779135306.1624906,4399,976,446
1779135306.164995,4400,976,446
1779135306.1650107,4401,976,446
1779135306.166164,4402,976,447
1779135306.1749163,4403,976,448
1779135306.1823983,4404,976,448
1779135306.1912036,4405,976,448
1779135306.2050316,4406,976,448
1779135306.2136877,4407,976,449
1779135306.2249372,4408,976,450
1779135306.2336617,4409,976,450
1779135306.2474513,4410,976,449
1779135306.2562845,4411,976,449
1779135306.2675319,4412,976,450
1779135306.2799428,4413,976,450
1779135306.2887561,4414,976,449
1779135306.3025067,4415,976,449
1779135306.3138237,4416,976,451
1779135306.3138926,4417,976,451
1779135306.3226893,4418,976,451
1779135306.3312461,4419,976,451
1779135306.3426611,4420,976,451
1779135306.3562777,4421,893,451
1779135306.3625402,4422,745,452
1779135306.3875806,4423,611,452
1779135306.3888032,4424,496,452
1779135306.4050634,4425,404,452
1779135306.4062886,4426,335,452
1779135306.4201078,4427,286,452
1779135306.4212072,4428,254,452
1779135306.4362235,4429,237,452
1779135306.4450176,4430,229,452
1779135306.470218,4431,231,452
1779135306.4964032,4432,236,452
1779135306.4964912,4433,241,452
1779135306.4975157,4434,246,452
1779135306.522497,4435,251,452
1779135306.523697,4436,255,453
1779135306.5338209,4437,255,453
1779135306.5349762,4438,253,453
1779135306.5361767,4439,247,454
1779135306.5525124,4440,237,453
1779135306.5536873,4441,225,453
1779135306.5675542,4442,212,454
1779135306.5762212,4443,198,454
1779135306.5875707,4444,184,455
1779135306.596359,4445,171,455
1779135306.6087995,4446,158,455
1779135306.6226816,4447,146,455
1779135306.6338048,4448,135,455
1779135306.6338477,4449,126,455
1779135306.6424546,4450,120,454
1779135306.6512628,4451,116,455
1779135306.6625454,4452,114,456
1779135306.676241,4453,114,456
1779135306.682498,4454,115,456
1779135306.696288,4455,118,457
1779135306.704987,4456,121,457
1779135306.7137127,4457,124,457
1779135306.7274926,4458,129,458
1779135306.736375,4459,134,458
1779135306.747519,4460,143,459
1779135306.7613258,4461,157,459
1779135306.7663295,4462,182,459
1779135306.7801821,4463,227,460
1779135306.7913818,4464,299,460
1779135306.7914162,4465,401,460
1779135306.8000562,4466,536,460
1779135306.8113334,4467,700,462
1779135306.8226397,4468,882,461
1779135306.84746,4469,975,461
1779135306.8487313,4470,976,461
1779135306.8737397,4471,976,463
1779135306.8749397,4472,976,462
1779135306.8950453,4473,976,462
1779135306.8963015,4474,976,462
1779135306.8976347,4475,976,462
1779135306.9138205,4476,976,463
1779135306.9187944,4477,976,462
1779135306.927568,4478,976,462
1779135306.9415028,4479,976,462
1779135306.9525893,4480,976,463
1779135306.9526277,4481,976,462
1779135306.9663043,4482,976,462
1779135306.972462,4483,976,462
1779135306.9836912,4484,976,464
1779135306.9924622,4485,976,463
1779135307.006241,4486,976,463
1779135307.0312476,4487,976,463
1779135307.0324225,4488,976,465
1779135307.0462232,4489,976,464
1779135307.0474503,4490,976,464
1779135307.0612545,4491,976,465
1779135307.0624456,4492,976,465
1779135307.0774696,4493,976,465
1779135307.0862935,4494,976,466
1779135307.1000812,4495,976,466
1779135307.1113272,4496,976,467
1779135307.1113446,4497,976,467
1779135307.1200686,4498,976,467
1779135307.1311748,4499,976,467
1779135307.1424873,4500,976,467
1779135307.1512306,4501,975,469
1779135307.1649716,4502,841,468
1779135307.173707,4503,703,469
1779135307.1849287,4504,577,470
1779135307.211238,4505,473,470
1779135307.2125506,4506,387,471
1779135307.237505,4507,317,471
1779135307.2388065,4508,260,471
1779135307.2637303,4509,217,471
1779135307.2649276,4510,185,472
1779135307.2687075,4511,163,473
1779135307.2712631,4512,148,472
1779135307.271296,4513,139,473
1779135307.2862234,4514,132,474
1779135307.291224,4515,129,475
1779135307.302468,4516,127,475
1779135307.311215,4517,126,475
1779135307.3250368,4518,124,476
1779135307.333793,4519,122,476
1779135307.3438241,4520,121,476
1779135307.3525229,4521,123,476
1779135307.3663106,4522,123,477
1779135307.3749897,4523,126,477
1779135307.386249,4524,128,476
1779135307.3951452,4525,132,476
1779135307.4087634,4526,138,476
1779135307.4174728,4527,144,476
1779135307.4338334,4528,150,477
1779135307.4338932,4529,156,478
1779135307.4425774,4530,160,478
1779135307.4512367,4531,163,478
1779135307.4624722,4532,165,478
1779135307.4712076,4533,166,478
1779135307.4850805,4534,163,479
1779135307.4937012,4535,163,478
1779135307.5049953,4536,158,479
1779135307.518869,4537,156,480
1779135307.523711,4538,155,480
1779135307.5374823,4539,167,480
1779135307.5462494,4540,197,480
1779135307.5549655,4541,258,481
1779135307.580122,4542,355,481
1779135307.5813382,4543,491,481
1779135307.607525,4544,660,481
1779135307.6075437,4545,858,483
1779135307.6325026,4546,976,482
1779135307.6337554,4547,976,482
1779135307.634971,4548,976,482
1779135307.6362243,4549,976,482
1779135307.6488624,4550,976,483
1779135307.680101,4551,976,483
1779135307.6813204,4552,976,483
1779135307.6825137,4553,976,484
1779135307.6837618,4554,976,483
1779135307.6975071,4555,976,484
1779135307.7037063,4556,976,484
1779135307.7174764,4557,976,484
1779135307.7262523,4558,976,484
1779135307.7350016,4559,976,484
1779135307.7500148,4560,976,484
1779135307.7500443,4561,976,484
1779135307.7612183,4562,976,485
1779135307.7699804,4563,976,484
1779135307.7862735,4564,976,485
1779135307.7874484,4565,976,484
1779135307.8012617,4566,976,486
1779135307.8150158,4567,976,485
1779135307.821236,4568,976,484
1779135307.8349814,4569,976,484
1779135307.8437092,4570,976,485
1779135307.8549535,4571,976,484
1779135307.8662355,4572,976,486
1779135307.874983,4573,976,484
1779135307.8886948,4574,976,484
1779135307.8975232,4575,976,484
1779135307.9137952,4576,976,485
1779135307.9138143,4577,976,484
1779135307.922494,4578,976,484
1779135307.9474826,4579,976,485
1779135307.9487116,4580,854,484
1779135307.9738252,4581,704,484
1779135307.9749641,4582,567,484
1779135308.0000658,4583,449,483
1779135308.0012197,4584,348,484
1779135308.0050468,4585,268,483
1779135308.0062344,4586,206,483
1779135308.020015,4587,160,483
1779135308.0262415,4588,128,482
1779135308.0349889,4589,112,483
1779135308.0488756,4590,104,483
1779135308.05756,4591,105,482
1779135308.0762758,4592,107,482
1779135308.0762997,4593,112,482
1779135308.0774527,4594,120,482
1779135308.0913846,4595,125,481
1779135308.1025221,4596,131,481
1779135308.1112201,4597,134,481
1779135308.1250055,4598,134,480
1779135308.133835,4599,135,480
1779135308.1450746,4600,131,480
1779135308.1538112,4601,127,480
1779135308.167536,4602,120,480
1779135308.1737335,4603,113,480
1779135308.1899986,4604,106,479
1779135308.1912613,4605,101,479
1779135308.2050645,4606,98,478
1779135308.21892,4607,97,478
1779135308.2351196,4608,101,477
1779135308.235133,4609,107,477
1779135308.2438009,4610,114,477
1779135308.2525005,4611,123,478
1779135308.2637846,4612,132,478
1779135308.2800114,4613,140,477
1779135308.2812629,4614,144,477
1779135308.3063135,4615,146,476
1779135308.3074706,4616,146,477
1779135308.3325808,4617,145,477
1779135308.3339133,4618,142,477
1779135308.3589594,4619,142,478
1779135308.3601289,4620,148,478
1779135308.3851614,4621,164,478
1779135308.3863652,4622,200,478
1779135308.3963866,4623,263,479
1779135308.3989584,4624,357,479
1779135308.3989913,4625,487,479
1779135308.4000053,4626,651,480
1779135308.4141212,4627,839,480
1779135308.4200222,4628,976,481
1779135308.4340224,4629,976,481
1779135308.442577,4630,976,482
1779135308.4562724,4631,976,484
1779135308.4625685,4632,976,483
1779135308.476395,4633,976,484
1779135308.4850514,4634,976,484
1779135308.498772,4635,976,486
1779135308.5050335,4636,976,486
1779135308.5188358,4637,976,487
1779135308.5325282,4638,976,488
1779135308.5387816,4639,976,487
1779135308.5513234,4640,976,488
1779135308.5513513,4641,976,488
1779135308.565126,4642,976,490
1779135308.5739088,4643,976,491
1779135308.585072,4644,976,490
1779135308.59378,4645,976,491
1779135308.6075063,4646,976,491
1779135308.6164289,4647,976,491
1779135308.6275134,4648,976,492
1779135308.636277,4649,976,491
1779135308.6500294,4650,976,492
1779135308.658755,4651,976,492
1779135308.6913161,4652,976,492
1779135308.692514,4653,976,492
1779135308.7138782,4654,976,491
1779135308.7151399,4655,976,491
1779135308.716403,4656,976,491
1779135308.7164097,4657,976,491
1779135308.721321,4658,886,490
1779135308.73508,4659,732,489
1779135308.7412288,4660,593,489
1779135308.7525086,4661,474,488
1779135308.7612655,4662,377,487
1779135308.7750406,4663,304,487
1779135308.7837622,4664,250,486
1779135308.7937386,4665,212,485
1779135308.802549,4666,189,484
1779135308.8162677,4667,176,483
1779135308.825045,4668,171,483
1779135308.8362567,4669,168,483
1779135308.8452585,4670,169,482
1779135308.8587396,4671,169,481
1779135308.871324,4672,170,481
1779135308.8713472,4673,169,481
1779135308.8850334,4674,167,480
1779135308.892842,4675,163,478
1779135308.9012554,4676,158,479
1779135308.9124873,4677,151,477
1779135308.9212413,4678,143,477
1779135308.9464982,4679,134,476
1779135308.9475222,4680,124,476
1779135308.9612863,4681,115,475
1779135308.9625096,4682,106,475
1779135308.9763556,4683,99,475
1779135308.9850283,4684,94,473
1779135308.9963007,4685,92,472
1779135309.005059,4686,91,473
1779135309.01886,4687,92,472
1779135309.0739198,4688,93,472
1779135309.0739565,4689,97,472
1779135309.0750172,4690,102,471
1779135309.076267,4691,108,470
1779135309.0775003,4692,111,470
1779135309.078756,4693,115,470
1779135309.0838475,4694,119,469
1779135309.0975072,4695,122,470
1779135309.1025267,4696,123,470
1779135309.1138477,4697,124,470
1779135309.1275098,4698,124,470
1779135309.1337736,4699,123,470
1779135309.147579,4700,122,470
1779135309.1538615,4701,124,470
1779135309.1676738,4702,125,471
1779135309.176322,4703,129,470
1779135309.1938765,4704,133,471
1779135309.193898,4705,142,471
1779135309.2025292,4706,159,471
1779135309.2112699,4707,191,472
1779135309.2250502,4708,249,472
1779135309.231292,4709,339,472
1779135309.2450447,4710,464,472
1779135309.2538645,4711,622,473
1779135309.2626433,4712,804,474
1779135309.2739475,4713,976,474
1779135309.2875168,4714,976,475
1779135309.2938578,4715,976,476
1779135309.307653,4716,976,476
1779135309.3163338,4717,976,477
1779135309.3251476,4718,976,477
1779135309.338895,4719,976,477
1779135309.3513646,4720,976,479
1779135309.3514068,4721,976,478
1779135309.36016,4722,976,479
1779135309.3738573,4723,976,479
1779135309.3825371,4724,976,479
1779135309.393832,4725,976,479
1779135309.4200265,4726,976,479
1779135309.42128,4727,976,479
1779135309.446291,4728,976,479
1779135309.447498,4729,976,480
1779135309.4712908,4730,976,480
1779135309.4725087,4731,976,480
1779135309.4738414,4732,976,480
1779135309.474991,4733,976,480
1779135309.4900327,4734,976,480
1779135309.498843,4735,976,480
1779135309.5113173,4736,976,480
1779135309.5113373,4737,976,479
1779135309.5212848,4738,976,479
1779135309.5350926,4739,976,480
1779135309.5400138,4740,976,479
1779135309.5562978,4741,976,479
1779135309.5650547,4742,976,479
1779135309.5900223,4743,883,479
1779135309.5912514,4744,743,479
1779135309.6025963,4745,618,479
1779135309.6038501,4746,508,478
1779135309.6175842,4747,419,478
1779135309.62635,4748,349,478
1779135309.6375382,4749,297,477
1779135309.646265,4750,259,477
1779135309.6600358,4751,235,477
1779135309.6725962,4752,217,477
1779135309.6726167,4753,205,476
1779135309.6863067,4754,197,476
1779135309.6913013,4755,191,475
1779135309.7051399,4756,185,475
1779135309.7113965,4757,182,476
1779135309.7288415,4758,177,475
1779135309.7300808,4759,173,475
1779135309.743927,4760,165,475
1779135309.7551055,4761,159,475
1779135309.7638261,4762,153,475
1779135309.7890196,4763,147,475
1779135309.7901711,4764,140,475
1779135309.8150718,4765,136,475
1779135309.8163636,4766,131,475
1779135309.8363905,4767,126,476
1779135309.8389707,4768,121,474
1779135309.838996,4769,120,474
1779135309.8401117,4770,121,474
1779135309.8550634,4771,123,475
1779135309.8601372,4772,125,475
1779135309.8762906,4773,125,475
1779135309.8850827,4774,126,476
1779135309.8938484,4775,127,476
1779135309.9075837,4776,129,476
1779135309.9138432,4777,131,477
1779135309.9278007,4778,132,476
1779135309.9401314,4779,135,477
1779135309.9451456,4780,135,477
1779135309.9562864,4781,136,477
1779135309.9651425,4782,137,477
1779135309.9788837,4783,142,477
1779135309.9913557,4784,151,478
1779135309.9913793,4785,175,478
1779135310.0000734,4786,219,478
1779135310.01387,4787,290,479
1779135310.022599,4788,394,479
1779135310.0338523,4789,528,479
1779135310.042542,4790,687,480
1779135310.0563188,4791,865,480
1779135310.065056,4792,976,480
1779135310.076313,4793,976,480
1779135310.0900536,4794,976,480
1779135310.0950646,4795,976,481
1779135310.1088474,4796,976,481
1779135310.115031,4797,976,481
1779135310.1288695,4798,976,481
1779135310.1563861,4799,976,481
1779135310.1827173,4800,976,482
1779135310.1827478,4801,976,482
1779135310.1839478,4802,976,482
1779135310.207551,4803,976,482
1779135310.2088263,4804,976,482
1779135310.2401567,4805,976,482
1779135310.2414017,4806,976,483
1779135310.2427204,4807,976,483
1779135310.2440932,4808,976,483
1779135310.2452235,4809,976,483
1779135310.2464511,4810,976,482
1779135310.2575727,4811,976,484
1779135310.2664068,4812,976,482
1779135310.2776673,4813,976,482
1779135310.2913558,4814,976,482
1779135310.2975435,4815,976,482
1779135310.3025384,4816,976,481
1779135310.3138425,4817,976,480
1779135310.3226337,4818,955,480
1779135310.336399,4819,794,480
1779135310.3451133,4820,642,479
1779135310.3576863,4821,510,479
1779135310.3663998,4822,396,478
1779135310.3750525,4823,304,477
1779135310.389377,4824,232,476
1779135310.3951297,4825,181,476
1779135310.4093947,4826,148,475
1779135310.4175785,4827,128,475
1779135310.4263995,4828,121,474
1779135310.4375534,4829,123,473
1779135310.4463425,4830,131,474
1779135310.4625592,4831,142,473
1779135310.4725847,4832,153,473
1779135310.4726174,4833,165,472
1779135310.481303,4834,175,473
1779135310.4951491,4835,179,472
1779135310.5300531,4836,178,472
1779135310.5313008,4837,175,472
1779135310.5500891,4838,171,472
1779135310.551303,4839,167,472
1779135310.5525832,4840,161,472
1779135310.5538435,4841,156,472
1779135310.5675955,4842,151,472
1779135310.5763407,4843,148,472
1779135310.585061,4844,145,472
1779135310.5962994,4845,143,472
1779135310.6100655,4846,140,472
1779135310.6163836,4847,138,472
1779135310.63268,4848,135,472
1779135310.6326966,4849,135,472
1779135310.6463985,4850,134,472
1779135310.651395,4851,135,471
1779135310.6676147,4852,137,471
1779135310.668862,4853,141,471
1779135310.683948,4854,143,471
1779135310.692531,4855,146,472
1779135310.7064447,4856,148,472
1779135310.7126162,4857,149,471
1779135310.7263227,4858,147,472
1779135310.7350624,4859,145,471
1779135310.7489772,4860,141,471
1779135310.755136,4861,136,472
1779135310.7688565,4862,130,472
1779135310.7825978,4863,126,472
1779135310.7926025,4864,122,472
1779135310.7926197,4865,125,472
1779135310.801302,4866,138,472
1779135310.8152115,4867,170,472
1779135310.8240721,4868,227,473
1779135310.83504,4869,320,473
1779135310.8488655,4870,451,473
1779135310.8740523,4871,614,473
1779135310.8752124,4872,801,473
1779135310.9002542,4873,975,473
1779135310.9013216,4874,976,473
1779135310.9263868,4875,976,473
1779135310.9275627,4876,976,473
1779135310.9488633,4877,976,473
1779135310.9501266,4878,976,474
1779135310.9514003,4879,976,473
1779135310.9541712,4880,976,473
1779135310.9541826,4881,976,475
1779135310.9638474,4882,976,473
1779135310.9725907,4883,976,474
1779135310.9813485,4884,976,473
1779135310.9975762,4885,976,473
1779135310.9989038,4886,976,473
1779135311.0125775,4887,976,473
1779135311.0264292,4888,976,473
1779135311.032657,4889,976,472
1779135311.0464098,4890,976,472
1779135311.0552235,4891,976,472
1779135311.063929,4892,976,472
1779135311.0801115,4893,976,471
1779135311.0814526,4894,976,471
1779135311.097599,4895,976,470
1779135311.1150854,4896,976,470
1779135311.1151054,4897,976,469
1779135311.1240065,4898,976,469
1779135311.1326275,4899,976,467
1779135311.1464243,4900,976,467
1779135311.152601,4901,976,467
1779135311.166379,4902,976,465
1779135311.1752822,4903,976,464
1779135311.1839366,4904,896,464
1779135311.195127,4905,743,464
1779135311.2038987,4906,606,463
1779135311.2175808,4907,489,462
1779135311.226438,4908,393,462
1779135311.2551694,4909,319,461
1779135311.2563705,4910,263,460
1779135311.2814145,4911,226,459
1779135311.3076758,4912,204,459
1779135311.307696,4913,194,458
1779135311.30889,4914,190,457
1779135311.3125875,4915,191,457
1779135311.3138585,4916,193,457
1779135311.3150487,4917,197,456
1779135311.325134,4918,201,456
1779135311.3339746,4919,206,456
1779135311.3426564,4920,207,455
1779135311.353921,4921,207,455
1779135311.362681,4922,203,455
1779135311.376394,4923,194,454
1779135311.3851376,4924,184,454
1779135311.39638,4925,175,454
1779135311.4051597,4926,162,453
1779135311.4189372,4927,150,453
1779135311.431517,4928,139,452
1779135311.4315627,4929,127,452
1779135311.4401817,4930,116,451
1779135311.453994,4931,106,451
1779135311.4629211,4932,97,449
1779135311.4740918,4933,91,450
1779135311.4827843,4934,87,450
1779135311.5189066,4935,86,449
1779135311.5201268,4936,88,448
1779135311.5213573,4937,92,447
1779135311.5226235,4938,97,447
1779135311.5376394,4939,102,446
1779135311.546463,4940,105,446
1779135311.557691,4941,109,445
1779135311.5664525,4942,115,445
1779135311.5801268,4943,120,445
1779135311.5926447,4944,125,445
1779135311.5926685,4945,130,444
1779135311.601376,4946,135,443
1779135311.6264489,4947,139,444
1779135311.6276278,4948,144,443
1779135311.6539164,4949,148,444
1779135311.655103,4950,153,443
1779135311.673978,4951,156,444
1779135311.6751823,4952,163,444
1779135311.6763844,4953,178,444
1779135311.6864777,4954,204,444
1779135311.7002134,4955,253,444
1779135311.7051873,4956,332,444
1779135311.7252588,4957,449,445
1779135311.7265198,4958,603,445
1779135311.7401016,4959,787,445
1779135311.7526252,4960,975,444
1779135311.7526405,4961,976,446
1779135311.761375,4962,976,445
1779135311.7751327,4963,976,445
1779135311.7838619,4964,976,444
1779135311.795086,4965,976,446
1779135311.8038595,4966,976,446
1779135311.817644,4967,976,445
1779135311.826337,4968,976,445
1779135311.8338203,4969,976,445
1779135311.8475747,4970,976,446
1779135311.8565803,4971,976,446
1779135311.8703482,4972,976,445
1779135311.8764563,4973,976,446
1779135311.8901296,4974,976,446
1779135311.9038818,4975,976,447
1779135311.9125757,4976,976,448
1779135311.9125967,4977,976,448
1779135311.9239478,4978,976,450
1779135311.9326262,4979,976,450
1779135311.9425955,4980,976,451
1779135311.9564352,4981,976,452
1779135311.9651403,4982,976,452
1779135311.9914286,4983,976,454
1779135311.9926093,4984,976,455
1779135312.0177546,4985,976,457
1779135312.0189326,4986,976,458
1779135312.0414305,4987,976,459
1779135312.0426226,4988,976,461
1779135312.0439193,4989,976,461
1779135312.0489228,4990,976,462
1779135312.0626721,4991,976,464
1779135312.0713906,4992,976,464
1779135312.07141,4993,976,465
1779135312.085106,4994,976,465
1779135312.0913844,4995,976,465
1779135312.1051247,4996,976,467
1779135312.1138606,4997,976,467
1779135312.1276371,4998,828,467
1779135312.1526856,4999,679,467
1779135312.153858,5000,543,467
1779135312.1651988,5001,425,466
1779135312.1667056,5002,324,465
1779135312.177586,5003,244,465
1779135312.1865206,5004,181,464
1779135312.200082,5005,135,464
1779135312.208851,5006,99,463
1779135312.2201226,5007,78,462
1779135312.2251112,5008,63,462
1779135312.233866,5009,56,461
1779135312.2426386,5010,54,461
1779135312.253882,5011,55,461
1779135312.2627006,5012,57,461
1779135312.2763574,5013,61,460
1779135312.2851295,5014,65,460
1779135312.2963614,5015,69,459
1779135312.3050885,5016,74,460
1779135312.3188796,5017,80,459
1779135312.3277094,5018,85,459
1779135312.360415,5019,91,459
1779135312.3615146,5020,95,459
1779135312.3864694,5021,99,458
1779135312.387698,5022,102,457
1779135312.3888748,5023,105,457
1779135312.391393,5024,108,457
1779135312.3914154,5025,113,457
1779135312.4051976,5026,119,457
1779135312.4113991,5027,125,457
1779135312.4253342,5028,133,457
1779135312.4315615,5029,142,457
1779135312.4455082,5030,149,457
1779135312.4514377,5031,156,458
1779135312.4653397,5032,163,459
1779135312.4752257,5033,167,460
1779135312.4840014,5034,169,460
1779135312.4952593,5035,172,461
1779135312.5089467,5036,176,462
1779135312.5139654,5037,191,463
1779135312.527894,5038,224,463
1779135312.5389402,5039,283,463
1779135312.552718,5040,376,465
1779135312.552738,5041,506,466
1779135312.56143,5042,668,466
1779135312.5726798,5043,859,468
1779135312.5838978,5044,976,467
1779135312.592732,5045,976,468
1779135312.6065505,5046,976,468
1779135312.6126764,5047,976,470
1779135312.626493,5048,976,470
1779135312.6352513,5049,976,472
1779135312.6439848,5050,976,472
1779135312.65537,5051,976,472
1779135312.6640313,5052,976,472
1779135312.6777782,5053,976,473
1779135312.6866226,5054,976,473
1779135312.696496,5055,976,473
1779135312.7227957,5056,976,474
1779135312.7228487,5057,976,475
1779135312.7476764,5058,976,475
1779135312.7489715,5059,976,475
1779135312.7640061,5060,976,475
1779135312.7651694,5061,976,476
1779135312.7664175,5062,976,475
1779135312.7952125,5063,976,475
1779135312.796398,5064,976,476
1779135312.805154,5065,976,475
1779135312.806392,5066,976,475
1779135312.8176522,5067,976,475
1779135312.826409,5068,976,476
1779135312.8352244,5069,976,474
1779135312.84892,5070,976,474
1779135312.857651,5071,976,473
1779135312.8639028,5072,976,472
1779135312.8726141,5073,976,473
1779135312.8813868,5074,976,472
1779135312.8926544,5075,976,472
1779135312.9013846,5076,976,473
1779135312.9151495,5077,868,472
1779135312.9239197,5078,728,471
1779135312.9352543,5079,600,471
1779135312.9438996,5080,489,471
1779135312.957723,5081,398,470
1779135312.966408,5082,323,470
1779135312.9776866,5083,266,470
1779135312.9863563,5084,223,470
1779135313.0001092,5085,191,469
1779135313.0076692,5086,167,469
1779135313.0238924,5087,152,468
1779135313.031418,5088,142,468
1779135313.03143,5089,138,468
1779135313.0401044,5090,134,468
1779135313.0563824,5091,134,468
1779135313.0575984,5092,135,467
1779135313.071396,5093,136,468
1779135313.096427,5094,138,468
1779135313.0976539,5095,140,468
1779135313.1227393,5096,140,468
1779135313.1239243,5097,142,467
1779135313.1475105,5098,142,467
