ts,nSeq,ppg,pzt
1779135262.1399472,0,521,145
1779135262.1498444,1,448,152
1779135262.163558,2,383,160
1779135262.172373,3,329,167
1779135262.1836069,4,285,172
1779135262.1923463,5,251,175
1779135262.206271,6,224,177
1779135262.2336264,7,207,178
1779135262.23481,8,194,179
1779135262.2360723,9,188,179
1779135262.2536106,10,188,179
1779135262.2548356,11,191,177
1779135262.2661755,12,201,175
1779135262.2748606,13,213,172
1779135262.2886784,14,228,169
1779135262.29734,15,243,167
1779135262.298709,16,258,164
1779135262.3136966,17,269,161
1779135262.3224723,18,279,159
1779135262.3311944,19,285,156
1779135262.3424914,20,287,153
1779135262.3511298,21,286,151
1779135262.3761837,22,284,147
1779135262.3773682,23,281,148
1779135262.4025176,24,275,148
1779135262.4036644,25,271,149
1779135262.4123142,26,265,149
1779135262.413593,27,260,150
1779135262.4248455,28,256,148
1779135262.433692,29,250,144
1779135262.4473634,30,243,140
1779135262.4560943,31,237,135
1779135262.4573252,32,230,130
1779135262.4761825,33,224,126
1779135262.4811785,34,219,123
1779135262.4948475,35,213,121
1779135262.501072,36,208,119
1779135262.5149293,37,205,117
1779135262.524058,38,199,115
1779135262.532368,39,194,113
1779135262.5435853,40,190,109
1779135262.5524182,41,184,102
1779135262.5660977,42,183,95
1779135262.5749385,43,182,89
1779135262.5861642,44,185,83
1779135262.5948703,45,194,80
1779135262.6086278,46,215,81
1779135262.6173534,47,255,87
1779135262.6186519,48,316,95
1779135262.633665,49,396,105
1779135262.6424384,50,489,115
1779135262.651144,51,591,126
1779135262.6624498,52,692,134
1779135262.6723533,53,787,140
1779135262.686312,54,869,143
1779135262.6923306,55,934,143
1779135262.7036412,56,974,139
1779135262.7173848,57,975,134
1779135262.7223601,58,975,133
1779135262.7474654,59,975,131
1779135262.7485914,60,975,134
1779135262.7761898,61,961,138
1779135262.7773304,62,921,143
1779135262.7986672,63,877,149
1779135262.7998633,64,832,155
1779135262.8010643,65,790,160
1779135262.8023434,66,749,166
1779135262.81625,67,710,173
1779135262.8224332,68,671,181
1779135262.831182,69,635,187
1779135262.8448439,70,600,193
1779135262.881234,71,568,200
1779135262.882397,72,539,212
1779135262.883596,73,511,223
1779135262.8848073,74,487,234
1779135262.898588,75,466,246
1779135262.904825,76,449,255
1779135262.9185984,77,440,264
1779135262.924926,78,438,272
1779135262.93871,79,438,280
1779135262.939851,80,440,286
1779135262.9548507,81,445,292
1779135262.9636095,82,451,296
1779135262.9723394,83,456,301
1779135262.9836113,84,460,306
1779135262.9923544,85,463,311
1779135263.0062215,86,463,315
1779135263.0148487,87,460,321
1779135263.0261755,88,454,327
1779135263.0348206,89,445,335
1779135263.048674,90,435,344
1779135263.0573368,91,424,352
1779135263.0686295,92,410,361
1779135263.0773585,93,395,368
1779135263.103688,94,379,376
1779135263.1049685,95,362,382
1779135263.1298957,96,345,387
1779135263.13107,97,329,393
1779135263.1561747,98,314,399
1779135263.1573277,99,300,405
1779135263.1687539,100,287,411
1779135263.1698744,101,276,415
1779135263.1710794,102,267,420
1779135263.172338,103,259,425
1779135263.183595,104,254,431
1779135263.1923413,105,252,438
1779135263.2024393,106,252,445
1779135263.2162364,107,255,453
1779135263.224957,108,260,461
1779135263.2336786,109,269,470
1779135263.2473774,110,285,480
1779135263.256243,111,312,489
1779135263.2574615,112,354,499
1779135263.272485,113,410,507
1779135263.2811656,114,481,514
1779135263.2950132,115,560,520
1779135263.3011506,116,646,526
1779135263.3150973,117,729,530
1779135263.323794,118,806,534
1779135263.3325295,119,869,537
1779135263.3436542,120,915,540
1779135263.3524876,121,944,541
1779135263.3664756,122,955,541
1779135263.3751724,123,950,542
1779135263.3862422,124,931,542
1779135263.3951473,125,899,541
1779135263.4064226,126,856,541
1779135263.415083,127,808,540
1779135263.4213417,128,758,540
1779135263.434931,129,706,540
1779135263.4400299,130,655,539
1779135263.4537733,131,606,537
1779135263.4837725,132,557,534
1779135263.4849384,133,513,530
1779135263.4863229,134,474,526
1779135263.5226212,135,437,521
1779135263.5236392,136,404,516
1779135263.5487347,137,378,513
1779135263.5500274,138,357,510
1779135263.5663307,139,342,510
1779135263.5674396,140,331,512
1779135263.5686238,141,324,517
1779135263.569946,142,322,524
1779135263.578867,143,323,531
1779135263.5848897,144,328,539
1779135263.5936563,145,337,545
1779135263.602432,146,347,551
1779135263.611153,147,359,556
1779135263.627429,148,371,559
1779135263.628664,149,385,561
1779135263.6424232,150,397,564
1779135263.656131,151,406,566
1779135263.6623662,152,412,567
1779135263.6762733,153,415,565
1779135263.6848943,154,415,565
1779135263.6936767,155,414,563
1779135263.704889,156,411,563
1779135263.7136338,157,408,563
1779135263.7273476,158,406,565
1779135263.736324,159,402,567
1779135263.7373424,160,393,570
1779135263.7523892,161,382,574
1779135263.761147,162,369,577
1779135263.774913,163,355,582
1779135263.7812667,164,339,585
1779135263.7948875,165,322,589
1779135263.8036418,166,305,591
1779135263.8136797,167,288,593
1779135263.8662884,168,273,595
1779135263.8674219,169,259,596
1779135263.8686197,170,248,600
1779135263.8699765,171,242,602
1779135263.8712037,172,239,604
1779135263.8787208,173,242,604
1779135263.8874242,174,251,606
1779135263.901212,175,268,608
1779135263.9024687,176,295,607
1779135263.914986,177,339,607
1779135263.9237263,178,398,608
1779135263.9324565,179,472,607
1779135263.9437594,180,557,607
1779135263.9523594,181,649,606
1779135263.9662743,182,744,607
1779135263.9750073,183,834,608
1779135263.9862113,184,912,610
1779135263.994868,185,971,612
1779135264.0086167,186,975,613
1779135264.016167,187,975,615
1779135264.0274694,188,975,615
1779135264.0362668,189,975,615
1779135264.0499556,190,975,615
1779135264.0586379,191,975,615
1779135264.0598958,192,975,615
1779135264.0748665,193,941,615
1779135264.0836852,194,888,615
1779135264.092396,195,832,615
1779135264.1037884,196,775,616
1779135264.1124222,197,719,618
1779135264.1236281,198,666,619
1779135264.1537998,199,617,620
1779135264.1550255,200,568,619
1779135264.1563864,201,520,618
1779135264.1711283,202,478,618
1779135264.1723754,203,438,620
1779135264.1886618,204,406,623
1779135264.2212718,205,379,627
1779135264.2223995,206,359,630
1779135264.2399523,207,344,632
1779135264.2412875,208,334,631
1779135264.242538,209,328,628
1779135264.243686,210,328,628
1779135264.2574325,211,331,632
1779135264.2586875,212,337,639
1779135264.273657,213,343,647
1779135264.2824333,214,351,659
1779135264.2961814,215,359,671
1779135264.3023953,216,365,682
1779135264.3163078,217,371,689
1779135264.3249898,218,375,693
1779135264.335134,219,377,694
1779135264.3513398,220,379,696
1779135264.3525124,221,379,698
1779135264.3663054,222,377,703
1779135264.3800344,223,373,708
1779135264.3811848,224,371,713
1779135264.391224,225,369,716
1779135264.3999755,226,368,719
1779135264.41387,227,367,721
1779135264.4199398,228,365,722
1779135264.433723,229,359,721
1779135264.442455,230,353,721
1779135264.4563127,231,345,720
1779135264.4625194,232,337,721
1779135264.4763472,233,329,721
1779135264.4900255,234,322,722
1779135264.4949622,235,315,724
1779135264.5112898,236,310,727
1779135264.5200286,237,307,729
1779135264.528805,238,304,731
1779135264.5401645,239,304,733
1779135264.5402024,240,304,734
1779135264.5513232,241,313,734
1779135264.5601304,242,334,732
1779135264.5900118,243,367,729
1779135264.591312,244,418,727
1779135264.6050024,245,485,724
1779135264.6062288,246,564,722
1779135264.6149564,247,654,720
1779135264.623713,248,744,717
1779135264.6349986,249,831,714
1779135264.6437888,250,908,711
1779135264.6575997,251,969,708
1779135264.6662457,252,975,705
1779135264.6774724,253,975,701
1779135264.6912549,254,975,696
1779135264.697462,255,975,693
1779135264.7024076,256,975,690
1779135264.713728,257,975,687
1779135264.7224972,258,927,684
1779135264.736293,259,875,681
1779135264.7449803,260,823,677
1779135264.7551029,261,774,673
1779135264.7638264,262,729,668
1779135264.7937717,263,685,664
1779135264.7948968,264,644,661
1779135264.796166,265,605,659
1779135264.8061967,266,567,659
1779135264.8149867,267,531,658
1779135264.828658,268,496,657
1779135264.8374283,269,464,656
1779135264.8461425,270,435,656
1779135264.8561852,271,408,656
1779135264.8611605,272,386,658
1779135264.8724155,273,372,661
1779135264.8811805,274,366,666
1779135264.8950016,275,366,671
1779135264.9037938,276,373,679
1779135264.9149988,277,386,686
1779135264.9236655,278,400,694
1779135264.9587412,279,414,702
1779135264.9600203,280,428,709
1779135264.9749255,281,440,717
1779135264.9761436,282,451,724
1779135264.977382,283,462,729
1779135264.9911883,284,470,735
1779135264.997581,285,476,738
1779135265.0112965,286,480,741
1779135265.0174897,287,482,744
1779135265.0224903,288,484,747
1779135265.033758,289,483,749
1779135265.0424016,290,479,752
1779135265.056272,291,469,753
1779135265.063691,292,456,754
1779135265.0749958,293,442,755
1779135265.083713,294,424,756
1779135265.0974708,295,407,757
1779135265.1062748,296,390,759
1779135265.1175017,297,372,760
1779135265.1262705,298,355,759
1779135265.1400187,299,338,758
1779135265.1487868,300,323,757
1779135265.1599944,301,309,755
1779135265.168791,302,297,751
1779135265.1826127,303,283,748
1779135265.182642,304,270,743
1779135265.1963792,305,257,737
1779135265.2025762,306,245,730
1779135265.2162693,307,238,724
1779135265.2250016,308,236,716
1779135265.2337801,309,246,708
1779135265.2450037,310,269,703
1779135265.2537239,311,307,699
1779135265.2674358,312,359,695
1779135265.2737694,313,426,693
1779135265.290047,314,503,691
1779135265.2950294,315,584,689
1779135265.3199842,316,667,688
1779135265.3211746,317,743,686
1779135265.3401053,318,805,683
1779135265.3412802,319,854,679
1779135265.3423953,320,886,675
1779135265.3563652,321,900,670
1779135265.357419,322,896,663
1779135265.3736699,323,873,656
1779135265.3824477,324,838,648
1779135265.3962064,325,792,640
1779135265.4024012,326,739,631
1779135265.4337003,327,682,621
1779135265.4349701,328,623,612
1779135265.4361625,329,566,604
1779135265.445024,330,508,596
1779135265.453673,331,455,587
1779135265.4674091,332,405,579
1779135265.4749389,333,363,572
1779135265.486152,334,328,566
1779135265.4949386,335,303,559
1779135265.5011895,336,286,552
1779135265.5100193,337,277,545
1779135265.5212207,338,275,536
1779135265.529925,339,278,526
1779135265.5437155,340,288,515
1779135265.5525496,341,302,503
1779135265.5637083,342,320,490
1779135265.5725086,343,341,477
1779135265.5825007,344,363,464
1779135265.596326,345,384,451
1779135265.603772,346,404,438
1779135265.6175652,347,420,426
1779135265.6262555,348,432,413
1779135265.6350172,349,438,401
1779135265.6462383,350,439,390
1779135265.654922,351,434,379
1779135265.6800044,352,424,368
1779135265.6812434,353,411,356
1779135265.7062042,354,395,346
1779135265.707406,355,376,337
1779135265.7136753,356,359,332
1779135265.714912,357,343,333
1779135265.7236638,358,327,337
1779135265.7324343,359,315,342
1779135265.746183,360,302,344
1779135265.7549765,361,289,345
1779135265.7662344,362,276,344
1779135265.7749832,363,261,344
1779135265.7849257,364,246,347
1779135265.7987125,365,229,353
1779135265.8061862,366,213,363
1779135265.8199685,367,201,373
1779135265.8211823,368,192,383
1779135265.8299832,369,184,391
1779135265.846297,370,180,398
1779135265.847449,371,177,403
1779135265.861281,372,179,408
1779135265.8750932,373,187,411
1779135265.8812897,374,204,413
1779135265.8926048,375,233,414
1779135265.9013925,376,273,415
1779135265.9150581,377,327,415
1779135265.9237072,378,393,415
1779135265.9325247,379,465,414
1779135265.946306,380,538,413
1779135265.9550562,381,606,410
1779135265.9662669,382,666,407
1779135265.9750543,383,713,401
1779135265.9813015,384,748,395
1779135265.9899747,385,767,384
1779135266.0011642,386,772,372
1779135266.0099359,387,762,358
1779135266.0237093,388,740,344
1779135266.0486987,389,708,331
1779135266.04994,390,669,318
1779135266.0762117,391,625,308
1779135266.0774732,392,580,298
1779135266.1024413,393,533,290
1779135266.1036823,394,488,283
1779135266.1099548,395,446,278
1779135266.111189,396,408,273
1779135266.1124368,397,372,273
1779135266.128741,398,341,273
1779135266.1374478,399,313,275
1779135266.1386802,400,290,276
1779135266.1524458,401,272,277
1779135266.1636736,402,259,277
1779135266.1724732,403,249,278
1779135266.1861947,404,243,280
1779135266.1950827,405,242,286
1779135266.207461,406,246,293
1779135266.216369,407,251,302
1779135266.2250667,408,262,312
1779135266.2388294,409,273,323
1779135266.2474833,410,286,336
1779135266.2562969,411,299,350
1779135266.2699697,412,312,364
1779135266.2787638,413,323,380
1779135266.2899692,414,337,394
1779135266.303824,415,346,409
1779135266.3038552,416,357,424
1779135266.3099568,417,364,439
1779135266.3238454,418,370,455
1779135266.3299735,419,372,471
1779135266.343793,420,372,488
1779135266.3525789,421,367,505
1779135266.3612678,422,361,524
1779135266.372622,423,354,541
1779135266.381276,424,349,558
1779135266.3950372,425,342,573
1779135266.4375699,426,335,586
1779135266.4387183,427,327,596
1779135266.446302,428,318,603
1779135266.4474726,429,311,606
1779135266.448877,430,306,608
1779135266.4651158,431,302,607
1779135266.4662783,432,298,605
1779135266.4725642,433,297,603
1779135266.4813266,434,299,600
1779135266.4924843,435,303,599
1779135266.5064065,436,312,596
1779135266.5125885,437,325,595
1779135266.523803,438,348,595
1779135266.5350826,439,380,595
1779135266.5438225,440,428,597
1779135266.5575314,441,491,600
1779135266.566315,442,569,604
1779135266.5776658,443,658,609
1779135266.5862188,444,754,613
1779135266.5999832,445,850,617
1779135266.6088612,446,941,622
1779135266.6199975,447,975,626
1779135266.6276321,448,975,631
1779135266.6287158,449,975,636
1779135266.6425438,450,975,639
1779135266.653761,451,975,642
1779135266.6624787,452,975,644
1779135266.6762009,453,975,646
1779135266.684976,454,975,646
1779135266.7138274,455,975,644
1779135266.7149591,456,975,641
1779135266.716309,457,975,639
1779135266.7325225,458,975,636
1779135266.7337198,459,975,634
1779135266.748915,460,975,632
1779135266.7574887,461,935,631
1779135266.782517,462,858,630
1779135266.783744,463,780,630
1779135266.8087687,464,704,631
1779135266.8099358,465,631,633
1779135266.8164573,466,563,634
1779135266.8174775,467,502,634
1779135266.8187385,468,448,634
1779135266.833819,469,400,632
1779135266.8399754,470,363,632
1779135266.8562076,471,334,631
1779135266.8612173,472,314,628
1779135266.874961,473,304,627
1779135266.8837757,474,302,625
1779135266.8949492,475,304,624
1779135266.9087255,476,311,620
1779135266.913729,477,319,614
1779135266.927569,478,329,603
1779135266.933803,479,342,589
1779135266.9449933,480,354,574
1779135266.9499464,481,365,558
1779135266.9637496,482,374,543
1779135266.969967,483,379,529
1779135266.9837363,484,380,517
1779135266.9926403,485,378,508
1779135267.0013194,486,373,503
1779135267.0124779,487,367,499
1779135267.0212233,488,358,499
1779135267.0349698,489,347,499
1779135267.0461912,490,335,502
1779135267.0524397,491,323,508
1779135267.0662766,492,310,517
1779135267.0750618,493,294,527
1779135267.0837898,494,279,538
1779135267.0949914,495,264,550
1779135267.1039283,496,250,562
1779135267.1124804,497,238,575
1779135267.1213036,498,228,589
1779135267.1314032,499,222,601
1779135267.1762428,500,220,614
1779135267.1774569,501,225,624
1779135267.1787872,502,240,635
1779135267.1800332,503,270,646
1779135267.1850495,504,318,655
1779135267.1988077,505,383,664
1779135267.2038033,506,464,673
1779135267.2151396,507,557,680
1779135267.228803,508,653,687
1779135267.2350528,509,747,692
1779135267.2487254,510,832,696
1779135267.2575045,511,902,700
1779135267.262505,512,953,702
1779135267.2712379,513,975,705
1779135267.2800772,514,975,705
1779135267.2899876,515,975,707
1779135267.3037517,516,957,710
1779135267.3125267,517,911,711
1779135267.3213053,518,852,714
1779135267.3538435,519,785,716
1779135267.355045,520,712,718
1779135267.3562143,521,637,719
1779135267.36377,522,565,719
1779135267.3750122,523,497,719
1779135267.3837488,524,435,718
1779135267.3974748,525,382,716
1779135267.4062483,526,337,713
1779135267.4174457,527,300,710
1779135267.4225004,528,271,707
1779135267.4313273,529,251,704
1779135267.4451249,530,240,702
1779135267.4512928,531,236,699
1779135267.4651077,532,239,698
1779135267.4737458,533,248,696
1779135267.4875083,534,260,695
1779135267.4937224,535,275,693
1779135267.5187263,536,291,690
1779135267.52001,537,310,687
1779135267.5451274,538,329,685
1779135267.546311,539,349,683
1779135267.5700848,540,370,680
1779135267.5713284,541,389,679
1779135267.5725799,542,408,679
1779135267.5825396,543,428,678
1779135267.5875273,544,447,677
1779135267.5964785,545,466,675
1779135267.5976915,546,483,673
1779135267.6137414,547,497,671
1779135267.6224988,548,510,668
1779135267.6312256,549,519,665
1779135267.6450076,550,524,662
1779135267.6512141,551,524,658
1779135267.6651073,552,521,655
1779135267.673842,553,517,652
1779135267.6824806,554,509,647
1779135267.6937613,555,499,643
1779135267.702607,556,486,639
1779135267.716317,557,471,633
1779135267.7250383,558,454,628
1779135267.7363176,559,436,623
1779135267.7413518,560,419,618
1779135267.750091,561,399,612
1779135267.7638776,562,381,607
1779135267.770077,563,366,602
1779135267.7851403,564,356,596
1779135267.793744,565,357,591
1779135267.8025548,566,372,587
1779135267.8137648,567,408,583
1779135267.8226142,568,467,579
1779135267.836341,569,547,576
1779135267.845195,570,644,573
1779135267.8563502,571,756,570
1779135267.8813481,572,873,568
1779135267.8825908,573,975,567
1779135267.9074676,574,975,564
1779135267.908739,575,975,562
1779135267.9262326,576,975,560
1779135267.9274793,577,975,559
1779135267.9287243,578,975,557
1779135267.9299893,579,975,555
1779135267.9450843,580,975,552
1779135267.9538243,581,975,548
1779135267.9625778,582,975,545
1779135267.9962533,583,975,542
1779135267.9974766,584,975,538
1779135267.9987307,585,975,535
1779135268.0074973,586,975,531
1779135268.0137181,587,975,528
1779135268.02819,588,975,527
1779135268.036438,589,975,527
1779135268.0450118,590,975,527
1779135268.0563378,591,975,527
1779135268.0650046,592,968,527
1779135268.0699978,593,848,527
1779135268.0837548,594,734,528
1779135268.0900934,595,626,528
1779135268.10123,596,527,528
1779135268.11498,597,439,529
1779135268.1238198,598,365,530
1779135268.1350303,599,306,530
1779135268.1437345,600,259,531
1779135268.1575096,601,225,531
1779135268.1662586,602,202,531
1779135268.1775007,603,188,531
1779135268.1862748,604,179,530
1779135268.2012813,605,175,529
1779135268.2063243,606,174,527
1779135268.22258,607,174,528
1779135268.2225966,608,175,528
1779135268.231276,609,176,527
1779135268.2750835,610,175,526
1779135268.2762473,611,177,526
1779135268.2775,612,177,524
1779135268.2788649,613,176,522
1779135268.2888367,614,174,521
1779135268.29384,615,172,519
1779135268.3050282,616,170,519
1779135268.3188462,617,169,520
1779135268.325134,618,168,519
1779135268.3388927,619,169,519
1779135268.34504,620,171,519
1779135268.3589184,621,174,519
1779135268.3675077,622,179,519
1779135268.3813162,623,185,518
1779135268.3825047,624,192,516
1779135268.3925624,625,199,515
1779135268.401291,626,205,513
1779135268.4113014,627,214,511
1779135268.4225395,628,230,510
1779135268.4362874,629,255,505
1779135268.4450495,630,295,498
1779135268.4539077,631,351,490
1779135268.465128,632,425,482
1779135268.4739296,633,512,473
1779135268.487538,634,607,467
1779135268.4963903,635,704,463
1779135268.5075278,636,798,461
1779135268.5163617,637,884,459
1779135268.5300882,638,955,457
1779135268.5388443,639,975,457
1779135268.5401525,640,975,458
1779135268.5550218,641,975,460
1779135268.5639493,642,975,463
1779135268.5726485,643,975,464
1779135268.5839562,644,975,463
1779135268.592639,645,975,463
1779135268.6251423,646,924,464
1779135268.6262853,647,863,465
1779135268.6513183,648,799,466
1779135268.6525216,649,733,467
1779135268.6775997,650,667,468
1779135268.678874,651,601,470
1779135268.6838706,652,541,472
1779135268.6850338,653,484,473
1779135268.6862836,654,434,475
1779135268.700024,655,389,477
1779135268.701286,656,355,478
1779135268.7112508,657,326,479
1779135268.7200522,658,304,480
1779135268.733995,659,290,481
1779135268.740057,660,284,481
1779135268.7538664,661,283,481
1779135268.762545,662,291,481
1779135268.776298,663,303,482
1779135268.7828398,664,319,483
1779135268.7963488,665,335,483
1779135268.8050818,666,352,483
1779135268.8200192,667,366,483
1779135268.8263023,668,378,483
1779135268.8400233,669,386,483
1779135268.848848,670,391,483
1779135268.8627753,671,393,483
1779135268.8639362,672,391,483
1779135268.8739393,673,387,483
1779135268.8825588,674,377,481
1779135268.8913913,675,367,481
1779135268.9026525,676,355,480
1779135268.9164138,677,341,480
1779135268.9213514,678,330,479
1779135268.9350965,679,316,478
1779135268.9464011,680,303,477
1779135268.9550953,681,294,476
1779135268.9688592,682,288,474
1779135269.0100794,683,282,472
1779135269.0112891,684,278,472
1779135269.0176163,685,273,471
1779135269.0189164,686,269,470
1779135269.0201058,687,263,468
1779135269.0251336,688,259,466
1779135269.0389023,689,259,464
1779135269.0400555,690,266,461
1779135269.053915,691,284,459
1779135269.0601053,692,315,456
1779135269.0738454,693,360,453
1779135269.0825617,694,423,450
1779135269.0963008,695,499,447
1779135269.102568,696,587,444
1779135269.1163356,697,678,441
1779135269.1250372,698,769,438
1779135269.1364334,699,852,435
1779135269.1475494,700,921,432
1779135269.1563852,701,971,430
1779135269.1700535,702,975,428
1779135269.1789148,703,975,426
1779135269.1801295,704,975,424
1779135269.1951332,705,975,423
1779135269.2038424,706,975,420
1779135269.212555,707,966,420
1779135269.223857,708,916,417
1779135269.23254,709,861,416
1779135269.2463782,710,802,414
1779135269.2740536,711,742,413
1779135269.2751575,712,681,412
1779135269.2763946,713,622,410
1779135269.2913203,714,564,408
1779135269.2925317,715,511,407
1779135269.3089082,716,461,406
1779135269.3176053,717,418,404
1779135269.3264608,718,378,403
1779135269.3364644,719,346,403
1779135269.3614793,720,321,403
1779135269.3626897,721,301,402
1779135269.3877325,722,288,402
1779135269.3888545,723,281,401
1779135269.3963833,724,281,401
1779135269.3976045,725,287,401
1779135269.4040778,726,295,401
1779135269.4126945,727,303,401
1779135269.4238856,728,311,401
1779135269.4328148,729,318,401
1779135269.4466383,730,326,401
1779135269.455109,731,333,401
1779135269.466371,732,338,401
1779135269.475315,733,339,401
1779135269.4889636,734,340,401
1779135269.4976413,735,339,400
1779135269.499725,736,339,400
1779135269.5152538,737,336,401
1779135269.5226564,738,333,402
1779135269.5313785,739,327,404
1779135269.5426285,740,322,406
1779135269.5514777,741,315,408
1779135269.5651636,742,310,411
1779135269.574049,743,304,414
1779135269.5850863,744,298,417
1779135269.5938554,745,291,420
1779135269.607531,746,288,423
1779135269.6162746,747,284,427
1779135269.6276107,748,281,429
1779135269.6363137,749,280,433
1779135269.6475275,750,280,436
1779135269.66136,751,280,440
1779135269.6625764,752,288,443
1779135269.6725945,753,305,447
1779135269.6813638,754,339,450
1779135269.695158,755,392,453
1779135269.7013788,756,465,456
1779135269.7463746,757,557,459
1779135269.747531,758,665,462
1779135269.7551718,759,782,463
1779135269.7562983,760,903,465
1779135269.7575912,761,975,467
1779135269.7675495,762,975,467
1779135269.7763102,763,975,467
1779135269.7876003,764,975,469
1779135269.7963054,765,975,469
1779135269.8100734,766,975,468
1779135269.8188848,767,975,469
1779135269.8200462,768,975,469
1779135269.8351567,769,975,469
1779135269.843954,770,975,469
1779135269.853961,771,975,469
1779135269.8652847,772,975,469
1779135269.873894,773,975,469
1779135269.8876393,774,975,468
1779135269.9139197,775,975,468
1779135269.9151459,776,975,468
1779135269.9164605,777,975,467
1779135269.9313524,778,975,466
1779135269.9363134,779,975,466
1779135269.9476233,780,975,465
1779135269.957589,781,975,465
1779135269.971424,782,975,464
1779135269.9776306,783,864,464
1779135269.9838483,784,751,463
1779135269.9925613,785,643,463
1779135270.006345,786,547,462
1779135270.0125666,787,466,462
1779135270.023844,788,399,462
1779135270.0375588,789,345,462
1779135270.0425851,790,308,462
1779135270.056309,791,281,462
1779135270.0650623,792,268,463
1779135270.116387,793,261,463
1779135270.1176107,794,262,462
1779135270.1188672,795,267,462
1779135270.1200566,796,275,461
1779135270.1213074,797,282,461
1779135270.13142,798,289,460
1779135270.137625,799,294,460
1779135270.143986,800,297,459
1779135270.1526935,801,298,460
1779135270.1663156,802,298,460
1779135270.1713245,803,296,460
1779135270.182692,804,294,460
1779135270.196412,805,292,461
1779135270.2050688,806,290,460
1779135270.2138703,807,285,460
1779135270.2250507,808,278,459
1779135270.23389,809,270,459
1779135270.24758,810,265,458
1779135270.2562864,811,260,458
1779135270.2675986,812,260,457
1779135270.278954,813,262,456
1779135270.287675,814,269,455
1779135270.3013384,815,278,454
1779135270.3025477,816,291,453
1779135270.3125765,817,310,451
1779135270.3213508,818,337,451
1779135270.3352084,819,371,451
1779135270.3413646,820,414,449
1779135270.3551884,821,464,449
1779135270.3639283,822,521,448
1779135270.375248,823,579,447
1779135270.3864343,824,641,445
1779135270.3951635,825,704,444
1779135270.4089382,826,761,444
1779135270.41766,827,807,444
1779135270.42891,828,837,445
1779135270.4376514,829,852,446
1779135270.4789262,830,850,448
1779135270.480067,831,838,447
1779135270.4877653,832,817,448
1779135270.4888248,833,784,447
1779135270.4900758,834,745,447
1779135270.4913354,835,702,447
1779135270.50266,836,657,448
1779135270.5113704,837,616,448
1779135270.52517,838,579,448
1779135270.5539205,839,542,449
1779135270.5551207,840,505,448
1779135270.5563388,841,469,448
1779135270.566445,842,436,446
1779135270.5751317,843,404,444
1779135270.5826457,844,374,442
1779135270.5964901,845,345,440
1779135270.6051714,846,318,438
1779135270.6196194,847,294,435
1779135270.6201222,848,271,433
1779135270.6351635,849,250,430
1779135270.6440845,850,233,427
1779135270.652715,851,219,424
1779135270.6639767,852,209,421
1779135270.6727138,853,201,418
1779135270.6880882,854,198,415
1779135270.6939847,855,197,413
1779135270.70528,856,201,411
1779135270.7140357,857,208,409
1779135270.7275832,858,222,407
1779135270.736362,859,235,406
1779135270.7475927,860,250,405
1779135270.75631,861,261,403
1779135270.7701273,862,269,403
1779135270.7788723,863,275,401
1779135270.7850952,864,278,401
1779135270.7926219,865,278,401
1779135270.8013504,866,279,400
1779135270.8276398,867,278,401
1779135270.8289154,868,277,401
1779135270.853876,869,272,402
1779135270.8551314,870,267,402
1779135270.8752513,871,259,401
1779135270.8763945,872,252,401
1779135270.8776803,873,246,400
1779135270.887706,874,241,399
1779135270.895123,875,238,398
1779135270.9064314,876,240,396
1779135270.9151866,877,245,394
1779135270.9288647,878,256,393
1779135270.937586,879,275,391
1779135270.938835,880,305,390
1779135270.953853,881,347,389
1779135270.9628866,882,404,387
1779135270.9713366,883,476,386
1779135270.9825933,884,561,384
1779135270.991335,885,656,383
1779135271.0038385,886,757,382
1779135271.012653,887,858,381
1779135271.0238247,888,953,380
1779135271.0375652,889,975,379
1779135271.043826,890,975,379
1779135271.05769,891,975,380
1779135271.0638423,892,975,379
1779135271.0776026,893,975,378
1779135271.0864358,894,975,379
1779135271.095222,895,975,379
1779135271.1039958,896,975,380
1779135271.110208,897,975,380
1779135271.1240046,898,975,380
1779135271.132655,899,975,380
1779135271.143856,900,975,382
1779135271.1526895,901,975,382
1779135271.1663253,902,975,383
1779135271.1938477,903,975,384
1779135271.19519,904,975,385
1779135271.2201102,905,975,385
1779135271.2213428,906,975,386
1779135271.2438214,907,975,387
1779135271.245093,908,975,388
1779135271.246336,909,927,388
1779135271.2475512,910,849,391
1779135271.2613542,911,777,395
1779135271.2628078,912,711,396
1779135271.2726593,913,654,397
1779135271.2813718,914,610,399
1779135271.295137,915,579,402
1779135271.3013492,916,562,405
1779135271.3151965,917,560,408
1779135271.3240478,918,575,411
1779135271.3376873,919,600,414
1779135271.3439019,920,632,416
1779135271.3576279,921,668,418
1779135271.3664558,922,701,420
1779135271.3802397,923,727,423
1779135271.3889666,924,744,426
1779135271.397611,925,752,428
1779135271.411359,926,752,431
1779135271.4201345,927,742,433
1779135271.4213545,928,724,435
1779135271.4314716,929,697,436
1779135271.4401932,930,665,439
1779135271.4539976,931,630,440
1779135271.46269,932,592,441
1779135271.471432,933,553,441
1779135271.485208,934,513,442
1779135271.4940536,935,475,443
1779135271.5051477,936,438,443
1779135271.51763,937,407,444
1779135271.5265155,938,384,445
1779135271.5351818,939,367,446
1779135271.5776196,940,363,446
1779135271.5788946,941,369,447
1779135271.590132,942,396,448
1779135271.591388,943,440,448
1779135271.5926547,944,508,448
1779135271.5938876,945,599,449
1779135271.6039398,946,713,449
1779135271.6126223,947,842,448
1779135271.6226337,948,973,448
1779135271.631385,949,975,447
1779135271.645238,950,975,447
1779135271.653953,951,975,446
1779135271.6651466,952,975,444
1779135271.6738572,953,975,443
1779135271.6876056,954,975,440
1779135271.696415,955,975,438
1779135271.7076418,956,975,435
1779135271.7163842,957,975,432
1779135271.7264023,958,975,429
1779135271.7401009,959,975,426
1779135271.7414207,960,975,424
1779135271.7514133,961,975,422
1779135271.7601619,962,976,419
1779135271.7740066,963,975,417
1779135271.7802255,964,975,414
1779135271.793906,965,976,411
1779135271.8027163,966,976,409
1779135271.836506,967,975,406
1779135271.8377156,968,975,403
1779135271.8389745,969,975,400
1779135271.8488643,970,976,398
1779135271.855104,971,975,394
1779135271.8663874,972,975,393
1779135271.8752813,973,975,391
1779135271.8889039,974,976,389
1779135271.8976848,975,976,389
1779135271.8990374,976,975,388
1779135271.9364204,977,976,390
1779135271.9376757,978,975,391
1779135271.9589655,979,976,393
1779135271.9601955,980,975,396
1779135271.9614122,981,975,398
1779135271.9626918,982,975,399
1779135271.9763699,983,975,401
1779135271.982614,984,975,403
1779135271.9963658,985,975,404
1779135272.005146,986,975,403
1779135272.013924,987,975,404
1779135272.0252125,988,975,403
1779135272.0364695,989,975,401
1779135272.0452466,990,926,400
1779135272.05892,991,825,399
1779135272.0601223,992,734,399
1779135272.0751343,993,647,399
1779135272.0839667,994,568,399
1779135272.0976315,995,501,399
1779135272.1038742,996,446,398
1779135272.1126451,997,400,397
1779135272.1263802,998,367,396
1779135272.135128,999,342,395
1779135272.1452131,1000,325,393
1779135272.1539745,1001,313,391
1779135272.1689677,1002,309,390
1779135272.1752539,1003,310,388
1779135272.1864803,1004,315,386
1779135272.1952355,1005,330,384
1779135272.208963,1006,358,383
1779135272.2176218,1007,402,383
1779135272.21888,1008,467,382
1779135272.2339396,1009,547,382
1779135272.2426443,1010,644,383
1779135272.2513618,1011,753,383
1779135272.2626877,1012,867,384
1779135272.27141,1013,971,385
1779135272.2976782,1014,975,386
1779135272.2989104,1015,975,389
1779135272.3239434,1016,975,391
1779135272.3251386,1017,975,392
1779135272.33021,1018,975,393
1779135272.335187,1019,976,395
1779135272.3477259,1020,975,396
1779135272.3564694,1021,975,396
1779135272.3653235,1022,975,396
1779135272.3789754,1023,976,395
1779135272.380179,1024,975,395
1779135272.3952224,1025,975,396
1779135272.4040117,1026,976,395
1779135272.4127095,1027,975,395
1779135272.4241462,1028,975,395
1779135272.4328249,1029,975,394
1779135272.446449,1030,975,393
1779135272.477751,1031,956,391
1779135272.478902,1032,874,390
1779135272.4801571,1033,793,389
1779135272.4876962,1034,720,388
1779135272.4965117,1035,655,387
1779135272.5077202,1036,600,387
1779135272.5165083,1037,555,386
1779135272.5302176,1038,520,385
1779135272.53896,1039,493,383
1779135272.5401495,1040,476,381
1779135272.557756,1041,466,380
1779135272.558927,1042,463,378
1779135272.5726523,1043,464,378
1779135272.5839462,1044,469,378
1779135272.592676,1045,474,378
1779135272.6064224,1046,480,380
1779135272.6151965,1047,489,381
1779135272.6263988,1048,498,383
1779135272.6352608,1049,505,385
1779135272.6877496,1050,511,387
1779135272.6888838,1051,511,390
1779135272.6901448,1052,508,392
1779135272.6914332,1053,498,395
1779135272.6926277,1054,487,396
1779135272.7064877,1055,473,397
1779135272.7076867,1056,458,398
1779135272.7127047,1057,441,399
1779135272.7264202,1058,423,401
1779135272.7314825,1059,408,404
1779135272.7426453,1060,394,406
1779135272.7589104,1061,380,408
1779135272.7601297,1062,369,410
1779135272.7739766,1063,359,412
1779135272.785206,1064,351,414
1779135272.793921,1065,344,415
1779135272.807684,1066,335,415
1779135272.8164358,1067,327,415
1779135272.8276494,1068,321,415
1779135272.8364043,1069,316,415
1779135272.850169,1070,322,414
1779135272.8588939,1071,337,413
1779135272.8601155,1072,370,412
1779135272.872649,1073,423,412
1779135272.8813908,1074,498,411
1779135272.8952549,1075,590,412
1779135272.9014277,1076,697,413
1779135272.9151325,1077,812,414
1779135272.9238994,1078,926,418
1779135272.9326293,1079,975,421
1779135272.9440048,1080,975,423
1779135272.9526362,1081,976,425
1779135272.966413,1082,976,429
1779135272.9765224,1083,976,432
1779135272.9852526,1084,976,434
1779135272.994017,1085,976,434
1779135273.0077043,1086,976,437
1779135273.037854,1087,976,440
1779135273.039014,1088,976,442
1779135273.062775,1089,976,444
1779135273.0639634,1090,976,446
1779135273.0653236,1091,976,448
1779135273.066528,1092,976,450
1779135273.0814376,1093,976,452
1779135273.0826817,1094,976,453
1779135273.1139586,1095,975,454
1779135273.1151497,1096,835,455
1779135273.1163914,1097,660,455
1779135273.1314378,1098,482,455
1779135273.1326587,1099,299,454
1779135273.1489067,1100,124,452
1779135273.1576946,1101,1,451
1779135273.166543,1102,1,451
1779135273.1802912,1103,1,452
1779135273.1815016,1104,1,453
1779135273.190255,1105,0,455
1779135273.2039516,1106,0,457
1779135273.212665,1107,0,460
1779135273.2239027,1108,0,462
1779135273.2326543,1109,0,464
1779135273.2464478,1110,0,467
1779135273.2551973,1111,0,469
1779135273.2664356,1112,0,472
1779135273.2751987,1113,0,473
1779135273.2877095,1114,0,475
1779135273.2965038,1115,0,476
1779135273.3077238,1116,0,478
1779135273.3164573,1117,0,480
1779135273.3302093,1118,0,481
1779135273.3440466,1119,0,482
1779135273.3451579,1120,0,483
1779135273.3502018,1121,0,483
1779135273.3640344,1122,0,483
1779135273.372758,1123,1,483
1779135273.402688,1124,0,483
1779135273.403903,1125,0,483
1779135273.428919,1126,0,483
1779135273.430154,1127,0,483
1779135273.4351952,1128,0,483
1779135273.4364324,1129,0,483
1779135273.450162,1130,0,484
1779135273.4514017,1131,0,485
1779135273.46764,1132,0,487
1779135273.4764059,1133,0,488
1779135273.48519,1134,0,491
1779135273.4964802,1135,0,492
1779135273.4989138,1136,0,494
1779135273.5139046,1137,0,496
1779135273.5227585,1138,0,497
1779135273.5315049,1139,0,498
1779135273.5426774,1140,0,499
1779135273.5564396,1141,0,501
1779135273.5626965,1142,0,502
1779135273.576526,1143,0,502
1779135273.58277,1144,0,502
1779135273.5964127,1145,0,502
1779135273.603942,1146,1,503
1779135273.6177568,1147,1,502
1779135273.6240497,1148,0,502
1779135273.637683,1149,0,499
1779135273.646425,1150,0,499
1779135273.6602232,1151,1,499
1779135273.661406,1152,1,497
1779135273.6714303,1153,159,496
1779135273.6801796,1154,310,495
1779135273.693935,1155,439,495
1779135273.7001507,1156,542,495
1779135273.7114294,1157,617,495
1779135273.7253003,1158,668,496
1779135273.753949,1159,694,497
1779135273.755164,1160,698,497
1779135273.7802298,1161,681,499
1779135273.7814283,1162,649,499
1779135273.8014574,1163,606,500
1779135273.802685,1164,557,500
1779135273.803925,1165,500,500
1779135273.8052106,1166,445,499
1779135273.8151846,1167,392,499
1779135273.8215394,1168,347,498
1779135273.8352475,1169,309,497
1779135273.8402812,1170,278,497
1779135273.853979,1171,254,496
1779135273.8601756,1172,237,495
1779135273.8739603,1173,227,495
1779135273.8826737,1174,224,494
1779135273.8964598,1175,226,492
1779135273.902737,1176,234,492
1779135273.916426,1177,245,491
1779135273.9252017,1178,261,489
1779135273.9389477,1179,277,488
1779135273.945271,1180,291,487
1779135273.9590113,1181,305,486
1779135273.9676726,1182,314,486
1779135273.9814646,1183,319,487
1779135273.9826772,1184,320,488
1779135273.9926841,1185,318,490
1779135274.0014312,1186,315,492
1779135274.0153675,1187,307,493
1779135274.0252845,1188,298,494
1779135274.0339854,1189,285,495
1779135274.0427926,1190,269,494
1779135274.0565548,1191,252,494
1779135274.0627127,1192,236,493
1779135274.0764751,1193,221,492
1779135274.0852077,1194,206,492
1779135274.0940595,1195,193,491
1779135274.1052763,1196,180,490
1779135274.114018,1197,169,490
1779135274.140221,1198,161,490
1779135274.1415045,1199,156,487
1779135274.1664815,1200,156,487
1779135274.1676905,1201,162,485
1779135274.168923,1202,179,483
1779135274.1701822,1203,205,482
1779135274.1864257,1204,247,482
1779135274.1876855,1205,305,482
1779135274.201461,1206,377,483
1779135274.2151852,1207,463,485
1779135274.221461,1208,559,487
1779135274.2353063,1209,656,489
1779135274.2440295,1210,753,491
1779135274.2527318,1211,841,492
1779135274.26397,1212,920,494
1779135274.2727904,1213,974,493
1779135274.2864645,1214,975,495
1779135274.295332,1215,975,493
1779135274.3015056,1216,975,492
1779135274.31027,1217,975,490
1779135274.3240016,1218,975,490
1779135274.332741,1219,975,487
1779135274.3427038,1220,975,487
1779135274.3515108,1221,975,486
1779135274.3653054,1222,975,485
1779135274.3941126,1223,975,484
1779135274.3952057,1224,964,483
1779135274.3964527,1225,921,483
1779135274.4065082,1226,877,480
1779135274.4152195,1227,827,478
1779135274.4264317,1228,777,476
1779135274.435193,1229,726,475
1779135274.4451976,1230,675,473
1779135274.4589806,1231,625,472
1779135274.4601822,1232,577,472
1779135274.4752538,1233,531,471
1779135274.5003388,1234,489,470
1779135274.5014958,1235,449,468
1779135274.5264907,1236,415,466
1779135274.5276973,1237,384,464
1779135274.5339367,1238,356,461
1779135274.535179,1239,329,458
1779135274.5451992,1240,306,455
1779135274.5540404,1241,283,453
1779135274.5678551,1242,264,451
1779135274.576561,1243,248,449
1779135274.5877893,1244,238,447
1779135274.5964322,1245,232,446
1779135274.6101778,1246,229,443
1779135274.6189315,1247,228,442
1779135274.6202197,1248,230,441
1779135274.6352203,1249,227,439
1779135274.6446826,1250,226,438
1779135274.65275,1251,222,435
1779135274.6689773,1252,216,433
1779135274.670202,1253,211,431
1779135274.683962,1254,209,430
1779135274.697738,1255,210,429
1779135274.703947,1256,211,428
1779135274.7177877,1257,211,428
1779135274.726457,1258,211,429
1779135274.735329,1259,209,429
1779135274.7464545,1260,206,428
1779135274.7552617,1261,202,428
1779135274.7690344,1262,197,427
1779135274.7827084,1263,193,426
1779135274.7840292,1264,192,426
1779135274.7940693,1265,193,425
1779135274.802812,1266,196,424
1779135274.8165958,1267,204,423
1779135274.8228068,1268,218,423
1779135274.8316321,1269,242,422
1779135274.845323,1270,277,420
1779135274.870284,1271,327,421
1779135274.8714588,1272,395,421
1779135274.8965664,1273,479,421
1779135274.8977256,1274,576,421
1779135274.9228384,1275,684,422
1779135274.9239929,1276,795,420
1779135274.927737,1277,901,420
1779135274.9290211,1278,975,420
1779135274.9428477,1279,975,419
1779135274.942873,1280,975,418
1779135274.9539557,1281,975,417
1779135274.9652364,1282,975,418
1779135274.9739807,1283,975,416
1779135274.9876997,1284,975,415
1779135274.9939692,1285,975,415
1779135275.0077422,1286,975,414
1779135275.034215,1287,975,412
1779135275.0352004,1288,975,412
1779135275.0365503,1289,975,411
1779135275.0466087,1290,975,410
1779135275.0602243,1291,975,409
1779135275.0664597,1292,975,408
1779135275.0765567,1293,975,409
1779135275.0903149,1294,975,408
1779135275.0990868,1295,972,407
1779135275.1003263,1296,859,406
1779135275.1115687,1297,750,407
1779135275.1252916,1298,645,408
1779135275.1302743,1299,548,409
1779135275.1441212,1300,463,409
1779135275.1527693,1301,390,410
1779135275.161467,1302,333,410
1779135275.175216,1303,288,409
1779135275.1827657,1304,261,408
1779135275.194127,1305,245,408
1779135275.2028193,1306,241,407
1779135275.2165828,1307,247,406
1779135275.2639935,1308,260,406
1779135275.2652166,1309,275,406
1779135275.266481,1310,291,407
1779135275.2677684,1311,300,408
1779135275.268946,1312,309,410
1779135275.2702148,1313,317,411
1779135275.285256,1314,322,412
1779135275.2941177,1315,323,413
1779135275.302829,1316,321,414
1779135275.3140655,1317,313,415
1779135275.3277738,1318,303,416
1779135275.3341615,1319,289,418
1779135275.347853,1320,277,419
1779135275.3540344,1321,265,421
1779135275.3680081,1322,256,423
1779135275.3765862,1323,248,424
1779135275.3852942,1324,243,425
1779135275.3966112,1325,241,425
1779135275.4052734,1326,241,427
1779135275.4190333,1327,240,428
1779135275.4202762,1328,243,429
1779135275.43153,1329,246,429
1779135275.4403126,1330,252,430
1779135275.4541962,1331,261,431
1779135275.4629223,1332,274,432
1779135275.4740188,1333,292,433
1779135275.4828508,1334,321,433
1779135275.4965634,1335,364,434
1779135275.504089,1336,426,433
1779135275.5155044,1337,506,432
1779135275.5290835,1338,606,431
1779135275.5339968,1339,722,428
1779135275.5478039,1340,848,426
1779135275.554067,1341,972,425
1779135275.5679476,1342,975,422
1779135275.581618,1343,975,422
1779135275.582774,1344,975,422
1779135275.6191702,1345,975,423
1779135275.620291,1346,975,423
1779135275.635286,1347,975,426
1779135275.6364927,1348,975,427
1779135275.63771,1349,975,430
1779135275.6479015,1350,975,430
1779135275.6741264,1351,975,431
1779135275.675493,1352,975,432
1779135275.676652,1353,975,433
1779135275.6866574,1354,975,433
1779135275.6953547,1355,975,435
1779135275.7090054,1356,975,436
1779135275.7177403,1357,975,436
1779135275.731467,1358,975,438
1779135275.7377326,1359,975,436
1779135275.7427537,1360,975,436
1779135275.753999,1361,975,435
1779135275.7629092,1362,975,435
1779135275.776578,1363,975,435
1779135275.7852733,1364,975,432
1779135275.7965791,1365,975,430
1779135275.8052456,1366,975,430
1779135275.8164852,1367,927,429
1779135275.8302703,1368,806,428
1779135275.8364973,1369,694,428
1779135275.8502672,1370,598,427
1779135275.8590236,1371,519,427
1779135275.867764,1372,457,429
1779135275.8790774,1373,412,430
1779135275.892915,1374,384,431
1779135275.9016426,1375,368,433
1779135275.9016669,1376,361,435
1779135275.910335,1377,361,436
1779135275.9227724,1378,366,439
1779135275.9315178,1379,374,441
1779135275.9453173,1380,385,442
1779135275.9739785,1381,399,444
1779135275.9752698,1382,415,445
1779135275.9977498,1383,431,446
1779135275.99896,1384,446,447
1779135276.000257,1385,459,448
1779135276.006522,1386,470,449
1779135276.0203362,1387,477,451
1779135276.026536,1388,482,453
1779135276.0403004,1389,483,455
1779135276.0465531,1390,482,456
1779135276.0602386,1391,480,456
1779135276.0614998,1392,476,456
1779135276.070298,1393,475,455
1779135276.0815778,1394,475,454
1779135276.0903432,1395,479,452
1779135276.1040251,1396,486,450
1779135276.1128497,1397,500,449
1779135276.1239812,1398,519,447
1779135276.134018,1399,547,447
1779135276.1427782,1400,584,447
1779135276.156569,1401,633,447
1779135276.162831,1402,697,448
1779135276.1764758,1403,777,449
1779135276.1852713,1404,874,451
1779135276.1991265,1405,974,451
1779135276.2053304,1406,975,453
1779135276.2190952,1407,975,454
1779135276.2203364,1408,975,456
1779135276.2352266,1409,975,455
1779135276.241514,1410,976,456
1779135276.2502763,1411,976,457
1779135276.264053,1412,976,455
1779135276.2728417,1413,976,455
1779135276.284133,1414,975,455
1779135276.3141432,1415,976,455
1779135276.315326,1416,976,455
1779135276.3166127,1417,976,455
1779135276.3478475,1418,976,455
1779135276.349021,1419,976,455
1779135276.370429,1420,976,455
1779135276.3716512,1421,976,453
1779135276.372739,1422,976,452
1779135276.3740063,1423,976,451
1779135276.3892615,1424,976,449
1779135276.3903883,1425,976,447
1779135276.401608,1426,976,445
1779135276.410363,1427,976,444
1779135276.424251,1428,976,443
1779135276.4329786,1429,976,443
1779135276.444136,1430,976,443
1779135276.452928,1431,976,445
1779135276.4665933,1432,976,445
1779135276.4753256,1433,976,446
1779135276.4866421,1434,976,448
1779135276.4953604,1435,976,448
1779135276.509106,1436,976,451
1779135276.517906,1437,976,452
1779135276.5290947,1438,976,455
1779135276.5429237,1439,976,456
1779135276.544072,1440,976,459
1779135276.5529184,1441,976,460
1779135276.5640998,1442,976,460
1779135276.5729253,1443,976,460
1779135276.5866091,1444,975,460
1779135276.5955667,1445,971,461
1779135276.606619,1446,817,462
1779135276.615386,1447,684,461
1779135276.6291177,1448,567,460
1779135276.6379354,1449,468,460
1779135276.6491451,1450,389,460
1779135276.6579456,1451,327,460
1779135276.6716306,1452,285,459
1779135276.680383,1453,259,458
1779135276.7090833,1454,246,456
1779135276.710342,1455,241,453
1779135276.7103508,1456,243,451
1779135276.7329812,1457,247,448
1779135276.7340143,1458,254,445
1779135276.7352843,1459,259,443
1779135276.7453215,1460,262,441
1779135276.7540412,1461,261,440
1779135276.7629623,1462,261,440
1779135276.7740564,1463,258,440
1779135276.7878807,1464,255,440
1779135276.7940178,1465,250,440
1779135276.8079062,1466,245,440
1779135276.8140292,1467,240,440
1779135276.8279476,1468,236,441
1779135276.8365064,1469,236,441
1779135276.8452885,1470,244,442
1779135276.8566532,1471,265,443
1779135276.867868,1472,307,443
1779135276.8691554,1473,373,444
1779135276.8829608,1474,465,445
1779135276.8941553,1475,584,446
1779135276.9029264,1476,720,447
1779135276.9165468,1477,867,447
1779135276.9252613,1478,975,448
1779135276.9565709,1479,976,449
1779135276.957927,1480,976,451
1779135276.9591262,1481,976,451
1779135276.972948,1482,976,452
1779135276.9740126,1483,976,452
1779135276.9891105,1484,976,452
1779135276.9978852,1485,976,451
1779135277.0065134,1486,976,450
1779135277.0178697,1487,976,450
1779135277.0265582,1488,976,449
1779135277.0278182,1489,976,451
1779135277.0415123,1490,976,449
1779135277.052858,1491,976,451
1779135277.080299,1492,976,452
1779135277.081508,1493,976,454
1779135277.1053562,1494,976,455
1779135277.1065583,1495,976,457
1779135277.1079223,1496,976,459
1779135277.117822,1497,976,461
1779135277.1265244,1498,976,464
1779135277.1378427,1499,976,464
1779135277.146604,1500,976,465
1779135277.1603088,1501,976,466
1779135277.169158,1502,976,467
1779135277.1829836,1503,976,467
1779135277.1929276,1504,930,467
1779135277.1929533,1505,775,467
1779135277.2015595,1506,633,467
1779135277.2128289,1507,510,467
1779135277.221513,1508,409,467
1779135277.2353842,1509,331,465
1779135277.2440221,1510,277,464
1779135277.2554076,1511,243,462
1779135277.2642174,1512,224,460
1779135277.277913,1513,217,458
1779135277.2865667,1514,223,455
1779135277.2978227,1515,230,453
1779135277.3065188,1516,243,451
1779135277.3202934,1517,254,449
1779135277.3291168,1518,264,449
1779135277.345381,1519,271,447
1779135277.3529005,1520,277,448
1779135277.3529327,1521,276,448
1779135277.3616183,1522,271,449
1779135277.372927,1523,259,450
1779135277.3815382,1524,242,450
1779135277.3915825,1525,223,452
1779135277.4052854,1526,206,453
1779135277.4165747,1527,188,454
1779135277.4454296,1528,172,454
1779135277.4465487,1529,156,455
1779135277.470333,1530,142,455
1779135277.471563,1531,129,455
1779135277.4728112,1532,118,455
1779135277.480295,1533,108,455
1779135277.4890392,1534,98,454
1779135277.4990706,1535,91,455
1779135277.5053146,1536,89,455
1779135277.5140781,1537,88,456
1779135277.5228434,1538,89,457
1779135277.5340283,1539,91,459
1779135277.5428543,1540,97,460
1779135277.556548,1541,104,460
1779135277.5659127,1542,112,460
1779135277.594127,1543,117,460
1779135277.59531,1544,124,460
1779135277.596539,1545,131,460
1779135277.6054416,1546,135,460
1779135277.616577,1547,139,459
1779135277.62535,1548,146,459
1779135277.6390932,1549,155,460
1779135277.6479073,1550,175,461
1779135277.659079,1551,209,462
1779135277.6640625,1552,263,463
1779135277.6728604,1553,341,464
1779135277.681632,1554,447,465
1779135277.6928709,1555,574,465
1779135277.7015347,1556,718,466
1779135277.7128778,1557,868,466
1779135277.7265313,1558,976,467
1779135277.7328398,1559,976,467
1779135277.7466774,1560,976,468
1779135277.7554524,1561,976,469
1779135277.7641292,1562,976,469
1779135277.7753115,1563,976,469
1779135277.7840962,1564,976,469
1779135277.8129458,1565,976,469
1779135277.8141065,1566,976,469
1779135277.8391337,1567,976,468
1779135277.840473,1568,976,468
1779135277.8440855,1569,976,467
1779135277.8452952,1570,976,468
1779135277.8515844,1571,976,470
1779135277.8653445,1572,976,468
1779135277.8715758,1573,976,469
1779135277.8853009,1574,976,469
1779135277.8915725,1575,976,470
1779135277.905421,1576,976,469
1779135277.9140546,1577,976,469
1779135277.9228654,1578,976,469
1779135277.934115,1579,976,469
1779135277.947888,1580,975,468
1779135277.9541442,1581,975,469
1779135277.9678562,1582,848,469
1779135277.974073,1583,707,469
1779135277.9828627,1584,578,470
1779135277.9916458,1585,465,470
1779135278.0002942,1586,373,470
1779135278.014166,1587,301,469
1779135278.0228682,1588,251,470
1779135278.0315235,1589,219,468
1779135278.0453098,1590,201,467
1779135278.0515518,1591,195,466
1779135278.0653253,1592,200,464
1779135278.0740561,1593,214,463
1779135278.0828865,1594,231,460
1779135278.094162,1595,252,458
1779135278.102832,1596,274,456
1779135278.117849,1597,293,454
1779135278.1241984,1598,310,451
1779135278.1354759,1599,323,450
1779135278.1440706,1600,330,448
1779135278.1529138,1601,331,447
1779135278.1915822,1602,327,446
1779135278.1928463,1603,317,446
1779135278.2041223,1604,303,445
1779135278.2052963,1605,284,445
1779135278.206547,1606,263,445
1779135278.2366455,1607,239,445
1779135278.2378583,1608,216,445
1779135278.2390463,1609,193,446
1779135278.2528524,1610,174,446
1779135278.2540624,1611,157,446
1779135278.2691517,1612,145,446
1779135278.2779164,1613,139,447
1779135278.2915587,1614,136,448
1779135278.2983258,1615,135,449
1779135278.3065746,1616,135,450
1779135278.3115506,1617,135,451
1779135278.3203473,1618,138,452
1779135278.331725,1619,140,454
1779135278.345366,1620,147,455
1779135278.3542626,1621,154,457
1779135278.3632586,1622,162,458
1779135278.3742478,1623,168,459
1779135278.3830986,1624,175,460
1779135278.396768,1625,181,461
1779135278.4053965,1626,186,461
1779135278.41663,1627,194,462
1779135278.4254093,1628,211,462
1779135278.439142,1629,243,462
1779135278.447887,1630,297,462
1779135278.459134,1631,373,462
1779135278.4641361,1632,473,462
1779135278.4729395,1633,591,462
1779135278.481664,1634,723,462
1779135278.4929166,1635,858,462
1779135278.5016706,1636,975,461
1779135278.5154164,1637,975,462
1779135278.5241284,1638,976,462
1779135278.5516775,1639,976,462
1779135278.55292,1640,976,462
1779135278.5754619,1641,976,462
1779135278.5766165,1642,976,462
1779135278.5779464,1643,976,462
1779135278.5878685,1644,976,462
1779135278.5966268,1645,976,460
1779135278.6053963,1646,976,460
1779135278.62171,1647,976,459
1779135278.6229022,1648,975,459
1779135278.6316156,1649,975,458
1779135278.6454127,1650,976,458
1779135278.6515977,1651,976,456
1779135278.6616561,1652,975,455
1779135278.6753674,1653,924,454
1779135278.6841161,1654,814,452
1779135278.695395,1655,705,450
1779135278.7041373,1656,601,449
1779135278.7179062,1657,510,447
1779135278.7265542,1658,432,445
1779135278.7378194,1659,368,443
1779135278.7515652,1660,322,442
1779135278.7578435,1661,290,440
1779135278.771627,1662,272,438
1779135278.7778864,1663,265,437
1779135278.7865646,1664,267,437
1779135278.7915661,1665,275,436
1779135278.805333,1666,287,436
1779135278.8115733,1667,303,436
1779135278.8253367,1668,315,437
1779135278.8340716,1669,326,438
1779135278.8429148,1670,335,439
1779135278.8778496,1671,341,440
1779135278.8791058,1672,344,440
1779135278.8803568,1673,344,441
1779135278.8853905,1674,342,443
1779135278.9266632,1675,335,444
1779135278.9278505,1676,326,445
1779135278.939125,1677,312,446
1779135278.9403536,1678,297,447
1779135278.941568,1679,280,447
1779135278.9428172,1680,260,448
1779135278.9579296,1681,242,449
1779135278.9591854,1682,226,449
1779135278.972991,1683,212,451
1779135278.981588,1684,199,451
1779135278.9954658,1685,188,451
1779135279.0041783,1686,177,452
1779135279.0153334,1687,167,452
1779135279.0240996,1688,159,453
1779135279.0378778,1689,156,453
1779135279.0466037,1690,155,455
1779135279.0578325,1691,155,456
1779135279.0665824,1692,154,457
1779135279.0803254,1693,153,457
1779135279.0890732,1694,153,458
1779135279.1053197,1695,155,459
1779135279.1129024,1696,157,460
1779135279.1129208,1697,156,460
1779135279.121593,1698,154,461
1779135279.1328306,1699,152,461
1779135279.1415918,1700,154,462
1779135279.1554298,1701,161,461
1779135279.165338,1702,180,462
1779135279.1715958,1703,217,462
1779135279.1854637,1704,276,463
1779135279.1941524,1705,358,463
1779135279.2078445,1706,462,463
1779135279.2141056,1707,580,462
1779135279.2278323,1708,711,462
1779135279.2365777,1709,841,462
1779135279.2504182,1710,965,460
1779135279.259228,1711,975,460
1779135279.3042393,1712,975,459
1779135279.3053734,1713,975,459
1779135279.306616,1714,976,459
1779135279.3078172,1715,976,456
1779135279.30908,1716,976,455
1779135279.315354,1717,976,454
1779135279.3241763,1718,976,452
1779135279.3354259,1719,976,449
1779135279.3441832,1720,976,449
1779135279.3579113,1721,976,446
1779135279.3666613,1722,976,444
1779135279.3766236,1723,976,443
1779135279.3854668,1724,976,442
1779135279.3991277,1725,975,441
1779135279.4079745,1726,976,440
1779135279.4242837,1727,975,440
1779135279.4254365,1728,975,439
1779135279.4316983,1729,883,440
1779135279.440389,1730,777,440
1779135279.4566264,1731,675,440
1779135279.4579155,1732,579,440
1779135279.471585,1733,492,440
1779135279.4828844,1734,418,441
1779135279.5141056,1735,357,442
1779135279.5153487,1736,310,442
1779135279.516614,1737,278,444
1779135279.5253885,1738,259,444
1779135279.5366046,1739,247,444
1779135279.545328,1740,244,446
1779135279.5591037,1741,247,447
1779135279.5678658,1742,256,447
1779135279.5791297,1743,267,447
1779135279.5841508,1744,280,448
1779135279.5904365,1745,293,448
1779135279.604178,1746,304,449
1779135279.6103683,1747,313,450
1779135279.6241536,1748,319,451
1779135279.6554441,1749,320,451
1779135279.6566203,1750,318,452
1779135279.6766233,1751,312,453
1779135279.6778235,1752,302,454
1779135279.679143,1753,291,455
1779135279.6854446,1754,279,456
1779135279.6953843,1755,265,458
1779135279.7091875,1756,251,459
1779135279.7141266,1757,238,460
1779135279.7278457,1758,226,462
1779135279.7366338,1759,213,464
1779135279.7453682,1760,201,463
1779135279.7503896,1761,189,465
1779135279.7642205,1762,181,466
1779135279.770395,1763,174,467
1779135279.7842324,1764,168,467
1779135279.792974,1765,164,467
1779135279.8028662,1766,164,468
1779135279.8141036,1767,165,467
1779135279.822883,1768,167,467
1779135279.8366318,1769,168,465
1779135279.845443,1770,171,464
1779135279.8566275,1771,176,464
1779135279.8653803,1772,182,462
1779135279.8791535,1773,188,461
1779135279.8879817,1774,197,461
1779135279.89912,1775,207,460
1779135279.9041424,1776,222,458
1779135279.9116254,1777,245,457
1779135279.9203796,1778,284,457
1779135279.931681,1779,338,456
1779135279.945435,1780,414,455
1779135279.9516752,1781,510,455
1779135279.9653811,1782,619,455
1779135279.9715998,1783,737,454
1779135279.9854407,1784,856,452
1779135279.9942324,1785,966,453
1779135280.0404909,1786,975,450
1779135280.041614,1787,976,450
1779135280.0428677,1788,975,449
1779135280.0441089,1789,975,449
1779135280.0453606,1790,976,449
1779135280.0616279,1791,976,449
1779135280.062868,1792,975,450
1779135280.07164,1793,976,451
1779135280.0854037,1794,976,451
1779135280.0915904,1795,976,452
1779135280.105457,1796,975,453
1779135280.1165965,1797,976,455
1779135280.1254325,1798,976,457
1779135280.15927,1799,976,458
1779135280.1604207,1800,975,460
1779135280.161702,1801,975,460
1779135280.1667304,1802,972,461
1779135280.177849,1803,863,462
1779135280.1866088,1804,762,463
1779135280.2004435,1805,664,463
1779135280.2091644,1806,577,464
1779135280.2229643,1807,503,465
1779135280.2330153,1808,438,465
1779135280.2330477,1809,385,467
1779135280.2417142,1810,347,467
1779135280.2528834,1811,319,468
1779135280.261658,1812,302,469
1779135280.2754076,1813,295,470
1779135280.2842147,1814,295,471
1779135280.2954102,1815,299,472
1779135280.304149,1816,306,473
1779135280.3178961,1817,316,475
1779135280.3254428,1818,327,476
1779135280.336689,1819,338,477
1779135280.3454616,1820,348,477
1779135280.3594012,1821,355,478
1779135280.4042826,1822,359,479
1779135280.4053855,1823,359,479
1779135280.409134,1824,357,480
1779135280.4104192,1825,353,480
1779135280.411704,1826,345,480
1779135280.4129107,1827,335,480
1779135280.4279757,1828,322,480
1779135280.4291968,1829,310,480
1779135280.4467256,1830,297,479
1779135280.4529629,1831,282,480
1779135280.4667132,1832,267,479
1779135280.4754617,1833,253,479
1779135280.4841523,1834,242,478
1779135280.4953465,1835,232,477
1779135280.504138,1836,226,476
1779135280.5179248,1837,222,474
1779135280.526817,1838,221,473
1779135280.537879,1839,219,471
1779135280.5393338,1840,219,470
1779135280.5529141,1841,219,469
1779135280.5616338,1842,224,468
1779135280.5729003,1843,227,467
1779135280.5816543,1844,230,466
1779135280.5953805,1845,228,464
1779135280.6041462,1846,228,463
1779135280.615398,1847,225,462
1779135280.6242504,1848,224,461
1779135280.6380613,1849,222,460
1779135280.6455238,1850,223,459
1779135280.656624,1851,225,457
1779135280.6654942,1852,233,458
1779135280.6791837,1853,248,457
1779135280.6878982,1854,279,457
1779135280.6992276,1855,327,456
1779135280.7041316,1856,397,456
1779135280.712916,1857,487,457
1779135280.7216532,1858,597,457
1779135280.764208,1859,720,459
1779135280.765405,1860,849,459
1779135280.7666483,1861,971,460
1779135280.7678723,1862,975,462
1779135280.7942305,1863,975,464
1779135280.7954366,1864,975,465
1779135280.8104126,1865,975,467
1779135280.8116353,1866,976,468
1779135280.812911,1867,976,471
1779135280.827931,1868,975,473
1779135280.8366427,1869,976,475
1779135280.8504782,1870,976,476
1779135280.857994,1871,976,477
1779135280.8667738,1872,976,477
1779135280.8716822,1873,976,479
1779135280.8804116,1874,976,479
1779135280.8916502,1875,976,482
1779135280.9054055,1876,975,482
1779135280.9141757,1877,975,482
1779135280.9230096,1878,976,484
1779135280.934141,1879,975,484
1779135280.942916,1880,975,485
1779135280.9566567,1881,956,486
1779135280.9641304,1882,843,487
1779135280.9754143,1883,731,487
1779135280.9842653,1884,628,488
1779135280.9979131,1885,535,489
1779135281.0068643,1886,458,489
1779135281.0179274,1887,396,490
1779135281.0228868,1888,351,491
1779135281.0316665,1889,320,491
1779135281.045406,1890,305,492
1779135281.0516617,1891,301,492
1779135281.066752,1892,305,493
1779135281.0755706,1893,315,493
1779135281.0842848,1894,331,494
1779135281.0957572,1895,347,494
1779135281.1217823,1896,364,494
1779135281.1229782,1897,380,493
1779135281.1442273,1898,396,493
1779135281.145433,1899,404,492
1779135281.1466498,1900,410,492
1779135281.161662,1901,411,493
1779135281.1666272,1902,408,493
1779135281.1780064,1903,397,494
1779135281.1867385,1904,384,495
1779135281.1878958,1905,371,496
1779135281.201698,1906,359,496
1779135281.2129252,1907,345,497
1779135281.2217548,1908,333,498
1779135281.2354686,1909,319,498
1779135281.244156,1910,308,499
1779135281.255493,1911,293,499
1779135281.2691925,1912,281,499
1779135281.274212,1913,270,500
1779135281.2854428,1914,261,500
1779135281.2967944,1915,250,500
1779135281.305407,1916,241,502
1779135281.3192809,1917,231,502
1779135281.3280454,1918,220,503
1779135281.3393655,1919,210,503
1779135281.3443146,1920,204,504
1779135281.3530204,1921,199,505
1779135281.3617868,1922,194,506
1779135281.3729975,1923,190,507
1779135281.381788,1924,190,508
1779135281.3956158,1925,192,508
1779135281.4043539,1926,203,510
1779135281.4344962,1927,227,509
1779135281.4354863,1928,270,510
1779135281.4367406,1929,334,511
1779135281.4455278,1930,422,511
1779135281.4567904,1931,532,512
1779135281.4830894,1932,663,513
1779135281.484226,1933,803,513
1779135281.5093212,1934,947,513
1779135281.5105536,1935,975,512
1779135281.5180697,1936,975,512
1779135281.5192642,1937,976,512
1779135281.5204294,1938,975,512
1779135281.5317726,1939,976,513
1779135281.54551,1940,976,512
1779135281.5518389,1941,976,512
1779135281.5656104,1942,976,511
1779135281.5717611,1943,976,512
1779135281.5843952,1944,976,511
1779135281.5930088,1945,976,510
1779135281.6079435,1946,976,510
1779135281.6142714,1947,976,508
1779135281.628216,1948,976,508
1779135281.6342344,1949,976,508
1779135281.6480439,1950,976,506
1779135281.6542897,1951,976,505
1779135281.6629386,1952,976,504
1779135281.6717098,1953,976,504
1779135281.6804538,1954,976,504
1779135281.6930165,1955,976,502
1779135281.7017112,1956,933,502
1779135281.7154152,1957,801,500
1779135281.724178,1958,679,499
1779135281.735433,1959,571,498
1779135281.7442727,1960,483,496
1779135281.7579987,1961,412,495
1779135281.7667055,1962,361,493
1779135281.778031,1963,326,491
1779135281.7867033,1964,309,489
1779135281.7979524,1965,307,487
1779135281.806693,1966,315,484
1779135281.8229427,1967,332,482
1779135281.8331282,1968,352,480
1779135281.8331482,1969,375,478
1779135281.8580194,1970,398,476
1779135281.8592474,1971,417,474
1779135281.884292,1972,435,472
1779135281.8855028,1973,445,471
1779135281.8867526,1974,451,468
1779135281.8967524,1975,446,467
1779135281.9055219,1976,434,465
1779135281.9142652,1977,418,463
1779135281.9281323,1978,397,462
1779135281.9342887,1979,372,460
1779135281.9479587,1980,346,458
1779135281.9567006,1981,319,456
1779135281.9654315,1982,291,455
1779135281.976692,1983,266,454
1779135281.9904974,1984,244,454
1779135281.9905155,1985,226,454
1779135282.0016873,1986,213,454
1779135282.012949,1987,203,453
1779135282.0267682,1988,199,452
1779135282.0317147,1989,194,453
1779135282.0454361,1990,192,452
1779135282.0742183,1991,190,453
1779135282.0754313,1992,186,454
1779135282.0766659,1993,184,454
1779135282.0904438,1994,183,455
1779135282.0916736,1995,185,456
1779135282.1054327,1996,196,458
1779135282.1142108,1997,222,460
1779135282.127913,1998,268,462
1779135282.1366572,1999,338,463
1779135282.1429708,2000,436,465
1779135282.1517386,2001,559,466
1779135282.1605854,2002,700,468
1779135282.176814,2003,852,469
1779135282.1780376,2004,975,471
1779135282.1917005,2005,975,471
1779135282.228008,2006,976,472
1779135282.2291877,2007,976,472
1779135282.2517068,2008,976,473
1779135282.2529478,2009,976,476
1779135282.2541666,2010,976,475
1779135282.2554228,2011,976,475
1779135282.2654767,2012,976,476
1779135282.279279,2013,976,477
1779135282.2844229,2014,976,476
1779135282.3004365,2015,976,476
1779135282.310474,2016,976,476
1779135282.3105001,2017,976,477
1779135282.3219397,2018,976,476
1779135282.3330526,2019,976,475
1779135282.34182,2020,976,474
1779135282.3555229,2021,976,474
1779135282.3644385,2022,976,475
1779135282.3755412,2023,976,472
1779135282.3843644,2024,976,472
1779135282.3981097,2025,976,471
1779135282.40681,2026,976,470
1779135282.4193203,2027,976,470
1779135282.4280648,2028,976,470
1779135282.4367242,2029,975,467
1779135282.4505973,2030,922,465
1779135282.4593365,2031,795,464
1779135282.474593,2032,678,462
1779135282.474655,2033,575,460
1779135282.482996,2034,492,457
1779135282.4942987,2035,428,455
1779135282.5030665,2036,379,453
1779135282.5167987,2037,345,451
1779135282.526826,2038,325,450
1779135282.5330222,2039,312,448
1779135282.547009,2040,306,447
1779135282.555782,2041,304,446
1779135282.5919416,2042,306,445
1779135282.592976,2043,307,443
1779135282.6143742,2044,307,443
1779135282.6155164,2045,304,442
1779135282.616758,2046,298,441
1779135282.6179779,2047,288,440
1779135282.6279833,2048,275,440
1779135282.6368423,2049,259,439
1779135282.637973,2050,245,439
1779135282.65429,2051,231,439
1779135282.6631272,2052,221,439
1779135282.6717882,2053,212,438
1779135282.6855233,2054,203,439
1779135282.7143168,2055,194,440
1779135282.715532,2056,189,441
1779135282.7167485,2057,183,441
1779135282.7318447,2058,180,443
1779135282.73299,2059,178,444
1779135282.7480407,2060,178,444
1779135282.7567759,2061,177,444
1779135282.765524,2062,178,446
1779135282.7768419,2063,176,447
1779135282.7919474,2064,174,448
1779135282.7919843,2065,172,449
1779135282.8005822,2066,172,450
1779135282.8118138,2067,176,451
1779135282.8204885,2068,190,452
1779135282.8342814,2069,222,454
1779135282.843016,2070,278,455
1779135282.8542185,2071,359,456
1779135282.862969,2072,473,457
1779135282.8766823,2073,610,459
1779135282.8856862,2074,771,460
1779135282.896773,2075,940,462
1779135282.9055502,2076,975,462
1779135282.919309,2077,976,462
1779135282.9280016,2078,976,463
1779135282.9819121,2079,976,465
1779135282.983092,2080,976,466
1779135282.9843469,2081,976,466
1779135282.9855459,2082,976,468
1779135282.9867132,2083,976,467
1779135282.9880493,2084,976,467
1779135282.995576,2085,976,468
1779135283.0042381,2086,976,467
1779135283.0155356,2087,976,467
1779135283.0243309,2088,976,467
1779135283.038076,2089,976,468
1779135283.0468414,2090,976,466
1779135283.0580206,2091,976,466
1779135283.0668263,2092,976,466
1779135283.0805056,2093,976,464
1779135283.0892603,2094,976,463
1779135283.1054745,2095,976,463
1779135283.111742,2096,976,461
1779135283.1117568,2097,976,461
1779135283.120472,2098,976,460
1779135283.1367323,2099,976,459
1779135283.1381247,2100,976,459
1779135283.1543,2101,976,457
1779135283.163097,2102,976,456
1779135283.174248,2103,861,455
1779135283.1829994,2104,729,455
1779135283.1968093,2105,608,453
1779135283.2055469,2106,508,451
1779135283.2167606,2107,424,450
1779135283.2255657,2108,361,449
1779135283.2393277,2109,315,448
1779135283.2481174,2110,284,447
1779135283.256932,2111,264,446
1779135283.2656064,2112,255,445
1779135283.2704933,2113,252,445
1779135283.2844105,2114,255,444
1779135283.290518,2115,257,444
1779135283.316834,2116,260,444
1779135283.3180087,2117,260,443
1779135283.3569212,2118,257,443
1779135283.3580425,2119,253,442
1779135283.3831296,2120,247,443
1779135283.3842697,2121,238,442
1779135283.385561,2122,230,443
1779135283.3868115,2123,221,443
1779135283.3880677,2124,215,443
1779135283.4030423,2125,208,443
1779135283.404311,2126,203,444
1779135283.4155598,2127,198,445
1779135283.4305596,2128,191,446
1779135283.4305782,2129,183,448
1779135283.4443603,2130,174,449
1779135283.450486,2131,165,451
1779135283.4605632,2132,155,453
1779135283.4743214,2133,145,455
1779135283.4830854,2134,135,455
1779135283.4943173,2135,126,456
1779135283.5030603,2136,120,458
1779135283.5167692,2137,114,459
1779135283.5255988,2138,111,460
1779135283.5367208,2139,112,461
1779135283.545562,2140,120,463
1779135283.559322,2141,134,464
1779135283.5679953,2142,162,466
1779135283.57937,2143,206,467
1779135283.5843153,2144,275,469
1779135283.5929728,2145,374,471
1779135283.601704,2146,503,472
1779135283.6129565,2147,657,473
1779135283.6217349,2148,828,475
1779135283.635519,2149,975,475
1779135283.6442964,2150,976,476
1779135283.655501,2151,976,478
1779135283.6643426,2152,976,480
1779135283.7105732,2153,976,481
1779135283.7117755,2154,976,481
1779135283.712989,2155,976,483
1779135283.714329,2156,976,483
1779135283.715615,2157,976,484
1779135283.7292864,2158,976,484
1779135283.737984,2159,976,484
1779135283.7530336,2160,976,483
1779135283.7530556,2161,976,483
1779135283.7630794,2162,976,482
1779135283.7743073,2163,976,481
1779135283.7880664,2164,976,480
1779135283.7930207,2165,976,477
1779135283.8067784,2166,976,475
1779135283.813041,2167,976,473
1779135283.8268785,2168,976,471
1779135283.8406022,2169,976,471
1779135283.8455977,2170,976,468
1779135283.865608,2171,976,466
1779135283.8668454,2172,976,466
1779135283.8806472,2173,976,464
1779135283.889369,2174,976,464
1779135283.9005826,2175,896,463
1779135283.9143648,2176,751,461
1779135283.9143836,2177,618,460
1779135283.9230795,2178,504,458
1779135283.9367397,2179,408,455
1779135283.9430442,2180,333,455
1779135283.9567628,2181,276,453
1779135283.9656527,2182,236,452
1779135283.9943058,2183,212,451
1779135283.9954958,2184,201,450
1779135283.9967647,2185,198,448
1779135284.0068586,2186,200,449
1779135284.0156043,2187,205,448
1779135284.027086,2188,212,448
1779135284.071847,2189,216,448
1779135284.0731046,2190,219,450
1779135284.0868325,2191,219,451
1779135284.0893974,2192,216,452
1779135284.089417,2193,208,454
1779135284.0905793,2194,200,455
1779135284.0918906,2195,190,456
1779135284.107995,2196,178,457
1779135284.1092212,2197,166,458
1779135284.1230295,2198,154,460
1779135284.1367319,2199,142,460
1779135284.1430693,2200,132,459
1779135284.1568077,2201,123,460
1779135284.1655023,2202,116,461
1779135284.1780014,2203,111,461
1779135284.1842985,2204,108,462
1779135284.1979835,2205,106,463
1779135284.2067788,2206,105,463
1779135284.2204998,2207,107,463
1779135284.2318463,2208,108,463
1779135284.2318804,2209,110,463
1779135284.240515,2210,113,463
1779135284.2542892,2211,115,464
1779135284.2605112,2212,119,464
1779135284.2743754,2213,123,464
1779135284.2880392,2214,132,464
1779135284.2943075,2215,151,465
1779135284.3055158,2216,188,465
1779135284.3143568,2217,248,466
1779135284.3280847,2218,339,466
1779135284.3368134,2219,461,467
1779135284.3480906,2220,612,467
1779135284.3568172,2221,783,467
1779135284.3705893,2222,963,467
1779135284.3792965,2223,976,468
1779135284.3907146,2224,976,468
1779135284.404555,2225,976,468
1779135284.404607,2226,976,469
1779135284.4480534,2227,976,469
1779135284.4492576,2228,976,469
1779135284.4505045,2229,976,470
1779135284.4518309,2230,976,471
1779135284.4530127,2231,976,470
1779135284.4693296,2232,976,470
1779135284.4705067,2233,976,469
1779135284.484414,2234,976,470
1779135284.4957058,2235,976,469
1779135284.5068786,2236,976,468
1779135284.5156345,2237,976,468
1779135284.52933,2238,976,467
1779135284.5381234,2239,976,466
1779135284.5545683,2240,976,465
1779135284.5546246,2241,976,465
1779135284.5631795,2242,976,464
1779135284.5718026,2243,976,463
1779135284.5831301,2244,976,463
1779135284.5919728,2245,976,462
1779135284.6031542,2246,976,461
1779135284.6343393,2247,976,460
1779135284.6355262,2248,975,460
1779135284.636842,2249,825,459
1779135284.6468565,2250,675,458
1779135284.6555502,2251,541,457
1779135284.6668415,2252,431,456
1779135284.6755297,2253,344,456
1779135284.6892462,2254,280,455
1779135284.6980302,2255,236,455
1779135284.72316,2256,212,455
1779135284.723179,2257,200,455
1779135284.7243435,2258,198,456
1779135284.7331095,2259,201,456
1779135284.7443752,2260,210,457
1779135284.753038,2261,219,458
1779135284.767023,2262,226,459
1779135284.8155801,2263,231,460
1779135284.816842,2264,236,460
1779135284.820535,2265,237,461
1779135284.8218489,2266,234,463
1779135284.8230362,2267,227,462
1779135284.824274,2268,218,463
1779135284.8392837,2269,207,463
1779135284.8480203,2270,198,463
1779135284.861846,2271,188,462
1779135284.873079,2272,177,462
1779135284.8730912,2273,166,462
1779135284.8818505,2274,155,462
1779135284.890562,2275,146,462
1779135284.9019349,2276,137,463
1779135284.915615,2277,130,463
1779135284.9243891,2278,125,464
1779135284.9330761,2279,118,464
1779135284.944373,2280,112,465
1779135284.9530272,2281,108,464
1779135284.9668636,2282,104,465
1779135284.975622,2283,104,466
1779135284.9869328,2284,107,466
1779135284.9955287,2285,112,467
1779135285.0092795,2286,124,467
1779135285.0180624,2287,146,467
1779135285.034313,2288,187,467
1779135285.0343242,2289,251,467
1779135285.0430317,2290,348,467
1779135285.051845,2291,477,466
1779135285.0630105,2292,635,465
1779135285.07185,2293,814,464
1779135285.0855334,2294,975,463
1779135285.0942917,2295,976,460
1779135285.1055298,2296,976,459
1779135285.1142783,2297,976,458
1779135285.128027,2298,976,457
1779135285.1368275,2299,976,456
1779135285.1670127,2300,976,455
1779135285.168002,2301,976,455
1779135285.1931324,2302,976,455
1779135285.1943877,2303,976,456
1779135285.216993,2304,976,454
1779135285.2170491,2305,976,452
1779135285.2180166,2306,976,452
1779135285.219256,2307,976,451
1779135285.2205026,2308,976,451
1779135285.2355382,2309,976,451
1779135285.2430365,2310,976,450
1779135285.2768857,2311,976,449
1779135285.2780542,2312,976,447
1779135285.279326,2313,976,446
1779135285.28431,2314,976,445
1779135285.29819,2315,976,445
1779135285.3042896,2316,976,445
1779135285.318088,2317,976,444
1779135285.3243287,2318,976,444
1779135285.3405678,2319,947,445
1779135285.3519955,2320,784,445
1779135285.3520412,2321,630,446
1779135285.360738,2322,497,446
1779135285.3744206,2323,386,447
1779135285.3805742,2324,299,447
1779135285.394353,2325,235,448
1779135285.4030492,2326,190,449
1779135285.4168704,2327,165,449
1779135285.4230547,2328,156,450
1779135285.4368877,2329,159,451
1779135285.4469235,2330,169,451
1779135285.4557016,2331,182,451
1779135285.4672296,2332,193,451
1779135285.480577,2333,204,452
1779135285.4895482,2334,212,451
1779135285.5031762,2335,219,452
1779135285.5480669,2336,222,453
1779135285.549337,2337,223,453
1779135285.5493655,2338,219,453
1779135285.5568705,2339,214,454
1779135285.5580547,2340,207,455
1779135285.55929,2341,196,455
1779135285.5605357,2342,184,455
1779135285.574361,2343,171,456
1779135285.5855772,2344,158,456
1779135285.5943806,2345,146,455
1779135285.6080709,2346,134,457
1779135285.6168811,2347,123,456
1779135285.6280634,2348,114,456
1779135285.6420164,2349,107,456
1779135285.6506207,2350,103,456
1779135285.659311,2351,99,455
1779135285.6755555,2352,99,456
1779135285.676817,2353,103,456
1779135285.6768324,2354,109,455
1779135285.6905503,2355,115,455
1779135285.7018487,2356,119,455
1779135285.7105653,2357,121,455
1779135285.7243128,2358,123,455
1779135285.7331614,2359,125,455
1779135285.7443094,2360,129,455
1779135285.7555695,2361,135,455
1779135285.7643487,2362,147,455
1779135285.7780595,2363,169,454
1779135285.7842789,2364,211,454
1779135285.7982082,2365,283,454
1779135285.8069062,2366,391,454
1779135285.8206103,2367,533,454
1779135285.8318675,2368,705,454
1779135285.8318913,2369,895,453
1779135285.8455548,2370,976,452
1779135285.8505514,2371,976,453
1779135285.8643117,2372,976,451
1779135285.873089,2373,976,451
1779135285.9255805,2374,976,449
1779135285.926824,2375,976,450
1779135285.9518943,2376,976,448
1779135285.9530485,2377,976,448
1779135285.960572,2378,976,447
1779135285.9618728,2379,976,447
1779135285.9630356,2380,976,445
1779135285.9642825,2381,976,445
1779135285.9655342,2382,976,443
1779135285.9793663,2383,976,442
1779135285.9955864,2384,976,443
1779135285.996935,2385,976,441
1779135285.9969616,2386,976,440
1779135286.0105264,2387,976,440
1779135286.0218532,2388,976,440
1779135286.0305648,2389,976,440
1779135286.0444045,2390,976,441
1779135286.0531616,2391,976,440
1779135286.0668674,2392,976,441
1779135286.0718758,2393,976,441
1779135286.085667,2394,976,442
1779135286.0944064,2395,976,445
1779135286.105559,2396,976,445
1779135286.1142988,2397,976,447
1779135286.1280658,2398,976,448
1779135286.136868,2399,976,451
1779135286.153169,2400,897,451
1779135286.1619298,2401,729,452
1779135286.1619573,2402,577,454
1779135286.1742852,2403,450,454
1779135286.1805594,2404,348,455
1779135286.194299,2405,270,455
1779135286.2030659,2406,215,456
1779135286.2118742,2407,179,457
1779135286.2230725,2408,159,458
1779135286.231848,2409,150,460
1779135286.2569454,2410,148,461
1779135286.258083,2411,151,462
1779135286.2831666,2412,155,463
1779135286.284304,2413,160,465
1779135286.2980697,2414,163,466
1779135286.2993371,2415,164,467
1779135286.3156338,2416,164,468
1779135286.316874,2417,160,470
1779135286.3169,2418,155,470
1779135286.3308682,2419,148,471
1779135286.341925,2420,140,472
1779135286.3506472,2421,131,472
1779135286.3645234,2422,124,472
1779135286.3734093,2423,119,473
1779135286.3843951,2424,112,473
1779135286.3931904,2425,109,473
1779135286.4068696,2426,109,472
1779135286.415584,2427,108,473
1779135286.426843,2428,109,473
1779135286.4356828,2429,112,472
1779135286.4494133,2430,118,472
1779135286.4581041,2431,126,471
1779135286.4743843,2432,133,470
1779135286.4744039,2433,140,469
1779135286.4830682,2434,148,468
1779135286.499325,2435,153,468
1779135286.500543,2436,159,467
1779135286.515574,2437,163,467
1779135286.5243442,2438,167,466
1779135286.5546134,2439,175,465
1779135286.5557299,2440,191,464
1779135286.5570078,2441,226,462
1779135286.5668273,2442,285,462
1779135286.575569,2443,373,462
1779135286.586827,2444,495,462
1779135286.6005976,2445,647,461
1779135286.6057482,2446,822,461
1779135286.65435,2447,976,460
1779135286.6568742,2448,976,459
1779135286.6568892,2449,976,459
1779135286.6580617,2450,976,459
1779135286.6593199,2451,976,458
1779135286.6606536,2452,976,459
1779135286.675554,2453,976,458
1779135286.6842957,2454,976,459
1779135286.69309,2455,976,459
1779135286.704318,2456,976,458
1779135286.7143466,2457,976,458
1779135286.7280762,2458,976,460
1779135286.7342966,2459,976,458
1779135286.745594,2460,976,460
1779135286.7543423,2461,976,462
1779135286.7681386,2462,976,462
1779135286.777156,2463,976,463
1779135286.7931118,2464,976,464
1779135286.8018613,2465,976,465
1779135286.8018763,2466,976,464
1779135286.8106313,2467,976,465
1779135286.8231592,2468,976,465
1779135286.8319602,2469,976,463
1779135286.845734,2470,976,462
1779135286.8543453,2471,976,463
1779135286.8655972,2472,976,462
1779135286.8743422,2473,976,461
1779135286.8880825,2474,976,461
1779135286.8968985,2475,971,460
1779135286.9080892,2476,818,461
1779135286.9168441,2477,687,459
1779135286.9280705,2478,578,459
1779135286.9418418,2479,490,458
1779135286.953364,2480,420,457
1779135286.9533818,2481,367,456
1779135286.9618058,2482,327,455
1779135286.9705827,2483,299,455
1779135287.0257285,2484,280,455
1779135287.0306797,2485,266,455
1779135287.031866,2486,256,455
1779135287.0332084,2487,248,455
1779135287.0344157,2488,241,455
1779135287.0356562,2489,236,454
1779135287.050688,2490,233,455
1779135287.0519445,2491,227,455
1779135287.0680892,2492,220,455
1779135287.076844,2493,210,455
1779135287.085687,2494,198,455
1779135287.099342,2495,184,455
1779135287.1156356,2496,172,454
1779135287.11687,2497,159,454
1779135287.1168833,2498,149,453
1779135287.1319077,2499,138,453
1779135287.1431983,2500,131,452
1779135287.1570246,2501,125,453
1779135287.161963,2502,121,453
1779135287.1946068,2503,118,454
1779135287.1956944,2504,113,454
1779135287.1969364,2505,109,454
1779135287.2068255,2506,107,453
1779135287.2156518,2507,103,453
1779135287.2268224,2508,102,453
1779135287.2381086,2509,101,453
1779135287.2468567,2510,102,452
1779135287.2606323,2511,107,452
1779135287.2719457,2512,118,451
1779135287.2719862,2513,145,450
1779135287.2806313,2514,197,450
1779135287.2944229,2515,280,450
1779135287.3031077,2516,398,449
1779135287.311873,2517,549,449
1779135287.3256552,2518,724,449
1779135287.334441,2519,917,448
1779135287.3431697,2520,976,448
1779135287.3869205,2521,976,447
1779135287.3881643,2522,976,447
1779135287.3893921,2523,976,447
1779135287.3906724,2524,976,447
1779135287.398197,2525,976,447
1779135287.406964,2526,976,446
1779135287.4207015,2527,976,446
1779135287.432089,2528,976,446
1779135287.4321282,2529,976,446
1779135287.4445372,2530,976,448
1779135287.4532907,2531,976,448
1779135287.4644697,2532,976,448
1779135287.473387,2533,976,447
1779135287.4869125,2534,976,448
1779135287.495711,2535,976,449
1779135287.5069451,2536,976,450
1779135287.5158188,2537,976,451
1779135287.5294678,2538,976,452
1779135287.5381858,2539,976,453
1779135287.5481431,2540,976,452
1779135287.556919,2541,976,452
1779135287.5706522,2542,976,451
1779135287.584424,2543,976,453
1779135287.5907614,2544,976,451
1779135287.6044853,2545,976,451
1779135287.6044998,2546,898,451
1779135287.6131067,2547,739,450
1779135287.6244318,2548,593,449
1779135287.6331465,2549,468,449
1779135287.647126,2550,366,448
1779135287.656957,2551,284,447
1779135287.6631908,2552,224,447
1779135287.6770308,2553,186,446
1779135287.6855779,2554,163,446
1779135287.6993868,2555,154,445
1779135287.7056005,2556,152,445
1779135287.7544065,2557,154,444
1779135287.7556162,2558,159,444
1779135287.75685,2559,166,444
1779135287.7619257,2560,172,444
1779135287.763188,2561,179,443
1779135287.763224,2562,183,443
1779135287.7770634,2563,184,443
1779135287.7831333,2564,182,442
1779135287.7968519,2565,179,442
1779135287.8031402,2566,176,441
1779135287.8344033,2567,167,441
1779135287.8356864,2568,157,441
1779135287.8369367,2569,144,440
1779135287.8468697,2570,132,440
1779135287.855763,2571,120,439
1779135287.8656404,2572,110,439
1779135287.874356,2573,99,438
1779135287.8882122,2574,93,438
1779135287.8969636,2575,86,438
1779135287.913135,2576,82,439
1779135287.921903,2577,80,440
1779135287.9219363,2578,81,439
1779135287.930611,2579,84,440
1779135287.9419136,2580,86,440
1779135287.9506562,2581,88,440
1779135287.9644814,2582,89,441
1779135287.9746099,2583,88,441
1779135287.9832292,2584,89,441
1779135287.992023,2585,94,441
1779135288.005729,2586,109,442
1779135288.0143745,2587,137,443
1779135288.0256,2588,188,443
1779135288.0343812,2589,272,444
1779135288.0481148,2590,388,445
1779135288.0568655,2591,536,446
1779135288.073234,2592,706,447
1779135288.1044796,2593,892,447
1779135288.1044981,2594,975,448
1779135288.1056995,2595,976,449
1779135288.1282153,2596,976,449
1779135288.1293883,2597,976,450
1779135288.1306307,2598,976,451
1779135288.1318645,2599,976,451
1779135288.1481586,2600,976,452
1779135288.149361,2601,976,452
1779135288.1631393,2602,976,454
1779135288.1768954,2603,976,454
1779135288.183119,2604,976,452
1779135288.1944563,2605,976,453
1779135288.203203,2606,976,453
1779135288.2168653,2607,976,453
1779135288.2332168,2608,976,454
1779135288.2419224,2609,976,454
1779135288.241934,2610,976,454
1779135288.250617,2611,976,455
1779135288.2618837,2612,976,455
1779135288.2706668,2613,976,455
1779135288.2843788,2614,976,455
1779135288.293163,2615,976,456
1779135288.3031664,2616,976,456
1779135288.3118725,2617,976,457
1779135288.3257062,2618,976,458
1779135288.3344302,2619,878,459
1779135288.34574,2620,720,461
1779135288.3547256,2621,574,461
1779135288.368182,2622,449,462
1779135288.3769596,2623,344,462
1779135288.3932936,2624,262,462
1779135288.4020152,2625,204,462
1779135288.4109218,2626,169,463
1779135288.4109566,2627,153,463
1779135288.42199,2628,152,463
1779135288.4356813,2629,158,463
1779135288.4420044,2630,171,463
1779135288.474481,2631,186,463
1779135288.475647,2632,202,463
1779135288.5007296,2633,214,462
1779135288.5018654,2634,223,463
1779135288.5270224,2635,225,462
1779135288.5282142,2636,224,462
1779135288.5294297,2637,219,462
1779135288.530667,2638,211,462
1779135288.5446534,2639,200,462
1779135288.5507627,2640,188,462
1779135288.564545,2641,175,463
1779135288.573255,2642,164,463
1779135288.5733063,2643,154,464
1779135288.5845122,2644,145,464
1779135288.593265,2645,136,464
1779135288.6094208,2646,129,464
1779135288.6106534,2647,123,464
1779135288.6270049,2648,118,464
1779135288.6358747,2649,114,465
1779135288.6446834,2650,112,466
1779135288.6582263,2651,111,466
1779135288.6644893,2652,110,467
1779135288.678291,2653,109,467
1779135288.6870556,2654,109,467
1779135288.7009175,2655,109,467
1779135288.712259,2656,112,467
1779135288.7123258,2657,113,467
1779135288.720842,2658,117,468
1779135288.7348619,2659,121,467
1779135288.7407308,2660,129,468
1779135288.754434,2661,142,467
1779135288.7631557,2662,172,469
1779135288.7769506,2663,225,469
1779135288.7831883,2664,313,469
1779135288.7969038,2665,431,470
1779135288.8056693,2666,575,470
1779135288.8344736,2667,740,471
1779135288.8357432,2668,911,471
1779135288.8619208,2669,976,472
1779135288.8669283,2670,976,472
1779135288.8681471,2671,976,474
1779135288.8706791,2672,976,473
1779135288.8707128,2673,976,473
1779135288.885754,2674,976,475
1779135288.8907263,2675,976,474
1779135288.9069958,2676,976,475
1779135288.9081988,2677,976,476
1779135288.9219391,2678,976,476
1779135288.933256,2679,976,476
1779135288.9444857,2680,976,476
1779135288.9532645,2681,976,478
1779135288.966963,2682,976,479
1779135288.9757466,2683,976,478
1779135288.987146,2684,976,479
1779135288.9957201,2685,976,478
1779135289.0094125,2686,976,479
1779135289.0182297,2687,976,478
1779135289.036961,2688,976,479
1779135289.0369756,2689,976,477
1779135289.0382564,2690,975,477
1779135289.0519516,2691,836,476
1779135289.0632675,2692,694,475
1779135289.0719168,2693,563,473
1779135289.085676,2694,447,472
1779135289.119428,2695,351,471
1779135289.120635,2696,276,470
1779135289.1218932,2697,218,468
1779135289.1231546,2698,182,467
1779135289.1369407,2699,160,465
1779135289.1457527,2700,155,465
1779135289.1545625,2701,159,464
1779135289.1682081,2702,174,463
1779135289.176927,2703,194,462
1779135289.2144237,2704,216,462
1779135289.2156777,2705,235,460
1779135289.2157004,2706,255,459
1779135289.2319,2707,268,458
1779135289.233137,2708,279,458
1779135289.2343664,2709,281,456
1779135289.2444096,2710,281,457
1779135289.2531283,2711,275,455
1779135289.2643974,2712,267,456
1779135289.2732344,2713,252,455
1779135289.2870016,2714,238,455
1779135289.2956681,2715,222,455
1779135289.3069909,2716,207,455
1779135289.3209627,2717,191,455
1779135289.3257608,2718,176,455
1779135289.3394563,2719,160,455
1779135289.3582456,2720,145,455
1779135289.3594651,2721,131,453
1779135289.3594856,2722,119,454
1779135289.373195,2723,109,452
1779135289.384476,2724,105,455
1779135289.393207,2725,102,454
1779135289.4069505,2726,100,455
1779135289.4157283,2727,98,455
1779135289.4270382,2728,99,456
1779135289.4356768,2729,99,455
1779135289.449417,2730,103,457
1779135289.4594107,2731,108,456
1779135289.4656703,2732,115,458
1779135289.4794006,2733,120,457
1779135289.4881694,2734,128,459
1779135289.5019486,2735,141,460
1779135289.5132122,2736,166,461
1779135289.5132322,2737,209,460
1779135289.521922,2738,278,462
1779135289.530663,2739,376,462
1779135289.5419676,2740,502,464
1779135289.5507298,2741,650,463
1779135289.5756702,2742,811,466
1779135289.5768979,2743,969,464
1779135289.6020079,2744,976,466
1779135289.6031802,2745,976,465
1779135289.6120214,2746,976,467
1779135289.613183,2747,976,466
1779135289.624431,2748,976,467
1779135289.633183,2749,976,466
1779135289.6470234,2750,976,467
1779135289.6556556,2751,976,467
1779135289.6712513,2752,976,468
1779135289.684424,2753,976,467
1779135289.690687,2754,976,468
1779135289.69072,2755,976,467
1779135289.7018998,2756,976,468
1779135289.7106829,2757,976,468
1779135289.7244203,2758,976,470
1779135289.7569659,2759,976,468
1779135289.758165,2760,976,469
1779135289.7593958,2761,976,468
1779135289.7606428,2762,976,469
1779135289.7757595,2763,976,469
1779135289.7819474,2764,976,469
1779135289.7956853,2765,971,468
1779135289.8044317,2766,816,470
1779135289.818172,2767,674,468
1779135289.8345072,2768,546,469
1779135289.834525,2769,434,468
1779135289.8431814,2770,344,468
1779135289.8519313,2771,275,467
1779135289.8631997,2772,229,468
1779135289.8719435,2773,204,467
1779135289.8871608,2774,197,467
1779135289.893241,2775,202,467
1779135289.9044576,2776,217,467
1779135289.9132318,2777,238,466
1779135289.9407573,2778,262,467
1779135289.941967,2779,285,466
1779135289.9669678,2780,305,466
1779135289.968256,2781,321,465
1779135289.9868987,2782,333,466
1779135289.9881525,2783,339,465
1779135289.9906762,2784,340,465
1779135290.005722,2785,336,464
1779135290.010727,2786,327,464
1779135290.0107474,2787,316,464
1779135290.021921,2788,303,464
1779135290.0306816,2789,287,463
1779135290.0443995,2790,273,463
1779135290.0531914,2791,258,462
1779135290.0644627,2792,240,461
1779135290.0781965,2793,224,460
1779135290.08317,2794,209,460
1779135290.0982525,2795,198,460
1779135290.104516,2796,188,460
1779135290.1181796,2797,177,460
1779135290.1270947,2798,169,459
1779135290.1407568,2799,163,458
1779135290.152072,2800,160,457
1779135290.15211,2801,159,456
1779135290.1606925,2802,161,456
1779135290.1746755,2803,163,455
1779135290.1806998,2804,167,455
1779135290.195784,2805,172,454
1779135290.204447,2806,183,453
1779135290.2133098,2807,204,452
1779135290.2245157,2808,242,452
1779135290.2332869,2809,304,451
1779135290.2472036,2810,396,451
1779135290.2556756,2811,516,451
1779135290.2669811,2812,658,451
1779135290.280755,2813,815,450
1779135290.2857518,2814,970,450
1779135290.3107255,2815,976,448
1779135290.3333013,2816,976,448
1779135290.3345253,2817,976,448
1779135290.3345695,2818,976,448
1779135290.335702,2819,976,447
1779135290.3519936,2820,976,447
1779135290.3532312,2821,976,447
1779135290.3621535,2822,976,448
1779135290.3946278,2823,976,448
1779135290.395767,2824,976,446
1779135290.3969738,2825,976,446
1779135290.4059594,2826,976,446
1779135290.414539,2827,976,445
1779135290.4257975,2828,976,445
1779135290.4345586,2829,976,445
1779135290.4483604,2830,976,446
1779135290.457084,2831,976,445
1779135290.473259,2832,976,445
1779135290.4820278,2833,976,445
1779135290.4907706,2834,975,444
1779135290.4908085,2835,968,444
1779135290.5020676,2836,816,444
1779135290.510802,2837,678,445
1779135290.524552,2838,553,444
1779135290.5334115,2839,448,443
1779135290.5445268,2840,363,443
1779135290.5533047,2841,300,441
1779135290.567174,2842,259,441
1779135290.5758622,2843,234,441
1779135290.5871716,2844,225,440
1779135290.595788,2845,227,440
1779135290.6095574,2846,237,440
1779135290.6182723,2847,252,439
1779135290.6346967,2848,268,439
1779135290.6347468,2849,285,438
1779135290.6432912,2850,299,438
1779135290.6521795,2851,311,438
1779135290.6907146,2852,317,438
1779135290.6919491,2853,321,437
1779135290.7008188,2854,319,437
1779135290.7020555,2855,315,437
1779135290.7032826,2856,307,436
1779135290.719534,2857,297,436
1779135290.7245302,2858,283,436
1779135290.7382376,2859,268,435
1779135290.7444432,2860,252,435
1779135290.7582252,2861,235,435
1779135290.7669744,2862,218,434
1779135290.7809489,2863,206,433
1779135290.792034,2864,196,432
1779135290.7920597,2865,190,432
1779135290.8008635,2866,185,432
1779135290.8169417,2867,182,432
1779135290.81827,2868,177,432
1779135290.8332386,2869,174,432
1779135290.842016,2870,171,431
1779135290.8558056,2871,170,431
1779135290.862004,2872,168,431
1779135290.8757317,2873,166,431
1779135290.8844929,2874,163,431
1779135290.8983932,2875,164,431
1779135290.9044816,2876,166,431
1779135290.918282,2877,174,431
1779135290.9270377,2878,192,430
1779135290.9407291,2879,228,430
1779135290.9519823,2880,288,431
1779135290.9520068,2881,380,431
1779135290.9607384,2882,507,432
1779135290.9745595,2883,656,432
1779135290.9832916,2884,826,432
1779135290.9919848,2885,975,431
1779135291.0057147,2886,976,431
1779135291.0369563,2887,976,431
1779135291.0381927,2888,976,431
1779135291.0632222,2889,976,432
1779135291.0644746,2890,976,431
1779135291.083294,2891,976,432
1779135291.0845122,2892,976,432
1779135291.0857556,2893,976,431
1779135291.0869937,2894,976,433
1779135291.1008463,2895,976,433
1779135291.1120007,2896,976,433
1779135291.1120214,2897,976,434
1779135291.1207983,2898,976,434
1779135291.1344583,2899,976,435
1779135291.1407177,2900,976,435
1779135291.153394,2901,976,436
1779135291.1620595,2902,976,436
1779135291.1759613,2903,976,436
1779135291.1821387,2904,976,437
1779135291.1957588,2905,976,439
1779135291.204478,2906,976,438
1779135291.2182186,2907,976,438
1779135291.2244709,2908,976,440
1779135291.2382112,2909,976,440
1779135291.2494833,2910,976,440
1779135291.2632275,2911,976,441
1779135291.271998,2912,975,441
1779135291.2857695,2913,819,441
1779135291.2858083,2914,681,443
1779135291.2908287,2915,559,443
1779135291.3019652,2916,458,443
1779135291.3157985,2917,376,443
1779135291.322068,2918,316,444
1779135291.335863,2919,274,444
1779135291.342024,2920,248,444
1779135291.354738,2921,236,444
1779135291.363279,2922,231,445
1779135291.3770113,2923,230,445
1779135291.3832462,2924,231,446
1779135291.4282653,2925,234,446
1779135291.4296079,2926,239,447
1779135291.430733,2927,242,447
1779135291.4332347,2928,243,448
1779135291.443277,2929,241,448
1779135291.4432955,2930,238,448
1779135291.451944,2931,233,448
1779135291.4619868,2932,226,448
1779135291.4708986,2933,218,448
1779135291.4844716,2934,209,448
1779135291.4932365,2935,199,448
1779135291.5045679,2936,190,448
1779135291.5133212,2937,181,447
1779135291.5269861,2938,174,446
1779135291.5357316,2939,168,446
1779135291.5469549,2940,163,445
1779135291.5557365,2941,158,445
1779135291.5657194,2942,155,446
1779135291.5795116,2943,152,446
1779135291.5908275,2944,151,445
1779135291.599574,2945,149,444
1779135291.613336,2946,147,445
1779135291.613347,2947,145,446
1779135291.624466,2948,144,446
1779135291.6382368,2949,142,446
1779135291.6432247,2950,144,447
1779135291.6775846,2951,151,447
1779135291.678289,2952,168,447
1779135291.6794605,2953,206,448
1779135291.6894588,2954,271,449
1779135291.6957414,2955,371,449
1779135291.706979,2956,504,450
1779135291.7158325,2957,662,451
1779135291.7296188,2958,840,451
1779135291.7381985,2959,976,451
1779135291.7547085,2960,976,452
1779135291.75473,2961,976,452
1779135291.7873473,2962,976,453
1779135291.7882288,2963,976,454
1779135291.8044705,2964,976,455
1779135291.8057055,2965,976,455
1779135291.806945,2966,976,455
1779135291.8207448,2967,976,456
1779135291.821988,2968,976,457
1779135291.83699,2969,976,458
1779135291.8457503,2970,976,458
1779135291.854491,2971,976,460
1779135291.8657398,2972,976,460
1779135291.8745039,2973,976,461
1779135291.8857403,2974,976,462
1779135291.8995054,2975,976,463
1779135291.9157577,2976,976,464
1779135291.917004,2977,976,465
1779135291.9307165,2978,976,466
1779135291.9307282,2979,976,466
1779135291.942009,2980,976,466
1779135291.9507127,2981,976,467
1779135291.9645317,2982,976,467
1779135291.973246,2983,976,468
1779135291.9845164,2984,976,468
1779135291.9932659,2985,976,469
1779135292.0069993,2986,860,469
1779135292.0157366,2987,711,468
1779135292.0269895,2988,579,468
1779135292.0407686,2989,467,468
1779135292.0457728,2990,378,468
1779135292.0596113,2991,311,467
1779135292.075848,2992,264,467
1779135292.0771732,2993,236,467
1779135292.0908587,2994,224,467
1779135292.0908732,2995,222,468
1779135292.1019695,2996,225,468
1779135292.1107626,2997,233,467
1779135292.1419883,2998,246,468
1779135292.1432636,2999,261,467
1779135292.1683033,3000,274,467
1779135292.169503,3001,283,467
1779135292.1746573,3002,286,467
1779135292.175974,3003,283,467
1779135292.1845267,3004,273,467
1779135292.1982584,3005,261,465
1779135292.206986,3006,250,465
1779135292.2158766,3007,236,466
1779135292.2319853,3008,222,465
1779135292.2408388,3009,207,465
1779135292.2408633,3010,191,466
1779135292.2544925,3011,177,465
1779135292.2607696,3012,163,466
1779135292.274525,3013,152,466
1779135292.2832587,3014,148,466
1779135292.3172867,3015,145,466
1779135292.3182988,3016,146,465
1779135292.3195057,3017,147,466
1779135292.3207643,3018,148,466
1779135292.3345456,3019,149,465
1779135292.3458092,3020,151,465
1779135292.3545794,3021,153,463
1779135292.368319,3022,155,463
1779135292.3770924,3023,155,462
1779135292.393373,3024,154,462
1779135292.402115,3025,154,461
1779135292.410888,3026,156,460
1779135292.4109027,3027,163,460
1779135292.4220219,3028,176,460
1779135292.4307837,3029,206,460
1779135292.4445171,3030,258,460
1779135292.453292,3031,339,460
1779135292.464509,3032,453,460
1779135292.4733138,3033,598,461
1779135292.4870236,3034,768,461
1779135292.5296018,3035,954,460
1779135292.5308669,3036,976,461
1779135292.536977,3037,976,460
1779135292.538223,3038,976,460
1779135292.5394824,3039,976,460
1779135292.5558822,3040,976,459
1779135292.557027,3041,976,460
1779135292.5708303,3042,976,460
1779135292.5708632,3043,976,460
1779135292.5819812,3044,976,460
1779135292.5907927,3045,976,460
1779135292.6045594,3046,976,460
1779135292.613253,3047,976,459
1779135292.6245239,3048,976,459
1779135292.6372406,3049,976,459
1779135292.6458342,3050,976,459
1779135292.654489,3051,976,459
1779135292.6657724,3052,976,459
1779135292.6745374,3053,976,459
1779135292.688261,3054,976,459
1779135292.6970274,3055,976,459
1779135292.7132874,3056,976,459
1779135292.7220175,3057,976,460
1779135292.7308986,3058,976,459
1779135292.730913,3059,976,459
1779135292.7458763,3060,976,460
1779135292.7520883,3061,976,460
1779135292.7658799,3062,976,461
1779135292.7745588,3063,894,460
1779135292.7858112,3064,743,460
1779135292.794493,3065,607,461
1779135292.8082545,3066,487,461
1779135292.8169756,3067,390,461
1779135292.8283253,3068,313,461
1779135292.8420367,3069,258,461
1779135292.8469932,3070,221,462
1779135292.898325,3071,199,462
1779135292.900828,3072,190,463
1779135292.90201,3073,190,463
1779135292.9032967,3074,195,464
1779135292.9033594,3075,202,464
1779135292.9045284,3076,209,465
1779135292.9195416,3077,215,466
1779135292.9208536,3078,220,466
1779135292.9570785,3079,223,467
1779135292.958282,3080,223,467
1779135292.959514,3081,221,468
1779135292.9645076,3082,215,469
1779135292.9782848,3083,206,469
1779135292.984534,3084,196,470
1779135292.9982698,3085,186,470
1779135293.0045128,3086,177,471
1779135293.0183728,3087,167,471
1779135293.034581,3088,157,470
1779135293.0346093,3089,146,471
1779135293.043298,3090,138,471
1779135293.0570648,3091,129,470
1779135293.0659134,3092,123,471
1779135293.0746143,3093,115,471
1779135293.0832596,3094,110,472
1779135293.0970345,3095,104,472
1779135293.103258,3096,102,472
1779135293.1170208,3097,100,472
1779135293.1258414,3098,102,472
1779135293.1345794,3099,104,471
1779135293.1459453,3100,107,471
1779135293.154514,3101,111,471
1779135293.1658852,3102,115,471
1779135293.1795404,3103,124,470
1779135293.1908357,3104,137,470
1779135293.1995656,3105,161,470
1779135293.2133064,3106,203,468
1779135293.2133348,3107,269,467
1779135293.2245216,3108,366,467
1779135293.2496622,3109,494,466
1779135293.2508569,3110,649,465
1779135293.275868,3111,825,463
1779135293.2770154,3112,975,462
1779135293.2782617,3113,976,460
1779135293.288305,3114,976,459
1779135293.2970312,3115,976,459
1779135293.3082798,3116,976,458
1779135293.317023,3117,976,455
1779135293.3310294,3118,976,454
1779135293.3446434,3119,976,453
1779135293.3471406,3120,976,452
1779135293.3621945,3121,976,451
1779135293.370945,3122,976,450
1779135293.3710027,3123,976,450
1779135293.3822057,3124,976,450
1779135293.3960805,3125,976,450
1779135293.40211,3126,976,450
1779135293.4159114,3127,976,451
1779135293.4220867,3128,976,451
1779135293.435956,3129,976,454
1779135293.4446566,3130,976,453
1779135293.4534032,3131,976,454
1779135293.4646382,3132,976,455
1779135293.4734366,3133,976,457
1779135293.483449,3134,976,458
1779135293.497173,3135,976,461
1779135293.513469,3136,976,462
1779135293.5220811,3137,888,464
1779135293.5309343,3138,728,467
1779135293.5310006,3139,582,469
1779135293.5422132,3140,455,471
1779135293.5509474,3141,352,473
1779135293.564664,3142,273,475
1779135293.5984113,3143,216,477
1779135293.599566,3144,179,478
1779135293.6247003,3145,160,479
1779135293.625975,3146,156,480
1779135293.6448781,3147,161,481
1779135293.6459637,3148,174,482
1779135293.6470618,3149,192,483
1779135293.6483305,3150,212,484
1779135293.6621356,3151,234,485
1779135293.6733544,3152,252,486
1779135293.6733866,3153,265,487
1779135293.6822016,3154,272,487
1779135293.6933234,3155,274,488
1779135293.7070835,3156,271,489
1779135293.7133112,3157,261,489
1779135293.7270255,3158,248,490
1779135293.7359154,3159,231,490
1779135293.7498941,3160,214,491
1779135293.7560532,3161,195,491
1779135293.769686,3162,178,491
1779135293.776043,3163,162,491
1779135293.7896879,3164,147,489
1779135293.7983928,3165,134,488
1779135293.8070488,3166,124,487
1779135293.8208869,3167,117,487
1779135293.833451,3168,111,488
1779135293.8334944,3169,110,489
1779135293.8471894,3170,112,490
1779135293.8521304,3171,116,490
1779135293.8660038,3172,120,491
1779135293.873425,3173,123,492
1779135293.887218,3174,127,493
1779135293.8959649,3175,130,494
1779135293.904689,3176,133,496
1779135293.915946,3177,135,498
1779135293.9245272,3178,140,499
1779135293.9383097,3179,149,501
1779135293.9471598,3180,171,504
1779135293.9582913,3181,212,504
1779135293.992197,3182,279,507
1779135293.9933882,3183,376,508
1779135294.013312,3184,507,511
1779135294.0145595,3185,662,512
1779135294.014574,3186,834,515
1779135294.015808,3187,976,516
1779135294.0245912,3188,976,518
1779135294.0333033,3189,976,519
1779135294.0420592,3190,976,521
1779135294.055886,3191,976,522
1779135294.0645435,3192,976,523
1779135294.0759315,3193,976,524
1779135294.084523,3194,976,526
1779135294.098306,3195,976,527
1779135294.1070726,3196,976,528
1779135294.11585,3197,976,528
1779135294.1295488,3198,976,529
1779135294.1382937,3199,976,529
1779135294.1508574,3200,976,529
1779135294.1595998,3201,976,530
1779135294.1733453,3202,976,530
1779135294.1733634,3203,976,530
1779135294.1820571,3204,976,531
1779135294.193379,3205,976,530
1779135294.2021368,3206,976,530
1779135294.2383296,3207,976,532
1779135294.2396128,3208,976,531
1779135294.240881,3209,976,531
1779135294.2420394,3210,976,530
1779135294.2570505,3211,900,531
1779135294.2659667,3212,747,529
1779135294.2774692,3213,609,529
1779135294.2858734,3214,489,528
1779135294.2995732,3215,392,527
1779135294.3121018,3216,317,527
1779135294.3233957,3217,267,526
1779135294.323439,3218,237,525
1779135294.3696682,3219,224,525
1779135294.370923,3220,225,524
1779135294.372122,3221,234,524
1779135294.3733864,3222,249,523
1779135294.3746324,3223,264,522
1779135294.3886003,3224,281,521
1779135294.3946457,3225,295,520
1779135294.4084198,3226,305,519
1779135294.4146295,3227,310,519
1779135294.4283607,3228,311,518
1779135294.435909,3229,305,517
1779135294.4446697,3230,298,515
1779135294.4584334,3231,286,514
1779135294.4708805,3232,273,513
1779135294.479639,3233,258,511
1779135294.493452,3234,244,509
1779135294.493481,3235,230,507
1779135294.5021734,3236,218,506
1779135294.5133853,3237,204,505
1779135294.522098,3238,189,504
1779135294.535972,3239,177,503
1779135294.5433724,3240,166,501
1779135294.5546563,3241,156,499
1779135294.5634043,3242,151,498
1779135294.5773711,3243,145,496
1779135294.585963,3244,143,493
1779135294.597221,3245,140,492
1779135294.6059945,3246,139,489
1779135294.6196728,3247,139,489
1779135294.6321557,3248,143,487
1779135294.6409092,3249,152,487
1779135294.6409667,3250,171,486
1779135294.6509032,3251,207,486
1779135294.6646588,3252,270,485
1779135294.6721392,3253,361,485
1779135294.6860092,3254,483,486
1779135294.6947374,3255,632,486
1779135294.7197392,3256,802,486
1779135294.720858,3257,972,485
1779135294.7408843,3258,976,486
1779135294.7420673,3259,976,485
1779135294.743315,3260,976,486
1779135294.7570722,3261,976,485
1779135294.765859,3262,976,486
1779135294.7795918,3263,976,486
1779135294.7921104,3264,976,486
1779135294.8058617,3265,976,486
1779135294.8058794,3266,976,487
1779135294.8108423,3267,976,486
1779135294.824717,3268,976,487
1779135294.8309627,3269,976,486
1779135294.8445916,3270,976,487
1779135294.8784344,3271,976,487
1779135294.8795967,3272,976,487
1779135294.8809419,3273,976,487
1779135294.8858683,3274,976,487
1779135294.8995647,3275,976,488
1779135294.9058545,3276,976,488
1779135294.9170663,3277,976,487
1779135294.9258456,3278,976,488
1779135294.939592,3279,976,488
1779135294.9522681,3280,976,488
1779135294.9635024,3281,882,488
1779135294.9635348,3282,731,488
1779135294.9721644,3283,593,488
1779135294.9859574,3284,475,488
1779135294.9921637,3285,378,487
1779135295.0058393,3286,305,487
1779135295.0146127,3287,255,487
1779135295.0283678,3288,227,487
1779135295.0346558,3289,216,487
1779135295.0483246,3290,217,486
1779135295.0570576,3291,227,486
1779135295.0834246,3292,243,485
1779135295.0846434,3293,259,484
1779135295.1096833,3294,275,484
1779135295.1109345,3295,288,482
1779135295.1370683,3296,300,481
1779135295.1408443,3297,307,480
1779135295.1420655,3298,310,478
1779135295.1420836,3299,310,477
1779135295.143422,3300,305,476
1779135295.1595962,3301,296,474
1779135295.1608484,3302,284,473
1779135295.1721132,3303,270,472
1779135295.18592,3304,255,471
1779135295.1946106,3305,238,470
1779135295.2083259,3306,219,471
1779135295.2133336,3307,200,470
1779135295.2272499,3308,181,470
1779135295.2334414,3309,162,470
1779135295.2471168,3310,144,470
1779135295.2608547,3311,129,469
1779135295.2733922,3312,118,469
1779135295.2734067,3313,109,468
1779135295.28216,3314,103,467
1779135295.2958715,3315,100,468
1779135295.3046744,3316,101,467
1779135295.3158464,3317,107,466
1779135295.3246765,3318,123,465
1779135295.3384907,3319,158,464
1779135295.3472302,3320,219,463
1779135295.3584092,3321,314,463
1779135295.367152,3322,443,462
1779135295.3783503,3323,603,462
1779135295.3874085,3324,788,462
1779135295.403431,3325,974,462
1779135295.4046788,3326,976,462
1779135295.428432,3327,976,464
1779135295.4309375,3328,976,463
1779135295.4559658,3329,976,463
1779135295.4570851,3330,976,464
1779135295.4571128,3331,976,464
1779135295.4821086,3332,976,464
1779135295.4833128,3333,976,466
1779135295.4871438,3334,976,467
1779135295.5146265,3335,976,469
1779135295.5158327,3336,976,469
1779135295.5170949,3337,976,470
1779135295.5246189,3338,976,471
1779135295.5333347,3339,976,473
1779135295.5472403,3340,976,472
1779135295.553438,3341,976,473
1779135295.567172,3342,976,473
1779135295.5759773,3343,976,474
1779135295.59224,3344,976,474
1779135295.6008847,3345,976,473
1779135295.6008983,3346,976,473
1779135295.6146011,3347,976,474
1779135295.623332,3348,976,472
1779135295.6345956,3349,976,471
1779135295.6434076,3350,976,471
1779135295.6571765,3351,976,470
1779135295.665852,3352,976,470
1779135295.6770966,3353,976,467
1779135295.6883378,3354,906,467
1779135295.6971195,3355,745,466
1779135295.7109737,3356,601,465
1779135295.717215,3357,478,463
1779135295.730838,3358,377,462
1779135295.7446568,3359,298,461
1779135295.7472224,3360,240,460
1779135295.762109,3361,199,458
1779135295.770961,3362,174,457
1779135295.7709846,3363,161,455
1779135295.7845633,3364,159,455
1779135295.7908475,3365,163,453
1779135295.8384228,3366,171,452
1779135295.8396564,3367,182,451
1779135295.8408275,3368,191,451
1779135295.8420677,3369,198,450
1779135295.8433325,3370,201,449
1779135295.8584352,3371,199,449
1779135295.8634229,3372,196,448
1779135295.8747442,3373,188,449
1779135295.8834622,3374,177,449
1779135295.8984008,3375,164,449
1779135295.9109468,3376,148,449
1779135295.9197361,3377,131,449
1779135295.9333904,3378,113,450
1779135295.9334202,3379,100,451
1779135295.9422078,3380,88,453
1779135295.9534135,3381,77,455
1779135295.9671462,3382,66,456
1779135295.9721754,3383,60,457
1779135295.9859486,3384,56,459
1779135295.9921203,3385,56,460
1779135296.003437,3386,55,461
1779135296.0171223,3387,57,464
1779135296.025877,3388,60,466
1779135296.0371132,3389,70,467
1779135296.0458784,3390,85,469
1779135296.0596204,3391,113,470
1779135296.0721276,3392,165,472
1779135296.080912,3393,245,474
1779135296.0809243,3394,356,475
1779135296.094674,3395,500,477
1779135296.1022143,3396,671,478
1779135296.1133556,3397,859,479
1779135296.1221054,3398,976,480
1779135296.1546228,3399,976,481
1779135296.155875,3400,976,482
1779135296.157094,3401,976,483
1779135296.200911,3402,976,484
1779135296.2022011,3403,976,485
1779135296.213451,3404,976,486
1779135296.2147062,3405,976,488
1779135296.2159524,3406,976,487
1779135296.2171001,3407,976,489
1779135296.2333987,3408,976,490
1779135296.233423,3409,976,490
1779135296.2421017,3410,976,491
1779135296.255869,3411,976,490
1779135296.2646308,3412,976,492
1779135296.2758572,3413,976,491
1779135296.2846138,3414,976,492
1779135296.300899,3415,976,491
1779135296.3021154,3416,976,492
1779135296.3183842,3417,976,491
1779135296.3272574,3418,976,490
1779135296.3360112,3419,976,491
1779135296.3496995,3420,976,488
1779135296.3559744,3421,976,487
1779135296.3696668,3422,976,486
1779135296.3784494,3423,976,485
1779135296.3909833,3424,975,485
1779135296.4022589,3425,807,483
1779135296.4109643,3426,655,481
1779135296.411034,3427,523,480
1779135296.4247684,3428,411,479
1779135296.4309738,3429,320,478
1779135296.444818,3430,253,477
1779135296.4534614,3431,206,477
1779135296.4672902,3432,176,476
1779135296.4734042,3433,160,476
1779135296.4822915,3434,155,476
1779135296.4959717,3435,156,476
1779135296.5072317,3436,163,477
1779135296.5134768,3437,171,478
1779135296.5272977,3438,178,478
1779135296.5523317,3439,184,479
1779135296.5785184,3440,185,480
1779135296.5796764,3441,182,481
1779135296.5796833,3442,174,482
1779135296.5846481,3443,165,483
1779135296.5858681,3444,153,484
1779135296.5923078,3445,140,485
1779135296.6097238,3446,127,486
1779135296.6109154,3447,116,487
1779135296.6246881,3448,108,488
1779135296.6359284,3449,102,489
1779135296.6447387,3450,97,490
1779135296.6584458,3451,96,491
1779135296.6671557,3452,95,491
1779135296.6783996,3453,95,491
1779135296.6872592,3454,97,491
1779135296.7008934,3455,97,492
1779135296.7133713,3456,96,492
1779135296.713394,3457,98,493
1779135296.722176,3458,101,493
1779135296.7359247,3459,103,493
1779135296.7447097,3460,103,493
1779135296.7559974,3461,104,493
1779135296.7821736,3462,108,494
1779135296.7833884,3463,111,494
1779135296.7971914,3464,115,494
1779135296.7983854,3465,121,495
1779135296.8087761,3466,134,495
1779135296.8196523,3467,160,495
1779135296.8283966,3468,206,494
1779135296.8397155,3469,279,494
1779135296.848408,3470,383,493
1779135296.8621764,3471,518,492
1779135296.8721938,3472,679,492
1779135296.8722112,3473,857,491
1779135296.8808804,3474,976,491
1779135296.8946705,3475,976,489
1779135296.9196625,3476,976,489
1779135296.9208965,3477,976,488
1779135296.9459195,3478,976,489
1779135296.9471424,3479,976,488
1779135296.9534037,3480,976,487
1779135296.9546187,3481,976,486
1779135296.9646606,3482,976,487
1779135296.9734015,3483,976,485
1779135296.9871154,3484,976,484
1779135296.993366,3485,976,482
1779135297.007163,3486,976,482
1779135297.020944,3487,976,480
1779135297.0309355,3488,976,479
1779135297.03098,3489,976,477
1779135297.0446699,3490,976,478
1779135297.053447,3491,976,475
1779135297.0622182,3492,976,474
1779135297.0734034,3493,976,473
1779135297.082163,3494,976,473
1779135297.0959823,3495,976,471
1779135297.104666,3496,976,470
1779135297.115985,3497,976,468
1779135297.124738,3498,976,468
1779135297.1359859,3499,929,465
1779135297.1447575,3500,760,463
1779135297.1610103,3501,600,462
1779135297.162244,3502,460,460
1779135297.1759636,3503,340,457
1779135297.1934443,3504,246,456
1779135297.20223,3505,175,453
1779135297.2111387,3506,123,451
1779135297.2111847,3507,90,448
1779135297.2246594,3508,71,445
1779135297.2334316,3509,64,442
1779135297.242134,3510,65,438
1779135297.2559352,3511,71,435
1779135297.264691,3512,76,432
1779135297.2947357,3513,81,430
1779135297.2959583,3514,83,427
1779135297.320953,3515,81,425
1779135297.3222148,3516,76,424
1779135297.3472128,3517,67,422
1779135297.3484142,3518,59,419
1779135297.3597376,3519,47,418
1779135297.3621435,3520,35,416
1779135297.3634117,3521,22,413
1779135297.3734539,3522,10,412
1779135297.3734772,3523,2,410
1779135297.3822045,3524,0,408
1779135297.393443,3525,0,407
1779135297.4021747,3526,1,405
1779135297.4272463,3527,1,403
1779135297.428467,3528,1,401
1779135297.445935,3529,0,399
1779135297.4472265,3530,0,398
1779135297.4609373,3531,1,396
1779135297.4623692,3532,0,395
1779135297.478522,3533,0,392
1779135297.4871972,3534,0,391
1779135297.500886,3535,1,390
1779135297.513439,3536,0,388
1779135297.5134537,3537,0,387
1779135297.527127,3538,0,384
1779135297.5335147,3539,1,384
1779135297.549759,3540,0,382
1779135297.550949,3541,0,381
1779135297.565883,3542,0,381
1779135297.5747118,3543,0,379
1779135297.5883973,3544,0,378
1779135297.5946798,3545,1,378
1779135297.6084406,3546,1,377
1779135297.6173158,3547,88,377
1779135297.626033,3548,210,376
1779135297.658422,3549,359,376
1779135297.659706,3550,532,377
1779135297.6847827,3551,719,376
1779135297.6871653,3552,909,377
1779135297.6884096,3553,975,377
1779135297.6896822,3554,976,378
1779135297.6897073,3555,976,380
1779135297.7034607,3556,976,380
1779135297.714766,3557,976,380
1779135297.723526,3558,976,381
1779135297.737356,3559,976,381
1779135297.745911,3560,976,382
1779135297.7571566,3561,976,383
1779135297.7660122,3562,976,382
1779135297.7798047,3563,976,383
1779135297.7884228,3564,976,383
1779135297.7997174,3565,976,384
1779135297.8088167,3566,976,384
1779135297.822234,3567,976,384
1779135297.832366,3568,976,385
1779135297.8324008,3569,976,384
1779135297.8410397,3570,976,385
1779135297.8546648,3571,976,385
1779135297.8635423,3572,976,386
1779135297.873532,3573,976,387
1779135297.8822796,3574,976,388
1779135297.8960257,3575,976,388
1779135297.9047382,3576,976,389
1779135297.9159286,3577,976,390
1779135297.9297297,3578,844,391
1779135297.934744,3579,705,392
1779135297.9484265,3580,582,393
1779135297.9546683,3581,480,393
1779135297.9684045,3582,401,393
1779135297.9772527,3583,347,394
1779135297.9896493,3584,312,395
1779135298.0034497,3585,292,395
1779135298.0285425,3586,286,396
1779135298.0285668,3587,291,398
1779135298.0297163,3588,302,400
1779135298.0471745,3589,316,401
1779135298.0484283,3590,330,403
1779135298.077354,3591,346,405
1779135298.0784864,3592,360,407
1779135298.0897634,3593,371,409
1779135298.0908995,3594,378,411
1779135298.0921645,3595,379,412
1779135298.1059947,3596,375,413
1779135298.1147993,3597,365,415
1779135298.1285198,3598,350,416
1779135298.1335163,3599,332,416
1779135298.1535115,3600,308,416
1779135298.1535382,3601,282,417
1779135298.1621544,3602,255,418
1779135298.176021,3603,227,419
1779135298.1847813,3604,199,420
1779135298.1959326,3605,175,422
1779135298.2047045,3606,153,423
1779135298.2184007,3607,136,423
1779135298.227206,3608,122,424
1779135298.2384267,3609,112,424
1779135298.2471905,3610,105,424
1779135298.2610276,3611,103,424
1779135298.2697382,3612,105,425
1779135298.2809508,3613,108,425
1779135298.2935877,3614,115,426
1779135298.3022163,3615,130,427
1779135298.3109636,3616,154,427
1779135298.3109787,3617,195,428
1779135298.3222415,3618,259,428
1779135298.3310246,3619,351,429
1779135298.3447201,3620,471,430
1779135298.353495,3621,614,430
1779135298.3647432,3622,773,431
1779135298.3909833,3623,937,431
1779135298.3921566,3624,976,432
1779135298.4172413,3625,976,433
1779135298.418439,3626,976,434
1779135298.4346845,3627,976,434
1779135298.4359336,3628,976,436
1779135298.4371865,3629,976,435
1779135298.453575,3630,976,438
1779135298.4547906,3631,976,439
1779135298.4723017,3632,976,440
1779135298.483455,3633,976,441
1779135298.4834683,3634,976,440
1779135298.4922023,3635,976,440
1779135298.5060315,3636,976,441
1779135298.5148852,3637,976,441
1779135298.525934,3638,976,442
1779135298.5347629,3639,976,441
1779135298.5484607,3640,976,442
1779135298.5573418,3641,976,442
1779135298.5685418,3642,976,442
1779135298.5822923,3643,976,444
1779135298.587197,3644,976,444
1779135298.6009853,3645,976,442
1779135298.6085243,3646,976,442
1779135298.622305,3647,976,441
1779135298.632336,3648,878,443
1779135298.632362,3649,727,443
1779135298.6434486,3650,591,442
1779135298.6521876,3651,474,441
1779135298.6659372,3652,380,440
1779135298.6747706,3653,309,440
1779135298.6859272,3654,260,440
1779135298.7172265,3655,230,440
1779135298.7184346,3656,216,440
1779135298.7196996,3657,215,440
1779135298.7284875,3658,223,440
1779135298.7373276,3659,233,440
1779135298.7697473,3660,247,440
1779135298.7709706,3661,263,440
1779135298.7847064,3662,278,440
1779135298.7859385,3663,289,440
1779135298.7922742,3664,293,440
1779135298.8034458,3665,292,440
1779135298.8034756,3666,287,440
1779135298.8122535,3667,279,441
1779135298.8222153,3668,267,441
1779135298.8360355,3669,254,441
1779135298.844742,3670,237,441
1779135298.8584847,3671,220,441
1779135298.8635373,3672,201,441
1779135298.8772101,3673,185,441
1779135298.883445,3674,171,441
1779135298.897215,3675,156,441
1779135298.9059596,3676,144,441
1779135298.9197228,3677,133,441
1779135298.9259396,3678,124,441
1779135298.9373245,3679,113,442
1779135298.9510314,3680,105,443
1779135298.9510434,3681,99,443
1779135298.9622126,3682,94,443
1779135298.9709644,3683,91,444
1779135298.9848182,3684,89,444
1779135298.9935677,3685,88,445
1779135299.0047357,3686,87,446
1779135299.013549,3687,88,446
1779135299.027277,3688,92,447
1779135299.038477,3689,100,448
1779135299.0446842,3690,117,449
1779135299.0585787,3691,150,449
1779135299.067326,3692,205,450
1779135299.0760517,3693,292,451
1779135299.0872157,3694,412,452
1779135299.1009715,3695,563,452
1779135299.1435134,3696,737,454
1779135299.1435382,3697,928,454
1779135299.1446903,3698,976,455
1779135299.1559877,3699,976,456
1779135299.1573188,3700,976,456
1779135299.1585698,3701,976,456
1779135299.164772,3702,976,458
1779135299.178577,3703,976,458
1779135299.184755,3704,976,458
1779135299.1934776,3705,976,460
1779135299.2097523,3706,976,459
1779135299.2110329,3707,976,462
1779135299.224821,3708,976,460
1779135299.2384818,3709,976,460
1779135299.2472944,3710,976,461
1779135299.2610693,3711,976,461
1779135299.271158,3712,976,462
1779135299.2711952,3713,976,462
1779135299.2873445,3714,976,462
1779135299.28855,3715,976,463
1779135299.3022244,3716,976,463
1779135299.31608,3717,976,464
1779135299.322262,3718,976,463
1779135299.357491,3719,976,463
1779135299.3585198,3720,976,463
1779135299.3597019,3721,976,463
1779135299.366085,3722,976,463
1779135299.374823,3723,976,463
1779135299.3887212,3724,976,464
1779135299.3974092,3725,976,463
1779135299.4086308,3726,976,464
1779135299.422454,3727,976,464
1779135299.4325686,3728,975,463
1779135299.4326296,3729,805,464
1779135299.443596,3730,652,464
1779135299.4524555,3731,516,464
1779135299.4622993,3732,403,464
1779135299.4961193,3733,312,464
1779135299.4974127,3734,241,464
1779135299.5198598,3735,192,464
1779135299.5209882,3736,158,464
1779135299.5222428,3737,139,463
1779135299.5236514,3738,130,464
1779135299.5385804,3739,130,464
1779135299.5473905,3740,134,465
1779135299.5561187,3741,143,465
1779135299.566127,3742,156,465
1779135299.5797932,3743,166,465
1779135299.5898266,3744,172,465
1779135299.601003,3745,174,465
1779135299.609916,3746,171,465
1779135299.6099854,3747,164,465
1779135299.6235015,3748,157,466
1779135299.6325893,3749,147,465
1779135299.6435416,3750,137,465
1779135299.6523428,3751,127,466
1779135299.6661708,3752,116,465
1779135299.6723654,3753,107,465
1779135299.6884792,3754,101,464
1779135299.689709,3755,96,464
1779135299.7035668,3756,96,463
1779135299.7174346,3757,100,464
1779135299.7236,3758,105,465
1779135299.7373326,3759,109,465
1779135299.7522147,3760,111,464
1779135299.7640612,3761,112,465
1779135299.764078,3762,113,465
1779135299.7735763,3763,115,465
1779135299.7823148,3764,118,465
1779135299.7960835,3765,120,465
1779135299.8023322,3766,123,465
1779135299.816085,3767,131,465
1779135299.8247178,3768,150,465
1779135299.8386052,3769,189,465
1779135299.8636022,3770,254,465
1779135299.8648348,3771,352,465
1779135299.889735,3772,482,465
1779135299.8909853,3773,642,466
1779135299.916096,3774,823,467
1779135299.9172456,3775,976,465
1779135299.9236193,3776,976,466
1779135299.9248476,3777,976,467
1779135299.932356,3778,976,467
1779135299.9323702,3779,976,469
1779135299.9459746,3780,976,468
1779135299.9509714,3781,976,468
1779135299.9622302,3782,976,468
1779135299.9985664,3783,976,469
1779135299.9998016,3784,976,468
1779135300.0010731,3785,976,467
1779135300.0023308,3786,976,468
1779135300.017287,3787,976,467
1779135300.0260599,3788,976,466
1779135300.0398781,3789,976,466
1779135300.0460124,3790,976,465
1779135300.054822,3791,976,464
1779135300.0723662,3792,976,463
1779135300.0836236,3793,976,463
1779135300.0836375,3794,976,463
1779135300.0948544,3795,976,462
1779135300.103545,3796,976,462
1779135300.1173098,3797,976,461
1779135300.1235683,3798,976,460
1779135300.1372833,3799,976,460
1779135300.146105,3800,976,459
1779135300.1549113,3801,976,459
1779135300.1661012,3802,976,460
1779135300.1748478,3803,976,458
1779135300.188529,3804,976,457
1779135300.1973267,3805,897,457
1779135300.2086277,3806,741,458
1779135300.233637,3807,601,457
1779135300.2572434,3808,481,456
1779135300.2585142,3809,383,456
1779135300.2597845,3810,306,455
1779135300.259791,3811,247,455
1779135300.2610419,3812,206,455
1779135300.2747684,3813,175,454
1779135300.2809973,3814,157,454
1779135300.2947638,3815,149,452
1779135300.3047721,3816,149,452
1779135300.3135383,3817,152,451
1779135300.324848,3818,155,451
1779135300.3335636,3819,159,451
1779135300.3474479,3820,162,451
1779135300.3561609,3821,162,451
1779135300.367497,3822,162,450
1779135300.381108,3823,159,450
1779135300.3911095,3824,155,450
1779135300.39115,3825,151,449
1779135300.402315,3826,145,449
1779135300.4124002,3827,137,449
1779135300.4210818,3828,128,449
1779135300.4349837,3829,120,448
1779135300.446056,3830,113,449
1779135300.4547982,3831,108,448
1779135300.4685917,3832,103,447
1779135300.4773424,3833,101,446
1779135300.4885688,3834,102,447
1779135300.4973783,3835,103,446
1779135300.5123746,3836,106,446
1779135300.517354,3837,109,447
1779135300.533575,3838,113,447
1779135300.5347931,3839,115,447
1779135300.5498688,3840,116,446
1779135300.561061,3841,118,446
1779135300.5697846,3842,119,445
1779135300.569814,3843,121,445
1779135300.609765,3844,122,446
1779135300.611,3845,125,446
1779135300.6410437,3846,131,446
1779135300.642275,3847,141,446
1779135300.6535604,3848,164,445
1779135300.654767,3849,208,445
1779135300.6560113,3850,280,444
1779135300.657269,3851,386,445
1779135300.6673355,3852,526,445
1779135300.67605,3853,691,445
1779135300.6874034,3854,871,446
1779135300.7010322,3855,976,445
1779135300.7110922,3856,976,445
1779135300.7111297,3857,976,446
1779135300.7222304,3858,976,446
1779135300.7310202,3859,976,445
1779135300.7447565,3860,976,445
1779135300.7535162,3861,976,445
1779135300.7647674,3862,976,446
1779135300.773504,3863,976,446
1779135300.787449,3864,976,448
1779135300.7960134,3865,976,447
1779135300.8073823,3866,976,447
1779135300.8160377,3867,976,447
1779135300.829843,3868,976,448
1779135300.8384838,3869,976,447
1779135300.8497505,3870,976,448
1779135300.8635786,3871,976,447
1779135300.8723066,3872,976,447
1779135300.881014,3873,976,447
1779135300.8810337,3874,976,447
1779135300.8972569,3875,976,447
1779135300.8985052,3876,976,448
1779135300.9122694,3877,976,449
1779135300.9259953,3878,976,448
1779135300.9360309,3879,946,447
1779135300.9861681,3880,787,448
1779135300.9873855,3881,640,448
1779135300.9886065,3882,514,447
1779135300.9899518,3883,408,447
1779135300.9910064,3884,323,447
1779135300.9986231,3885,263,447
1779135301.0072715,3886,221,447
1779135301.0185263,3887,199,447
1779135301.032313,3888,190,448
1779135301.0422776,3889,192,448
1779135301.0422907,3890,200,448
1779135301.053531,3891,212,448
1779135301.0673747,3892,224,449
1779135301.0722852,3893,233,449
1779135301.0861862,3894,242,449
1779135301.0924385,3895,250,449
1779135301.1060958,3896,254,449
1779135301.1149275,3897,254,450
1779135301.1286602,3898,252,451
1779135301.134947,3899,241,451
1779135301.1461072,3900,229,452
1779135301.1598961,3901,214,452
1779135301.1685233,3902,198,452
1779135301.1798418,3903,181,453
1779135301.1848412,3904,167,454
1779135301.193547,3905,152,454
1779135301.202312,3906,140,454
1779135301.213544,3907,129,454
1779135301.2222972,3908,119,454
1779135301.2360244,3909,112,455
1779135301.2448423,3910,106,454
1779135301.2772763,3911,102,455
1779135301.2785075,3912,101,456
1779135301.279839,3913,102,457
1779135301.2860115,3914,102,457
1779135301.2972631,3915,103,457
1779135301.3060086,3916,104,458
1779135301.3511434,3917,105,458
1779135301.3523724,3918,103,458
1779135301.3536134,3919,102,459
1779135301.3560567,3920,102,459
1779135301.363546,3921,107,460
1779135301.3635707,3922,115,460
1779135301.3722713,3923,133,460
1779135301.3810048,3924,166,461
1779135301.3948684,3925,224,460
1779135301.403539,3926,312,461
1779135301.4148512,3927,431,461
1779135301.4235432,3928,577,462
1779135301.4372935,3929,746,462
1779135301.4460475,3930,923,462
1779135301.4572613,3931,976,463
1779135301.4660828,3932,976,464
1779135301.479841,3933,976,463
1779135301.4886246,3934,976,463
1779135301.4999592,3935,976,463
1779135301.5048468,3936,976,464
1779135301.5135312,3937,976,464
1779135301.5223095,3938,976,464
1779135301.5335457,3939,976,466
1779135301.5423026,3940,976,465
1779135301.556159,3941,976,466
1779135301.5648606,3942,976,466
1779135301.5736184,3943,976,467
1779135301.5873213,3944,976,466
1779135301.5960743,3945,976,467
1779135301.6051419,3946,976,467
1779135301.6163359,3947,976,467
1779135301.6248734,3948,976,467
1779135301.63855,3949,976,468
1779135301.6474807,3950,976,468
1779135301.658577,3951,976,470
1779135301.6710713,3952,976,468
1779135301.7013142,3953,976,468
1779135301.7013533,3954,976,468
1779135301.702446,3955,976,467
1779135301.7249677,3956,947,467
1779135301.726101,3957,795,467
1779135301.7274528,3958,655,468
1779135301.733621,3959,533,467
1779135301.747255,3960,430,467
1779135301.7535696,3961,352,466
1779135301.7673364,3962,295,465
1779135301.7735488,3963,256,465
1779135301.786134,3964,232,465
1779135301.7949655,3965,222,464
1779135301.8085427,3966,220,464
1779135301.8148508,3967,228,464
1779135301.8235364,3968,237,464
1779135301.8322942,3969,248,464
1779135301.8410354,3970,257,463
1779135301.8573105,3971,263,463
1779135301.8585348,3972,265,463
1779135301.8723128,3973,265,463
1779135301.8860602,3974,263,463
1779135301.9148426,3975,259,463
1779135301.9160283,3976,253,463
1779135301.917278,3977,247,463
1779135301.9310482,3978,238,463
1779135301.9323008,3979,227,463
1779135301.947383,3980,211,463
1779135301.956084,3981,195,463
1779135301.964902,3982,179,463
1779135301.9760656,3983,163,463
1779135301.9885929,3984,147,463
1779135302.00229,3985,134,463
1779135302.0023057,3986,123,464
1779135302.0135574,3987,114,463
1779135302.0223057,3988,107,463
1779135302.0360582,3989,101,463
1779135302.0448585,3990,95,462
1779135302.0699055,3991,92,462
1779135302.0710328,3992,91,463
1779135302.0960748,3993,92,462
1779135302.0973058,3994,96,462
1779135302.1035595,3995,102,462
1779135302.104845,3996,111,462
1779135302.1185207,3997,120,461
1779135302.1272805,3998,130,461
1779135302.1435444,3999,139,461
1779135302.151059,4000,144,460
1779135302.1648517,4001,147,460
1779135302.164881,4002,151,459
1779135302.171062,4003,161,459
1779135302.184841,4004,187,459
1779135302.1910448,4005,235,459
1779135302.2048435,4006,312,459
1779135302.2110422,4007,421,459
1779135302.224842,4008,560,459
1779135302.2335362,4009,721,459
1779135302.2422924,4010,896,458
1779135302.2535503,4011,976,457
1779135302.2622972,4012,976,457
1779135302.27607,4013,976,457
1779135302.2848978,4014,976,455
1779135302.2986226,4015,976,455
1779135302.3136024,4016,976,455
1779135302.3224418,4017,976,454
1779135302.3224971,4018,976,453
1779135302.3336554,4019,976,452
1779135302.3424294,4020,976,451
1779135302.356208,4021,976,451
1779135302.364921,4022,976,451
1779135302.3761883,4023,976,451
1779135302.384936,4024,976,452
1779135302.3988676,4025,976,451
1779135302.4061046,4026,976,450
1779135302.4537523,4027,976,451
1779135302.4548774,4028,976,451
1779135302.456068,4029,976,451
1779135302.4573016,4030,976,452
1779135302.4585695,4031,976,451
1779135302.472499,4032,976,453
1779135302.4814284,4033,976,453
1779135302.4814768,4034,976,454
1779135302.4923532,4035,976,455
1779135302.5011742,4036,976,454
1779135302.512683,4037,976,455
1779135302.5261788,4038,868,455
1779135302.554906,4039,716,457
1779135302.5560436,4040,579,457
1779135302.5572991,4041,463,458
1779135302.571545,4042,369,458
1779135302.5724063,4043,298,459
1779135302.5874796,4044,249,460
1779135302.5961957,4045,217,460
1779135302.6049514,4046,200,460
1779135302.6186159,4047,194,460
1779135302.633767,4048,197,461
1779135302.6424108,4049,204,462
1779135302.6424644,4050,208,462
1779135302.6536567,4051,212,463
1779135302.6674092,4052,214,463
1779135302.6723728,4053,216,463
1779135302.6861684,4054,215,464
1779135302.6948428,4055,211,463
1779135302.7035823,4056,205,464
1779135302.7198617,4057,195,464
1779135302.721096,4058,187,465
1779135302.7373276,4059,173,465
1779135302.746054,4060,161,465
1779135302.7548304,4061,151,465
1779135302.768557,4062,142,465
1779135302.7748718,4063,132,466
1779135302.806139,4064,127,465
1779135302.8075244,4065,125,467
1779135302.8325875,4066,126,467
1779135302.8335795,4067,128,467
1779135302.8373766,4068,133,467
1779135302.838663,4069,139,467
1779135302.8436809,4070,146,467
1779135302.8549533,4071,153,467
1779135302.8637047,4072,161,467
1779135302.877399,4073,167,468
1779135302.8861127,4074,172,469
1779135302.8973482,4075,172,469
1779135302.9060845,4076,168,469
1779135302.920012,4077,160,469
1779135302.9285705,4078,150,470
1779135302.936162,4079,138,470
1779135302.953765,4080,125,470
1779135302.9624715,4081,111,470
1779135302.9624853,4082,99,470
1779135302.9736612,4083,96,471
1779135302.9824235,4084,105,471
1779135302.9961922,4085,136,471
1779135303.0050704,4086,196,470
1779135303.0161495,4087,288,472
1779135303.029931,4088,413,472
1779135303.0361958,4089,564,472
1779135303.0449972,4090,737,472
1779135303.0611606,4091,919,472
1779135303.0698576,4092,975,472
1779135303.078601,4093,976,472
1779135303.0923789,4094,976,474
1779135303.1035817,4095,976,473
1779135303.1048307,4096,976,474
1779135303.1186483,4097,976,473
1779135303.1198442,4098,976,474
1779135303.1361048,4099,976,473
1779135303.1435876,4100,976,472
1779135303.169887,4101,976,474
1779135303.1711156,4102,976,474
1779135303.1973863,4103,976,472
1779135303.1986046,4104,976,472
1779135303.2211037,4105,976,472
1779135303.2223969,4106,976,474
1779135303.22358,4107,976,474
1779135303.2248254,4108,976,472
1779135303.2398372,4109,976,472
1779135303.2473297,4110,976,473
1779135303.2585628,4111,976,472
1779135303.2723615,4112,976,472
1779135303.2810867,4113,976,473
1779135303.2811043,4114,976,474
1779135303.2923133,4115,976,472
1779135303.3010895,4116,976,472
1779135303.3148518,4117,976,472
1779135303.3236463,4118,907,472
1779135303.334891,4119,755,472
1779135303.3436658,4120,617,472
1779135303.3549695,4121,499,472
1779135303.3686345,4122,402,472
1779135303.3748405,4123,325,472
1779135303.3886275,4124,270,472
1779135303.397345,4125,233,472
1779135303.4061093,4126,214,472
1779135303.4223688,4127,205,473
1779135303.4323874,4128,206,473
1779135303.4324,4129,215,474
1779135303.4411113,4130,226,474
1779135303.4523628,4131,239,474
1779135303.461197,4132,251,474
1779135303.4748578,4133,255,475
1779135303.4836211,4134,257,474
1779135303.494979,4135,255,475
1779135303.5036097,4136,250,474
1779135303.5461152,4137,243,473
1779135303.547318,4138,232,474
1779135303.5674095,4139,222,473
1779135303.568628,4140,214,473
1779135303.5698588,4141,204,473
1779135303.5711894,4142,192,473
1779135303.5874016,4143,183,473
1779135303.5886178,4144,175,473
1779135303.588629,4145,170,472
1779135303.6024919,4146,165,472
1779135303.611222,4147,161,470
1779135303.622431,4148,159,469
1779135303.631184,4149,160,468
1779135303.64488,4150,164,467
1779135303.6535895,4151,167,465
1779135303.6648595,4152,171,465
1779135303.6736133,4153,174,464
1779135303.6875834,4154,179,463
1779135303.6961305,4155,186,463
1779135303.7073908,4156,193,462
1779135303.7161162,4157,200,461
1779135303.729832,4158,205,460
1779135303.738594,4159,208,460
1779135303.7549484,4160,209,460
1779135303.7549882,4161,207,460
1779135303.7636945,4162,206,459
1779135303.7724285,4163,208,460
1779135303.7836356,4164,221,460
1779135303.7923574,4165,249,461
1779135303.8061225,4166,300,461
1779135303.8348465,4167,380,461
1779135303.8360863,4168,491,461
1779135303.8373237,4169,631,462
1779135303.8473732,4170,792,462
1779135303.8562603,4171,962,463
1779135303.867363,4172,975,462
1779135303.8761694,4173,976,463
1779135303.9023511,4174,976,461
1779135303.903575,4175,976,462
1779135303.9298687,4176,976,461
1779135303.9298995,4177,976,463
1779135303.9310992,4178,976,461
1779135303.9323494,4179,976,462
1779135303.9435885,4180,976,462
1779135303.9523385,4181,976,462
1779135303.9662147,4182,976,461
1779135303.977409,4183,976,461
1779135303.9836054,4184,976,460
1779135303.9973824,4185,976,460
1779135304.0061157,4186,976,461
1779135304.014843,4187,976,460
1779135304.0260983,4188,976,460
1779135304.0348878,4189,976,460
1779135304.048582,4190,976,459
1779135304.057387,4191,976,459
1779135304.0736537,4192,976,460
1779135304.0811212,4193,976,460
1779135304.0811455,4194,976,460
1779135304.0898533,4195,976,459
1779135304.106098,4196,976,459
1779135304.1073425,4197,976,459
1779135304.1210988,4198,976,458
1779135304.1349237,4199,923,458
1779135304.1411598,4200,779,458
1779135304.1549168,4201,647,458
1779135304.1636221,4202,531,457
1779135304.1724246,4203,432,456
1779135304.1836348,4204,352,456
1779135304.1949646,4205,291,455
1779135304.2037096,4206,246,455
1779135304.2173595,4207,215,455
1779135304.2336552,4208,198,454
1779135304.2423882,4209,189,455
1779135304.242402,4210,185,455
1779135304.251151,4211,185,454
1779135304.2761276,4212,187,454
1779135304.2773268,4213,190,454
1779135304.3023517,4214,191,454
1779135304.303604,4215,193,454
1779135304.3249605,4216,193,454
1779135304.326108,4217,192,453
1779135304.3273525,4218,189,453
1779135304.3411884,4219,184,454
1779135304.3423696,4220,176,454
1779135304.3574095,4221,168,454
1779135304.3662155,4222,160,452
1779135304.3750753,4223,153,453
1779135304.3949847,4224,145,454
1779135304.4023955,4225,141,453
1779135304.4024212,4226,136,452
1779135304.411272,4227,133,452
1779135304.4224088,4228,130,453
1779135304.436119,4229,130,452
1779135304.442408,4230,133,454
1779135304.467408,4231,134,454
1779135304.468712,4232,137,454
1779135304.4824727,4233,142,454
1779135304.483724,4234,145,454
1779135304.49736,4235,151,455
1779135304.5049655,4236,154,455
1779135304.5136719,4237,158,456
1779135304.5277655,4238,161,456
1779135304.5363739,4239,167,456
1779135304.552403,4240,176,456
1779135304.561179,4241,195,457
1779135304.5611928,4242,232,457
1779135304.5748951,4243,295,457
1779135304.5811322,4244,385,457
1779135304.5949397,4245,502,457
1779135304.6036606,4246,646,457
1779135304.6124249,4247,810,457
1779135304.6424885,4248,972,455
1779135304.643755,4249,976,455
1779135304.6686704,4250,976,455
1779135304.6698701,4251,976,455
1779135304.6899128,4252,976,455
1779135304.6911156,4253,976,454
1779135304.6923728,4254,976,455
1779135304.693626,4255,976,454
1779135304.7049918,4256,976,453
1779135304.7149804,4257,976,452
1779135304.7237024,4258,976,452
1779135304.7374346,4259,976,451
1779135304.7436368,4260,976,450
1779135304.7523725,4261,976,449
1779135304.766178,4262,976,449
1779135304.775009,4263,976,448
1779135304.7862456,4264,976,447
1779135304.7949884,4265,976,446
1779135304.8086593,4266,976,446
1779135304.817434,4267,976,444
1779135304.828619,4268,976,444
1779135304.837373,4269,976,443
1779135304.8511634,4270,976,443
1779135304.8599136,4271,976,442
1779135304.8712013,4272,976,440
1779135304.871228,4273,859,440
1779135304.8798933,4274,705,440
1779135304.8936472,4275,565,440
1779135304.90239,4276,444,439
1779135304.9111269,4277,345,439
1779135304.9224215,4278,270,438
1779135304.931136,4279,218,438
1779135304.9473977,4280,188,438
1779135304.9486313,4281,174,437
1779135304.9624205,4282,176,437
1779135304.9761057,4283,188,437
1779135304.9824123,4284,207,438
1779135305.0100021,4285,228,438
1779135305.011243,4286,246,438
1779135305.0361378,4287,262,437
1779135305.0411706,4288,271,438
1779135305.0411987,4289,277,438
1779135305.042388,4290,281,437
1779135305.0561757,4291,279,438
1779135305.0624092,4292,275,438
1779135305.0761652,4293,270,438
1779135305.0824249,4294,264,439
1779135305.1073952,4295,256,439
1779135305.1086597,4296,243,439
1779135305.122436,4297,227,440
1779135305.1236305,4298,209,440
1779135305.1337483,4299,189,440
1779135305.1450021,4300,168,440
1779135305.1537466,4301,149,439
1779135305.1675458,4302,131,439
1779135305.176288,4303,116,439
1779135305.1924787,4304,102,439
1779135305.192495,4305,88,439
1779135305.201185,4306,78,440
1779135305.2150667,4307,68,440
1779135305.221298,4308,61,440
1779135305.2324328,4309,58,440
1779135305.246205,4310,58,440
1779135305.2549174,4311,58,440
1779135305.266267,4312,58,440
1779135305.2750182,4313,59,441
1779135305.2887506,4314,63,441
1779135305.297434,4315,70,441
1779135305.308683,4316,81,442
1779135305.3175323,4317,104,442
1779135305.333949,4318,145,442
1779135305.335005,4319,208,443
1779135305.3512523,4320,299,443
1779135305.3513045,4321,416,444
1779135305.3763316,4322,559,444
1779135305.3773887,4323,720,445
1779135305.4025872,4324,887,446
1779135305.403713,4325,975,445
1779135305.4286902,4326,976,445
1779135305.4299023,4327,976,446
1779135305.4338102,4328,976,446
1779135305.4349813,4329,976,448
1779135305.4487164,4330,976,446
1779135305.453715,4331,976,447
1779135305.4700668,4332,976,447
1779135305.4712746,4333,976,447
1779135305.4951246,4334,976,447
1779135305.4963005,4335,976,448
1779135305.5126326,4336,976,448
1779135305.5126672,4337,976,447
1779135305.5212502,4338,976,447
1779135305.5350363,4339,976,448
1779135305.5437057,4340,976,448
1779135305.5525265,4341,976,448
1779135305.566256,4342,976,447
1779135305.5752401,4343,976,447
1779135305.5864015,4344,976,448
1779135305.594916,4345,976,447
1779135305.6086743,4346,976,447
1779135305.617385,4347,974,447
1779135305.6300201,4348,814,447
1779135305.6375403,4349,670,447
1779135305.6512008,4350,540,447
1779135305.65738,4351,430,446
1779135305.6636355,4352,343,447
1779135305.672434,4353,279,446
1779135305.681189,4354,235,446
1779135305.6948926,4355,209,446
1779135305.7011795,4356,199,446
1779135305.7150238,4357,200,446
1779135305.7287555,4358,211,446
1779135305.7664487,4359,226,446
1779135305.767423,4360,243,446
1779135305.7924614,4361,260,445
1779135305.7936537,4362,273,445
1779135305.8186736,4363,284,445
1779135305.8199015,4364,290,445
1779135305.8324347,4365,291,445
1779135305.8336623,4366,287,446
1779135305.8349097,4367,278,445
1779135305.8374407,4368,266,445
1779135305.8374555,4369,253,446
1779135305.853658,4370,239,445
1779135305.8549192,4371,225,445
1779135305.863681,4372,210,444
1779135305.8724372,4373,195,443
1779135305.886177,4374,183,444
1779135305.8948898,4375,171,444
1779135305.906189,4376,160,444
1779135305.9149282,4377,148,444
1779135305.9287748,4378,140,444
1779135305.9376054,4379,132,444
1779135305.9487233,4380,126,445
1779135305.9574127,4381,121,444
1779135305.9686787,4382,114,444
1779135305.982418,4383,109,444
1779135305.993748,4384,103,444
1779135305.9937716,4385,100,444
1779135306.003659,4386,99,444
1779135306.012512,4387,104,444
1779135306.0237942,4388,116,444
1779135306.0324125,4389,139,444
1779135306.0462167,4390,179,444
1779135306.055008,4391,244,444
1779135306.0700376,4392,339,444
1779135306.071202,4393,461,445
1779135306.0849197,4394,609,446
1779135306.1124384,4395,775,446
1779135306.1136813,4396,950,446
1779135306.1388073,4397,976,446
1779135306.139937,4398,976,446
1779135306.1624906,4399,976,446
1779135306.164995,4400,976,446
1779135306.1650107,4401,976,446
1779135306.166164,4402,976,447
1779135306.1749163,4403,976,448
1779135306.1823983,4404,976,448
1779135306.1912036,4405,976,448
1779135306.2050316,4406,976,448
1779135306.2136877,4407,976,449
1779135306.2249372,4408,976,450
1779135306.2336617,4409,976,450
1779135306.2474513,4410,976,449
1779135306.2562845,4411,976,449
1779135306.2675319,4412,976,450
1779135306.2799428,4413,976,450
1779135306.2887561,4414,976,449
1779135306.3025067,4415,976,449
1779135306.3138237,4416,976,451
1779135306.3138926,4417,976,451
1779135306.3226893,4418,976,451
1779135306.3312461,4419,976,451
1779135306.3426611,4420,976,451
1779135306.3562777,4421,893,451
1779135306.3625402,4422,745,452
1779135306.3875806,4423,611,452
1779135306.3888032,4424,496,452
1779135306.4050634,4425,404,452
1779135306.4062886,4426,335,452
1779135306.4201078,4427,286,452
1779135306.4212072,4428,254,452
1779135306.4362235,4429,237,452
1779135306.4450176,4430,229,452
1779135306.470218,4431,231,452
1779135306.4964032,4432,236,452
1779135306.4964912,4433,241,452
1779135306.4975157,4434,246,452
1779135306.522497,4435,251,452
1779135306.523697,4436,255,453
1779135306.5338209,4437,255,453
1779135306.5349762,4438,253,453
1779135306.5361767,4439,247,454
1779135306.5525124,4440,237,453
1779135306.5536873,4441,225,453
1779135306.5675542,4442,212,454
1779135306.5762212,4443,198,454
1779135306.5875707,4444,184,455
1779135306.596359,4445,171,455
1779135306.6087995,4446,158,455
1779135306.6226816,4447,146,455
1779135306.6338048,4448,135,455
1779135306.6338477,4449,126,455
1779135306.6424546,4450,120,454
1779135306.6512628,4451,116,455
1779135306.6625454,4452,114,456
1779135306.676241,4453,114,456
1779135306.682498,4454,115,456
1779135306.696288,4455,118,457
1779135306.704987,4456,121,457
1779135306.7137127,4457,124,457
1779135306.7274926,4458,129,458
1779135306.736375,4459,134,458
1779135306.747519,4460,143,459
1779135306.7613258,4461,157,459
1779135306.7663295,4462,182,459
1779135306.7801821,4463,227,460
1779135306.7913818,4464,299,460
1779135306.7914162,4465,401,460
1779135306.8000562,4466,536,460
1779135306.8113334,4467,700,462
1779135306.8226397,4468,882,461
1779135306.84746,4469,975,461
1779135306.8487313,4470,976,461
1779135306.8737397,4471,976,463
1779135306.8749397,4472,976,462
1779135306.8950453,4473,976,462
1779135306.8963015,4474,976,462
1779135306.8976347,4475,976,462
1779135306.9138205,4476,976,463
1779135306.9187944,4477,976,462
1779135306.927568,4478,976,462
1779135306.9415028,4479,976,462
1779135306.9525893,4480,976,463
1779135306.9526277,4481,976,462
1779135306.9663043,4482,976,462
1779135306.972462,4483,976,462
1779135306.9836912,4484,976,464
1779135306.9924622,4485,976,463
1779135307.006241,4486,976,463
1779135307.0312476,4487,976,463
1779135307.0324225,4488,976,465
1779135307.0462232,4489,976,464
1779135307.0474503,4490,976,464
1779135307.0612545,4491,976,465
1779135307.0624456,4492,976,465
1779135307.0774696,4493,976,465
1779135307.0862935,4494,976,466
1779135307.1000812,4495,976,466
1779135307.1113272,4496,976,467
1779135307.1113446,4497,976,467
1779135307.1200686,4498,976,467
1779135307.1311748,4499,976,467
1779135307.1424873,4500,976,467
1779135307.1512306,4501,975,469
1779135307.1649716,4502,841,468
1779135307.173707,4503,703,469
1779135307.1849287,4504,577,470
1779135307.211238,4505,473,470
1779135307.2125506,4506,387,471
1779135307.237505,4507,317,471
1779135307.2388065,4508,260,471
1779135307.2637303,4509,217,471
1779135307.2649276,4510,185,472
1779135307.2687075,4511,163,473
1779135307.2712631,4512,148,472
1779135307.271296,4513,139,473
1779135307.2862234,4514,132,474
1779135307.291224,4515,129,475
1779135307.302468,4516,127,475
1779135307.311215,4517,126,475
1779135307.3250368,4518,124,476
1779135307.333793,4519,122,476
1779135307.3438241,4520,121,476
1779135307.3525229,4521,123,476
1779135307.3663106,4522,123,477
1779135307.3749897,4523,126,477
1779135307.386249,4524,128,476
1779135307.3951452,4525,132,476
1779135307.4087634,4526,138,476
1779135307.4174728,4527,144,476
1779135307.4338334,4528,150,477
1779135307.4338932,4529,156,478
1779135307.4425774,4530,160,478
1779135307.4512367,4531,163,478
1779135307.4624722,4532,165,478
1779135307.4712076,4533,166,478
1779135307.4850805,4534,163,479
1779135307.4937012,4535,163,478
1779135307.5049953,4536,158,479
1779135307.518869,4537,156,480
1779135307.523711,4538,155,480
1779135307.5374823,4539,167,480
1779135307.5462494,4540,197,480
1779135307.5549655,4541,258,481
1779135307.580122,4542,355,481
1779135307.5813382,4543,491,481
1779135307.607525,4544,660,481
1779135307.6075437,4545,858,483
1779135307.6325026,4546,976,482
1779135307.6337554,4547,976,482
1779135307.634971,4548,976,482
1779135307.6362243,4549,976,482
1779135307.6488624,4550,976,483
1779135307.680101,4551,976,483
1779135307.6813204,4552,976,483
1779135307.6825137,4553,976,484
1779135307.6837618,4554,976,483
1779135307.6975071,4555,976,484
1779135307.7037063,4556,976,484
1779135307.7174764,4557,976,484
1779135307.7262523,4558,976,484
1779135307.7350016,4559,976,484
1779135307.7500148,4560,976,484
1779135307.7500443,4561,976,484
1779135307.7612183,4562,976,485
1779135307.7699804,4563,976,484
1779135307.7862735,4564,976,485
1779135307.7874484,4565,976,484
1779135307.8012617,4566,976,486
1779135307.8150158,4567,976,485
1779135307.821236,4568,976,484
1779135307.8349814,4569,976,484
1779135307.8437092,4570,976,485
1779135307.8549535,4571,976,484
1779135307.8662355,4572,976,486
1779135307.874983,4573,976,484
1779135307.8886948,4574,976,484
1779135307.8975232,4575,976,484
1779135307.9137952,4576,976,485
1779135307.9138143,4577,976,484
1779135307.922494,4578,976,484
1779135307.9474826,4579,976,485
1779135307.9487116,4580,854,484
1779135307.9738252,4581,704,484
1779135307.9749641,4582,567,484
1779135308.0000658,4583,449,483
1779135308.0012197,4584,348,484
1779135308.0050468,4585,268,483
1779135308.0062344,4586,206,483
1779135308.020015,4587,160,483
1779135308.0262415,4588,128,482
1779135308.0349889,4589,112,483
1779135308.0488756,4590,104,483
1779135308.05756,4591,105,482
1779135308.0762758,4592,107,482
1779135308.0762997,4593,112,482
1779135308.0774527,4594,120,482
1779135308.0913846,4595,125,481
1779135308.1025221,4596,131,481
1779135308.1112201,4597,134,481
1779135308.1250055,4598,134,480
1779135308.133835,4599,135,480
1779135308.1450746,4600,131,480
1779135308.1538112,4601,127,480
1779135308.167536,4602,120,480
1779135308.1737335,4603,113,480
1779135308.1899986,4604,106,479
1779135308.1912613,4605,101,479
1779135308.2050645,4606,98,478
1779135308.21892,4607,97,478
1779135308.2351196,4608,101,477
1779135308.235133,4609,107,477
1779135308.2438009,4610,114,477
1779135308.2525005,4611,123,478
1779135308.2637846,4612,132,478
1779135308.2800114,4613,140,477
1779135308.2812629,4614,144,477
1779135308.3063135,4615,146,476
1779135308.3074706,4616,146,477
1779135308.3325808,4617,145,477
1779135308.3339133,4618,142,477
1779135308.3589594,4619,142,478
1779135308.3601289,4620,148,478
1779135308.3851614,4621,164,478
1779135308.3863652,4622,200,478
1779135308.3963866,4623,263,479
1779135308.3989584,4624,357,479
1779135308.3989913,4625,487,479
1779135308.4000053,4626,651,480
1779135308.4141212,4627,839,480
1779135308.4200222,4628,976,481
1779135308.4340224,4629,976,481
1779135308.442577,4630,976,482
1779135308.4562724,4631,976,484
1779135308.4625685,4632,976,483
1779135308.476395,4633,976,484
1779135308.4850514,4634,976,484
1779135308.498772,4635,976,486
1779135308.5050335,4636,976,486
1779135308.5188358,4637,976,487
1779135308.5325282,4638,976,488
1779135308.5387816,4639,976,487
1779135308.5513234,4640,976,488
1779135308.5513513,4641,976,488
1779135308.565126,4642,976,490
1779135308.5739088,4643,976,491
1779135308.585072,4644,976,490
1779135308.59378,4645,976,491
1779135308.6075063,4646,976,491
1779135308.6164289,4647,976,491
1779135308.6275134,4648,976,492
1779135308.636277,4649,976,491
1779135308.6500294,4650,976,492
1779135308.658755,4651,976,492
1779135308.6913161,4652,976,492
1779135308.692514,4653,976,492
1779135308.7138782,4654,976,491
1779135308.7151399,4655,976,491
1779135308.716403,4656,976,491
1779135308.7164097,4657,976,491
1779135308.721321,4658,886,490
1779135308.73508,4659,732,489
1779135308.7412288,4660,593,489
1779135308.7525086,4661,474,488
1779135308.7612655,4662,377,487
1779135308.7750406,4663,304,487
1779135308.7837622,4664,250,486
1779135308.7937386,4665,212,485
1779135308.802549,4666,189,484
1779135308.8162677,4667,176,483
1779135308.825045,4668,171,483
1779135308.8362567,4669,168,483
1779135308.8452585,4670,169,482
1779135308.8587396,4671,169,481
1779135308.871324,4672,170,481
1779135308.8713472,4673,169,481
1779135308.8850334,4674,167,480
1779135308.892842,4675,163,478
1779135308.9012554,4676,158,479
1779135308.9124873,4677,151,477
1779135308.9212413,4678,143,477
1779135308.9464982,4679,134,476
1779135308.9475222,4680,124,476
1779135308.9612863,4681,115,475
1779135308.9625096,4682,106,475
1779135308.9763556,4683,99,475
1779135308.9850283,4684,94,473
1779135308.9963007,4685,92,472
1779135309.005059,4686,91,473
1779135309.01886,4687,92,472
1779135309.0739198,4688,93,472
1779135309.0739565,4689,97,472
1779135309.0750172,4690,102,471
1779135309.076267,4691,108,470
1779135309.0775003,4692,111,470
1779135309.078756,4693,115,470
1779135309.0838475,4694,119,469
1779135309.0975072,4695,122,470
1779135309.1025267,4696,123,470
1779135309.1138477,4697,124,470
1779135309.1275098,4698,124,470
1779135309.1337736,4699,123,470
1779135309.147579,4700,122,470
1779135309.1538615,4701,124,470
1779135309.1676738,4702,125,471
1779135309.176322,4703,129,470
1779135309.1938765,4704,133,471
1779135309.193898,4705,142,471
1779135309.2025292,4706,159,471
1779135309.2112699,4707,191,472
1779135309.2250502,4708,249,472
1779135309.231292,4709,339,472
1779135309.2450447,4710,464,472
1779135309.2538645,4711,622,473
1779135309.2626433,4712,804,474
1779135309.2739475,4713,976,474
1779135309.2875168,4714,976,475
1779135309.2938578,4715,976,476
1779135309.307653,4716,976,476
1779135309.3163338,4717,976,477
1779135309.3251476,4718,976,477
1779135309.338895,4719,976,477
1779135309.3513646,4720,976,479
1779135309.3514068,4721,976,478
1779135309.36016,4722,976,479
1779135309.3738573,4723,976,479
1779135309.3825371,4724,976,479
1779135309.393832,4725,976,479
1779135309.4200265,4726,976,479
1779135309.42128,4727,976,479
1779135309.446291,4728,976,479
1779135309.447498,4729,976,480
1779135309.4712908,4730,976,480
1779135309.4725087,4731,976,480
1779135309.4738414,4732,976,480
1779135309.474991,4733,976,480
1779135309.4900327,4734,976,480
1779135309.498843,4735,976,480
1779135309.5113173,4736,976,480
1779135309.5113373,4737,976,479
1779135309.5212848,4738,976,479
1779135309.5350926,4739,976,480
1779135309.5400138,4740,976,479
1779135309.5562978,4741,976,479
1779135309.5650547,4742,976,479
1779135309.5900223,4743,883,479
1779135309.5912514,4744,743,479
1779135309.6025963,4745,618,479
1779135309.6038501,4746,508,478
1779135309.6175842,4747,419,478
1779135309.62635,4748,349,478
1779135309.6375382,4749,297,477
1779135309.646265,4750,259,477
1779135309.6600358,4751,235,477
1779135309.6725962,4752,217,477
1779135309.6726167,4753,205,476
1779135309.6863067,4754,197,476
1779135309.6913013,4755,191,475
1779135309.7051399,4756,185,475
1779135309.7113965,4757,182,476
1779135309.7288415,4758,177,475
1779135309.7300808,4759,173,475
1779135309.743927,4760,165,475
1779135309.7551055,4761,159,475
1779135309.7638261,4762,153,475
1779135309.7890196,4763,147,475
1779135309.7901711,4764,140,475
1779135309.8150718,4765,136,475
1779135309.8163636,4766,131,475
1779135309.8363905,4767,126,476
1779135309.8389707,4768,121,474
1779135309.838996,4769,120,474
1779135309.8401117,4770,121,474
1779135309.8550634,4771,123,475
1779135309.8601372,4772,125,475
1779135309.8762906,4773,125,475
1779135309.8850827,4774,126,476
1779135309.8938484,4775,127,476
1779135309.9075837,4776,129,476
1779135309.9138432,4777,131,477
1779135309.9278007,4778,132,476
1779135309.9401314,4779,135,477
1779135309.9451456,4780,135,477
1779135309.9562864,4781,136,477
1779135309.9651425,4782,137,477
1779135309.9788837,4783,142,477
1779135309.9913557,4784,151,478
1779135309.9913793,4785,175,478
1779135310.0000734,4786,219,478
1779135310.01387,4787,290,479
1779135310.022599,4788,394,479
1779135310.0338523,4789,528,479
1779135310.042542,4790,687,480
1779135310.0563188,4791,865,480
1779135310.065056,4792,976,480
1779135310.076313,4793,976,480
1779135310.0900536,4794,976,480
1779135310.0950646,4795,976,481
1779135310.1088474,4796,976,481
1779135310.115031,4797,976,481
1779135310.1288695,4798,976,481
1779135310.1563861,4799,976,481
1779135310.1827173,4800,976,482
1779135310.1827478,4801,976,482
1779135310.1839478,4802,976,482
1779135310.207551,4803,976,482
1779135310.2088263,4804,976,482
1779135310.2401567,4805,976,482
1779135310.2414017,4806,976,483
1779135310.2427204,4807,976,483
1779135310.2440932,4808,976,483
1779135310.2452235,4809,976,483
1779135310.2464511,4810,976,482
1779135310.2575727,4811,976,484
1779135310.2664068,4812,976,482
1779135310.2776673,4813,976,482
1779135310.2913558,4814,976,482
1779135310.2975435,4815,976,482
1779135310.3025384,4816,976,481
1779135310.3138425,4817,976,480
1779135310.3226337,4818,955,480
1779135310.336399,4819,794,480
1779135310.3451133,4820,642,479
1779135310.3576863,4821,510,479
1779135310.3663998,4822,396,478
1779135310.3750525,4823,304,477
1779135310.389377,4824,232,476
1779135310.3951297,4825,181,476
1779135310.4093947,4826,148,475
1779135310.4175785,4827,128,475
1779135310.4263995,4828,121,474
1779135310.4375534,4829,123,473
1779135310.4463425,4830,131,474
1779135310.4625592,4831,142,473
1779135310.4725847,4832,153,473
1779135310.4726174,4833,165,472
1779135310.481303,4834,175,473
1779135310.4951491,4835,179,472
1779135310.5300531,4836,178,472
1779135310.5313008,4837,175,472
1779135310.5500891,4838,171,472
1779135310.551303,4839,167,472
1779135310.5525832,4840,161,472
1779135310.5538435,4841,156,472
1779135310.5675955,4842,151,472
1779135310.5763407,4843,148,472
1779135310.585061,4844,145,472
1779135310.5962994,4845,143,472
1779135310.6100655,4846,140,472
1779135310.6163836,4847,138,472
1779135310.63268,4848,135,472
1779135310.6326966,4849,135,472
1779135310.6463985,4850,134,472
1779135310.651395,4851,135,471
1779135310.6676147,4852,137,471
1779135310.668862,4853,141,471
1779135310.683948,4854,143,471
1779135310.692531,4855,146,472
1779135310.7064447,4856,148,472
1779135310.7126162,4857,149,471
1779135310.7263227,4858,147,472
1779135310.7350624,4859,145,471
1779135310.7489772,4860,141,471
1779135310.755136,4861,136,472
1779135310.7688565,4862,130,472
1779135310.7825978,4863,126,472
1779135310.7926025,4864,122,472
1779135310.7926197,4865,125,472
1779135310.801302,4866,138,472
1779135310.8152115,4867,170,472
1779135310.8240721,4868,227,473
1779135310.83504,4869,320,473
1779135310.8488655,4870,451,473
1779135310.8740523,4871,614,473
1779135310.8752124,4872,801,473
1779135310.9002542,4873,975,473
1779135310.9013216,4874,976,473
1779135310.9263868,4875,976,473
1779135310.9275627,4876,976,473
1779135310.9488633,4877,976,473
1779135310.9501266,4878,976,474
1779135310.9514003,4879,976,473
1779135310.9541712,4880,976,473
1779135310.9541826,4881,976,475
1779135310.9638474,4882,976,473
1779135310.9725907,4883,976,474
1779135310.9813485,4884,976,473
1779135310.9975762,4885,976,473
1779135310.9989038,4886,976,473
1779135311.0125775,4887,976,473
1779135311.0264292,4888,976,473
1779135311.032657,4889,976,472
1779135311.0464098,4890,976,472
1779135311.0552235,4891,976,472
1779135311.063929,4892,976,472
1779135311.0801115,4893,976,471
1779135311.0814526,4894,976,471
1779135311.097599,4895,976,470
1779135311.1150854,4896,976,470
1779135311.1151054,4897,976,469
1779135311.1240065,4898,976,469
1779135311.1326275,4899,976,467
1779135311.1464243,4900,976,467
1779135311.152601,4901,976,467
1779135311.166379,4902,976,465
1779135311.1752822,4903,976,464
1779135311.1839366,4904,896,464
1779135311.195127,4905,743,464
1779135311.2038987,4906,606,463
1779135311.2175808,4907,489,462
1779135311.226438,4908,393,462
1779135311.2551694,4909,319,461
1779135311.2563705,4910,263,460
1779135311.2814145,4911,226,459
1779135311.3076758,4912,204,459
1779135311.307696,4913,194,458
1779135311.30889,4914,190,457
1779135311.3125875,4915,191,457
1779135311.3138585,4916,193,457
1779135311.3150487,4917,197,456
1779135311.325134,4918,201,456
1779135311.3339746,4919,206,456
1779135311.3426564,4920,207,455
1779135311.353921,4921,207,455
1779135311.362681,4922,203,455
1779135311.376394,4923,194,454
1779135311.3851376,4924,184,454
1779135311.39638,4925,175,454
1779135311.4051597,4926,162,453
1779135311.4189372,4927,150,453
1779135311.431517,4928,139,452
1779135311.4315627,4929,127,452
1779135311.4401817,4930,116,451
1779135311.453994,4931,106,451
1779135311.4629211,4932,97,449
1779135311.4740918,4933,91,450
1779135311.4827843,4934,87,450
1779135311.5189066,4935,86,449
1779135311.5201268,4936,88,448
1779135311.5213573,4937,92,447
1779135311.5226235,4938,97,447
1779135311.5376394,4939,102,446
1779135311.546463,4940,105,446
1779135311.557691,4941,109,445
1779135311.5664525,4942,115,445
1779135311.5801268,4943,120,445
1779135311.5926447,4944,125,445
1779135311.5926685,4945,130,444
1779135311.601376,4946,135,443
1779135311.6264489,4947,139,444
1779135311.6276278,4948,144,443
1779135311.6539164,4949,148,444
1779135311.655103,4950,153,443
1779135311.673978,4951,156,444
1779135311.6751823,4952,163,444
1779135311.6763844,4953,178,444
1779135311.6864777,4954,204,444
1779135311.7002134,4955,253,444
1779135311.7051873,4956,332,444
1779135311.7252588,4957,449,445
1779135311.7265198,4958,603,445
1779135311.7401016,4959,787,445
1779135311.7526252,4960,975,444
1779135311.7526405,4961,976,446
1779135311.761375,4962,976,445
1779135311.7751327,4963,976,445
1779135311.7838619,4964,976,444
1779135311.795086,4965,976,446
1779135311.8038595,4966,976,446
1779135311.817644,4967,976,445
1779135311.826337,4968,976,445
1779135311.8338203,4969,976,445
1779135311.8475747,4970,976,446
1779135311.8565803,4971,976,446
1779135311.8703482,4972,976,445
1779135311.8764563,4973,976,446
1779135311.8901296,4974,976,446
1779135311.9038818,4975,976,447
1779135311.9125757,4976,976,448
1779135311.9125967,4977,976,448
1779135311.9239478,4978,976,450
1779135311.9326262,4979,976,450
1779135311.9425955,4980,976,451
1779135311.9564352,4981,976,452
1779135311.9651403,4982,976,452
1779135311.9914286,4983,976,454
1779135311.9926093,4984,976,455
1779135312.0177546,4985,976,457
1779135312.0189326,4986,976,458
1779135312.0414305,4987,976,459
1779135312.0426226,4988,976,461
1779135312.0439193,4989,976,461
1779135312.0489228,4990,976,462
1779135312.0626721,4991,976,464
1779135312.0713906,4992,976,464
1779135312.07141,4993,976,465
1779135312.085106,4994,976,465
1779135312.0913844,4995,976,465
1779135312.1051247,4996,976,467
1779135312.1138606,4997,976,467
1779135312.1276371,4998,828,467
1779135312.1526856,4999,679,467
1779135312.153858,5000,543,467
1779135312.1651988,5001,425,466
1779135312.1667056,5002,324,465
1779135312.177586,5003,244,465
1779135312.1865206,5004,181,464
1779135312.200082,5005,135,464
1779135312.208851,5006,99,463
1779135312.2201226,5007,78,462
1779135312.2251112,5008,63,462
1779135312.233866,5009,56,461
1779135312.2426386,5010,54,461
1779135312.253882,5011,55,461
1779135312.2627006,5012,57,461
1779135312.2763574,5013,61,460
1779135312.2851295,5014,65,460
1779135312.2963614,5015,69,459
1779135312.3050885,5016,74,460
1779135312.3188796,5017,80,459
1779135312.3277094,5018,85,459
1779135312.360415,5019,91,459
1779135312.3615146,5020,95,459
1779135312.3864694,5021,99,458
1779135312.387698,5022,102,457
1779135312.3888748,5023,105,457
1779135312.391393,5024,108,457
1779135312.3914154,5025,113,457
1779135312.4051976,5026,119,457
1779135312.4113991,5027,125,457
1779135312.4253342,5028,133,457
1779135312.4315615,5029,142,457
1779135312.4455082,5030,149,457
1779135312.4514377,5031,156,458
1779135312.4653397,5032,163,459
1779135312.4752257,5033,167,460
1779135312.4840014,5034,169,460
1779135312.4952593,5035,172,461
1779135312.5089467,5036,176,462
1779135312.5139654,5037,191,463
1779135312.527894,5038,224,463
1779135312.5389402,5039,283,463
1779135312.552718,5040,376,465
1779135312.552738,5041,506,466
1779135312.56143,5042,668,466
1779135312.5726798,5043,859,468
1779135312.5838978,5044,976,467
1779135312.592732,5045,976,468
1779135312.6065505,5046,976,468
1779135312.6126764,5047,976,470
1779135312.626493,5048,976,470
1779135312.6352513,5049,976,472
1779135312.6439848,5050,976,472
1779135312.65537,5051,976,472
1779135312.6640313,5052,976,472
1779135312.6777782,5053,976,473
1779135312.6866226,5054,976,473
1779135312.696496,5055,976,473
1779135312.7227957,5056,976,474
1779135312.7228487,5057,976,475
1779135312.7476764,5058,976,475
1779135312.7489715,5059,976,475
1779135312.7640061,5060,976,475
1779135312.7651694,5061,976,476
1779135312.7664175,5062,976,475
1779135312.7952125,5063,976,475
1779135312.796398,5064,976,476
1779135312.805154,5065,976,475
1779135312.806392,5066,976,475
1779135312.8176522,5067,976,475
1779135312.826409,5068,976,476
1779135312.8352244,5069,976,474
1779135312.84892,5070,976,474
1779135312.857651,5071,976,473
1779135312.8639028,5072,976,472
1779135312.8726141,5073,976,473
1779135312.8813868,5074,976,472
1779135312.8926544,5075,976,472
1779135312.9013846,5076,976,473
1779135312.9151495,5077,868,472
1779135312.9239197,5078,728,471
1779135312.9352543,5079,600,471
1779135312.9438996,5080,489,471
1779135312.957723,5081,398,470
1779135312.966408,5082,323,470
1779135312.9776866,5083,266,470
1779135312.9863563,5084,223,470
1779135313.0001092,5085,191,469
1779135313.0076692,5086,167,469
1779135313.0238924,5087,152,468
1779135313.031418,5088,142,468
1779135313.03143,5089,138,468
1779135313.0401044,5090,134,468
1779135313.0563824,5091,134,468
1779135313.0575984,5092,135,467
1779135313.071396,5093,136,468
1779135313.096427,5094,138,468
1779135313.0976539,5095,140,468
1779135313.1227393,5096,140,468
1779135313.1239243,5097,142,467
1779135313.1475105,5098,142,467
1779135313.1483123,5099,142,466
1779135313.149043,5100,140,465
1779135313.1589243,5101,140,465
1779135313.1652617,5102,139,465
1779135313.1764388,5103,139,465
1779135313.191503,5104,139,465
1779135313.1915252,5105,143,465
1779135313.2052462,5106,145,464
1779135313.2152925,5107,147,464
1779135313.2239754,5108,147,463
1779135313.2326841,5109,149,462
1779135313.246415,5110,150,462
1779135313.2526371,5111,152,462
1779135313.2664332,5112,154,461
1779135313.2751439,5113,158,461
1779135313.2838774,5114,167,460
1779135313.295252,5115,187,459
1779135313.3039215,5116,223,460
1779135313.3177829,5117,286,459
1779135313.325391,5118,379,458
1779135313.336576,5119,507,458
1779135313.3502061,5120,667,459
1779135313.3502512,5121,851,458
1779135313.3643305,5122,976,456
1779135313.3703241,5123,976,455
1779135313.384039,5124,976,456
1779135313.3927698,5125,976,455
1779135313.4014273,5126,976,455
1779135313.430154,5127,976,454
1779135313.4314086,5128,976,454
1779135313.4564085,5129,976,454
1779135313.457622,5130,976,454
1779135313.4826753,5131,976,454
1779135313.483865,5132,976,453
1779135313.5089204,5133,976,453
1779135313.5101695,5134,976,452
1779135313.5176532,5135,976,452
1779135313.5201874,5136,976,451
1779135313.5201995,5137,976,451
1779135313.5213978,5138,976,452
1779135313.532686,5139,976,451
1779135313.5413918,5140,976,451
1779135313.5551882,5141,976,451
1779135313.563994,5142,976,450
1779135313.575233,5143,976,449
1779135313.5839286,5144,976,449
1779135313.5976422,5145,976,450
1779135313.6063995,5146,976,450
1779135313.6176722,5147,976,448
1779135313.626504,5148,976,449
1779135313.6376975,5149,976,448
1779135313.6465197,5150,975,448
1779135313.6627853,5151,813,448
1779135313.671502,5152,665,448
1779135313.6715193,5153,538,447
1779135313.685332,5154,432,447
1779135313.694022,5155,350,447
1779135313.7052395,5156,286,446
1779135313.7138867,5157,243,446
1779135313.7277064,5158,216,445
1779135313.7351894,5159,200,445
1779135313.746411,5160,193,444
1779135313.7551634,5161,192,444
1779135313.7689266,5162,192,444
1779135313.7777164,5163,195,444
1779135313.7889037,5164,198,444
1779135313.7976484,5165,199,444
1779135313.8239615,5166,196,444
1779135313.8252404,5167,192,444
1779135313.851428,5168,186,444
1779135313.8514514,5169,177,444
1779135313.8764389,5170,165,444
1779135313.8776455,5171,153,444
1779135313.8827384,5172,137,444
1779135313.8838785,5173,124,443
1779135313.8852336,5174,111,443
1779135313.8990097,5175,100,443
1779135313.900242,5176,91,442
1779135313.9152684,5177,87,442
1779135313.9240317,5178,84,442
1779135313.9390316,5179,82,442
1779135313.945249,5180,83,442
1779135313.95398,5181,85,442
1779135313.9678042,5182,87,441
1779135313.981425,5183,90,442
1779135313.9927435,5184,94,443
1779135313.9927688,5185,98,443
1779135314.0013967,5186,100,442
1779135314.0152555,5187,106,443
1779135314.0215034,5188,115,443
1779135314.0352304,5189,133,443
1779135314.043999,5190,164,443
1779135314.0803444,5191,217,443
1779135314.0815346,5192,297,444
1779135314.0827684,5193,412,444
1779135314.0839658,5194,560,444
1779135314.097696,5195,739,446
1779135314.1089418,5196,940,446
1779135314.1176584,5197,976,445
1779135314.1315181,5198,976,445
1779135314.1402345,5199,976,446
1779135314.1414015,5200,976,446
1779135314.1514344,5201,976,446
1779135314.1652493,5202,976,446
1779135314.1714604,5203,976,446
1779135314.1977012,5204,976,447
1779135314.1989543,5205,976,446
1779135314.2239184,5206,976,448
1779135314.2251804,5207,976,447
1779135314.247722,5208,976,447
1779135314.248933,5209,976,448
1779135314.2501702,5210,976,447
1779135314.2564714,5211,976,447
1779135314.2677615,5212,976,447
1779135314.2765572,5213,976,448
1779135314.29031,5214,976,448
1779135314.299074,5215,976,449
1779135314.315221,5216,976,448
1779135314.3152587,5217,976,448
1779135314.3239784,5218,976,449
1779135314.332725,5219,976,448
1779135314.3439813,5220,976,448
1779135314.3527315,5221,976,448
1779135314.365279,5222,976,449
1779135314.374045,5223,976,448
1779135314.3852239,5224,976,447
1779135314.3939784,5225,976,447
1779135314.4079962,5226,976,447
1779135314.4164617,5227,976,447
1779135314.4277806,5228,976,447
1779135314.4365036,5229,869,448
1779135314.4502225,5230,707,447
1779135314.4589787,5231,561,447
1779135314.4627018,5232,435,447
1779135314.4777846,5233,330,447
1779135314.4789765,5234,247,447
1779135314.4927342,5235,184,446
1779135314.504035,5236,137,447
1779135314.517742,5237,107,446
1779135314.5227172,5238,87,446
1779135314.5366218,5239,76,447
1779135314.5677333,5240,71,447
1779135314.56894,5241,71,447
1779135314.5939693,5242,73,446
1779135314.5951872,5243,77,447
1779135314.6053045,5244,81,447
1779135314.6065207,5245,87,447
1779135314.6077216,5246,91,447
1779135314.621564,5247,93,447
1779135314.6227543,5248,94,447
1779135314.632798,5249,95,447
1779135314.6415365,5250,94,447
1779135314.6552982,5251,92,447
1779135314.6614304,5252,89,447
1779135314.6764688,5253,85,446
1779135314.6852126,5254,84,446
1779135314.7104056,5255,84,445
1779135314.7114525,5256,86,445
1779135314.7227247,5257,88,446
1779135314.723928,5258,89,446
1779135314.737708,5259,93,448
1779135314.748965,5260,94,448
1779135314.7577043,5261,97,448
1779135314.7715034,5262,99,449
1779135314.780223,5263,101,451
1779135314.7822316,5264,100,452
1779135314.7917864,5265,100,453
1779135314.800433,5266,100,455
1779135314.8139799,5267,104,457
1779135314.8227081,5268,114,459
1779135314.831475,5269,134,461
1779135314.8453314,5270,175,462
1779135314.8539543,5271,242,463
1779135314.865269,5272,342,464
1779135314.8764853,5273,480,466
1779135314.885196,5274,649,466
1779135314.8989575,5275,841,466
1779135314.9052062,5276,976,466
1779135314.9318054,5277,976,465
1779135314.9326732,5278,976,464
1779135314.9577897,5279,976,464
1779135314.984057,5280,976,465
1779135314.9840856,5281,976,462
1779135314.985198,5282,976,461
1779135314.9864445,5283,976,460
1779135314.9876869,5284,976,459
1779135315.0027118,5285,976,457
1779135315.0039618,5286,976,455
1779135315.0127382,5287,976,454
1779135315.0239391,5288,976,452
1779135315.0327115,5289,976,449
1779135315.0464435,5290,976,447
1779135315.0551915,5291,976,445
1779135315.0664425,5292,976,443
1779135315.0751789,5293,976,442
1779135315.0852075,5294,976,441
1779135315.0990212,5295,976,440
1779135315.115238,5296,976,439
1779135315.1152596,5297,976,438
1779135315.12396,5298,976,437
1779135315.1326838,5299,976,437
1779135315.1439478,5300,976,437
1779135315.1527243,5301,937,436
1779135315.166614,5302,750,435
1779135315.1753078,5303,575,436
1779135315.1865683,5304,422,435
1779135315.1953726,5305,296,435
1779135315.2089357,5306,201,436
1779135315.2177684,5307,137,436
1779135315.228988,5308,97,437
1779135315.2378278,5309,80,437
1779135315.2515423,5310,80,440
1779135315.2602682,5311,92,440
1779135315.2614496,5312,114,441
1779135315.2764583,5313,143,443
1779135315.3015666,5314,177,444
1779135315.3028429,5315,213,446
1779135315.3277514,5316,248,447
1779135315.3289776,5317,281,448
1779135315.3615592,5318,309,450
1779135315.3627758,5319,331,451
1779135315.3878603,5320,345,452
1779135315.3890207,5321,352,454
1779135315.3903477,5322,355,455
1779135315.3916008,5323,353,456
1779135315.3927436,5324,345,457
1779135315.3977077,5325,332,459
1779135315.4064825,5326,309,461
1779135315.4152935,5327,283,463
1779135315.421558,5328,250,465
1779135315.4353154,5329,214,468
1779135315.4403067,5330,175,471
1779135315.4539447,5331,135,475
1779135315.460225,5332,96,478
1779135315.4741848,5333,61,480
1779135315.4827769,5334,30,483
1779135315.4965653,5335,3,486
1779135315.5040472,5336,1,490
1779135315.5177834,5337,1,493
1779135315.5265086,5338,1,496
1779135315.535283,5339,0,499
1779135315.5464804,5340,0,501
1779135315.5553613,5341,0,503
1779135315.569105,5342,0,504
1779135315.5778158,5343,1,505
1779135315.5789683,5344,0,506
1779135315.5940464,5345,1,507
1779135315.602767,5346,0,506
1779135315.611634,5347,1,507
1779135315.6227207,5348,0,508
1779135315.6314788,5349,0,508
1779135315.6615329,5350,0,508
1779135315.6627724,5351,1,510
1779135315.6878335,5352,1,510
1779135315.6890042,5353,0,510
1779135315.6940546,5354,87,510
1779135315.6952868,5355,291,510
1779135315.707784,5356,529,510
1779135315.716534,5357,786,511
1779135315.7302592,5358,976,511
1779135315.7352324,5359,976,511
1779135315.741601,5360,976,511
1779135315.755267,5361,976,512
1779135315.7602332,5362,976,512
1779135315.7740166,5363,976,513
1779135315.7802627,5364,976,512
1779135315.7940047,5365,976,513
1779135315.802744,5366,976,514
1779135315.8140242,5367,976,513
1779135315.8252292,5368,976,513
1779135315.8340526,5369,976,513
1779135315.8478043,5370,976,513
1779135315.8565223,5371,976,515
1779135315.8677866,5372,976,515
1779135315.8815167,5373,976,516
1779135315.8864858,5374,976,515
1779135315.9002934,5375,976,516
1779135315.9014745,5376,976,516
1779135315.9152544,5377,976,518
1779135315.9202235,5378,976,516
1779135315.933985,5379,976,516
1779135315.9403067,5380,976,515
1779135315.9540672,5381,976,515
1779135315.962879,5382,976,514
1779135315.9878075,5383,976,514
1779135315.9889874,5384,976,514
1779135316.0003772,5385,830,513
1779135316.0015142,5386,655,513
1779135316.0278049,5387,500,512
1779135316.0290487,5388,369,512
1779135316.0540886,5389,266,511
1779135316.0553243,5390,188,511
1779135316.0803425,5391,129,510
1779135316.085343,5392,92,510
1779135316.0853624,5393,69,509
1779135316.0865686,5394,60,509
1779135316.0928018,5395,61,509
1779135316.104082,5396,67,508
1779135316.1127193,5397,77,508
1779135316.122749,5398,85,507
1779135316.1365948,5399,94,506
1779135316.143955,5400,100,506
1779135316.1577098,5401,104,506
1779135316.1664803,5402,103,505
1779135316.1802368,5403,99,505
1779135316.1864767,5404,87,505
1779135316.195242,5405,73,504
1779135316.2089956,5406,58,505
1779135316.2177193,5407,43,505
1779135316.218973,5408,30,505
1779135316.2315004,5409,21,505
1779135316.2402291,5410,15,505
1779135316.2539442,5411,10,504
1779135316.260243,5412,7,505
1779135316.2740238,5413,5,505
1779135316.2828143,5414,5,505
1779135316.296598,5415,7,506
1779135316.3028214,5416,11,506
1779135316.3165934,5417,15,507
1779135316.3302894,5418,18,507
1779135316.335258,5419,20,507
1779135316.3515933,5420,23,507
1779135316.3527613,5421,25,507
1779135316.3665066,5422,28,507
1779135316.4040833,5423,31,508
1779135316.4052322,5424,36,509
1779135316.4240823,5425,45,510
1779135316.4253137,5426,63,509
1779135316.4266005,5427,96,511
1779135316.427781,5428,153,511
1779135316.4452815,5429,243,512
1779135316.4465065,5430,363,513
1779135316.4527404,5431,519,514
1779135316.4640088,5432,700,515
1779135316.4727166,5433,898,515
1779135316.4867194,5434,975,516
1779135316.4953308,5435,976,517
1779135316.506658,5436,976,516
1779135316.5161996,5437,976,517
1779135316.529055,5438,976,516
1779135316.53969,5439,976,519
1779135316.5464768,5440,976,518
1779135316.5566082,5441,976,518
1779135316.5615273,5442,976,518
1779135316.5755155,5443,976,519
1779135316.5818167,5444,976,519
1779135316.5952687,5445,976,518
1779135316.604662,5446,976,518
1779135316.635845,5447,976,518
1779135316.636484,5448,976,518
1779135316.6411715,5449,976,519
1779135316.666069,5450,976,519
1779135316.6662238,5451,976,518
1779135316.6691248,5452,976,517
1779135316.6789253,5453,976,518
1779135316.6916232,5454,976,518
1779135316.7026591,5455,976,517
1779135316.7026908,5456,976,517
1779135316.7126248,5457,976,517
1779135316.7202554,5458,976,516
1779135316.734022,5459,975,516
1779135316.7451832,5460,784,516
1779135316.770711,5461,614,515
1779135316.7707586,5462,468,515
1779135316.797796,5463,349,514
1779135316.797853,5464,257,513
1779135316.7979228,5465,194,513
1779135316.8090274,5466,155,513
1779135316.8207479,5467,138,512
1779135316.8252661,5468,135,511
1779135316.8393416,5469,144,511
1779135316.9015212,5470,159,510
1779135316.90166,5471,176,510
1779135316.901709,5472,190,509
1779135316.9017167,5473,201,508
1779135316.901722,5474,207,508
1779135316.9017267,5475,210,508
1779135316.9040072,5476,209,507
1779135316.9127991,5477,207,507
1779135316.9265323,5478,200,505
1779135316.935344,5479,191,505
1779135316.9467144,5480,182,505
1779135316.9584558,5481,170,505
1779135316.9716432,5482,156,504
1779135316.9790232,5483,146,503
1779135316.9882915,5484,134,502
1779135316.9999268,5485,125,501
1779135317.0136955,5486,119,501
1779135317.0238435,5487,115,500
1779135317.0238771,5488,113,499
1779135317.035267,5489,113,499
1779135317.0492814,5490,114,499
1779135317.0541523,5491,114,499
1779135317.0653129,5492,112,498
1779135317.0780985,5493,111,498
1779135317.086618,5494,110,497
1779135317.0970383,5495,110,497
1779135317.106345,5496,114,496
1779135317.1142612,5497,122,497
1779135317.1390996,5498,136,497
1779135317.1415658,5499,164,496
1779135317.1636558,5500,210,496
1779135317.1638007,5501,281,496
1779135317.1739843,5502,384,496
1779135317.1741903,5503,525,496
1779135317.204106,5504,696,496
1779135317.2044404,5505,895,497
1779135317.2143607,5506,976,495
1779135317.2276268,5507,976,495
1779135317.2289708,5508,976,495
1779135317.2418292,5509,976,496
1779135317.2528534,5510,976,496
1779135317.2754588,5511,976,495
1779135317.2755082,5512,976,495
1779135317.2826006,5513,976,494
1779135317.2832947,5514,976,495
1779135317.2965393,5515,976,495
1779135317.3082402,5516,976,494
1779135317.317134,5517,976,495
1779135317.3303847,5518,976,494
1779135317.3393774,5519,976,494
1779135317.3430202,5520,976,493
1779135317.3555164,5521,976,494
1779135317.364635,5522,976,494
1779135317.374084,5523,976,494
1779135317.3861432,5524,976,494
1779135317.3995812,5525,976,494
1779135317.4041398,5526,976,495
1779135317.4178827,5527,976,494
1779135317.4240415,5528,976,494
1779135317.4379206,5529,976,495
1779135317.4465737,5530,976,493
1779135317.4603806,5531,976,493
1779135317.4665587,5532,976,493
1779135317.481617,5533,976,493
1779135317.506647,5534,976,493
1779135317.5079339,5535,976,493
1779135317.5340724,5536,976,492
1779135317.5341132,5537,976,492
1779135317.546567,5538,976,492
1779135317.5496876,5539,976,492
1779135317.549718,5540,975,492
1779135317.5503483,5541,798,492
1779135317.566133,5542,634,492
1779135317.5741909,5543,489,492
1779135317.5842404,5544,364,491
1779135317.5981731,5545,261,491
1779135317.6032677,5546,181,491
1779135317.6168451,5547,121,491
1779135317.6257322,5548,79,491
1779135317.6342502,5549,54,491
1779135317.6484725,5550,41,491
1779135317.656785,5551,36,491
1779135317.6597428,5552,35,489
1779135317.6737006,5553,36,491
1779135317.681889,5554,39,490
1779135317.6928897,5555,43,490
1779135317.7041492,5556,48,490
1779135317.7134972,5557,53,490
1779135317.7266316,5558,55,489
1779135317.7398496,5559,57,491
1779135317.7470772,5560,60,490
1779135317.7555513,5561,60,489
1779135317.769563,5562,62,489
1779135317.7781203,5563,65,489
1779135317.7894213,5564,70,489
1779135317.7978747,5565,76,489
1779135317.8118026,5566,78,489
1779135317.8203452,5567,79,489
1779135317.8216782,5568,79,489
1779135317.8322453,5569,81,490
1779135317.840737,5570,84,490
1779135317.89032,5571,89,491
1779135317.8915582,5572,93,490
1779135317.9215791,5573,99,491
1779135317.9253974,5574,104,492
1779135317.9282804,5575,116,492
1779135317.9292376,5576,137,492
1779135317.9315143,5577,180,492
1779135317.931541,5578,248,493
1779135317.9361677,5579,351,493
1779135317.9503508,5580,491,493
1779135317.950424,5581,668,494
1779135317.9662871,5582,877,495
1779135317.977935,5583,976,494
1779135317.979311,5584,976,495
1779135317.9941697,5585,976,495
1779135318.0028732,5586,976,497
1779135318.011657,5587,976,496
1779135318.0250194,5588,976,496
1779135318.0326924,5589,976,496
1779135318.0453842,5590,976,497
1779135318.0541017,5591,976,497
1779135318.0653343,5592,976,497
1779135318.074101,5593,976,497
1779135318.0879111,5594,976,497
1779135318.0966768,5595,976,497
1779135318.1078734,5596,976,497
1779135318.1167293,5597,976,497
1779135318.1304333,5598,976,497
1779135318.1392987,5599,976,497
1779135318.1404636,5600,976,497
1779135318.155451,5601,976,498
1779135318.1641042,5602,976,498
1779135318.1728904,5603,976,497
1779135318.1840985,5604,976,497
1779135318.1929193,5605,976,497
1779135318.2066176,5606,976,498
1779135318.2166746,5607,976,498
1779135318.2417026,5608,976,498
1779135318.2428398,5609,976,498
1779135318.264142,5610,976,499
1779135318.2653446,5611,976,498
1779135318.2666512,5612,976,499
1779135318.2767088,5613,976,499
1779135318.2853796,5614,976,498
1779135318.299207,5615,976,498
1779135318.3153644,5616,976,499
1779135318.3153937,5617,976,500
1779135318.3216035,5618,976,498
1779135318.3353674,5619,897,498
1779135318.34165,5620,725,499
1779135318.3554304,5621,566,498
1779135318.3641138,5622,424,498
1779135318.372953,5623,304,498
1779135318.384174,5624,206,498
1779135318.392915,5625,128,498
1779135318.4066274,5626,71,498
1779135318.4153934,5627,29,499
1779135318.4253626,5628,3,498
1779135318.4340923,5629,0,498
1779135318.4478803,5630,0,499
1779135318.4566061,5631,1,499
1779135318.4578598,5632,0,499
1779135318.472943,5633,0,499
1779135318.4815865,5634,1,500
1779135318.4953954,5635,1,499
1779135318.5015981,5636,0,499
1779135318.515352,5637,0,500
1779135318.5253637,5638,1,500
1779135318.5553513,5639,7,500
1779135318.556563,5640,17,501
1779135318.557863,5641,27,502
1779135318.5678751,5642,38,502
1779135318.5766265,5643,49,502
1779135318.6065972,5644,59,502
1779135318.6078532,5645,70,501
1779135318.6329489,5646,78,500
1779135318.6341176,5647,86,500
1779135318.639125,5648,92,500
1779135318.6391706,5649,94,501
1779135318.6403303,5650,94,500
1779135318.654133,5651,91,499
1779135318.6653001,5652,88,499
1779135318.6741338,5653,84,499
1779135318.6878922,5654,80,498
1779135318.6965504,5655,78,498
1779135318.7078826,5656,76,498
1779135318.7165735,5657,76,497
1779135318.7303169,5658,82,498
1779135318.737841,5659,101,498
1779135318.7490335,5660,139,498
1779135318.7578506,5661,208,498
1779135318.7715569,5662,315,498
1779135318.780339,5663,464,498
1779135318.7815511,5664,651,499
1779135318.7915654,5665,865,499
1779135318.8003364,5666,976,499
1779135318.8140469,5667,976,499
1779135318.822855,5668,976,499
1779135318.8315806,5669,976,499
1779135318.8453107,5670,976,498
1779135318.854044,5671,976,499
1779135318.865323,5672,976,498
1779135318.87408,5673,976,498
1779135318.8879142,5674,976,498
1779135318.896697,5675,976,497
1779135318.9078996,5676,976,497
1779135318.916614,5677,976,496
1779135318.9302964,5678,976,495
1779135318.939103,5679,976,495
1779135318.9403276,5680,976,496
1779135318.9791832,5681,976,495
1779135318.9803588,5682,976,494
1779135318.9966626,5683,976,494
1779135318.9978483,5684,976,493
1779135318.9990773,5685,976,492
1779135319.0054119,5686,976,490
1779135319.0191817,5687,976,489
1779135319.0254195,5688,976,488
1779135319.0340512,5689,976,488
1779135319.047851,5690,976,487
1779135319.059204,5691,976,487
1779135319.065339,5692,976,486
1779135319.0790713,5693,976,486
1779135319.0878732,5694,976,485
1779135319.1017509,5695,976,484
1779135319.1028492,5696,976,484
1779135319.1128268,5697,976,484
1779135319.1215706,5698,976,484
1779135319.135306,5699,976,484
1779135319.1415946,5700,976,484
1779135319.1591485,5701,976,484
1779135319.1603026,5702,815,484
1779135319.1957545,5703,652,483
1779135319.1966043,5704,506,483
1779135319.1978343,5705,381,483
1779135319.2079265,5706,275,482
1779135319.2167082,5707,189,481
1779135319.2278388,5708,122,481
1779135319.2365932,5709,74,481
1779135319.2503371,5710,41,481
1779135319.2615921,5711,21,481
1779135319.2628543,5712,11,480
1779135319.272855,5713,4,480
1779135319.2815735,5714,3,480
1779135319.2953703,5715,3,479
1779135319.301593,5716,2,480
1779135319.315445,5717,1,480
1779135319.3416202,5718,0,479
1779135319.342874,5719,0,479
1779135319.369121,5720,0,479
1779135319.3703237,5721,1,478
1779135319.392913,5722,0,478
1779135319.3940752,5723,1,478
1779135319.395323,5724,0,477
1779135319.396569,5725,0,477
1779135319.4116528,5726,1,476
1779135319.4179213,5727,1,476
1779135319.4240873,5728,22,475
1779135319.4328659,5729,41,475
1779135319.4415765,5730,63,475
1779135319.4554913,5731,83,475
1779135319.4620578,5732,103,475
1779135319.4766612,5733,124,474
1779135319.4829748,5734,142,474
1779135319.4967647,5735,158,473
1779135319.502957,5736,170,474
1779135319.516614,5737,180,474
1779135319.5254443,5738,187,475
1779135319.5340872,5739,194,475
1779135319.545643,5740,201,475
1779135319.554088,5741,212,475
1779135319.5678618,5742,238,476
1779135319.5741158,5743,287,476
1779135319.5803306,5744,369,476
1779135319.5941463,5745,490,476
1779135319.602869,5746,650,477
1779135319.6117556,5747,842,477
1779135319.6228776,5748,976,477
1779135319.6318386,5749,976,477
1779135319.6453273,5750,976,479
1779135319.65413,5751,976,479
1779135319.6654675,5752,976,479
1779135319.6741126,5753,976,480
1779135319.6841238,5754,976,481
1779135319.711632,5755,976,481
1779135319.7128477,5756,976,481
1779135319.7378418,5757,976,480
1779135319.739072,5758,976,480
1779135319.76035,5759,976,481
1779135319.7628226,5760,976,481
1779135319.762856,5761,976,481
1779135319.7640805,5762,976,481
1779135319.7779212,5763,976,481
1779135319.779169,5764,976,481
1779135319.7917085,5765,976,482
1779135319.805439,5766,976,482
1779135319.8303964,5767,976,482
1779135319.831611,5768,976,482
1779135319.842959,5769,976,482
1779135319.8441367,5770,976,483
1779135319.8578393,5771,976,483
1779135319.864202,5772,976,483
1779135319.8778555,5773,976,482
1779135319.8866873,5774,976,483
1779135319.895417,5775,976,482
1779135319.901688,5776,976,482
1779135319.9104538,5777,976,482
1779135319.9242287,5778,976,482
1779135319.9329875,5779,976,482
1779135319.9442084,5780,976,482
1779135319.9528766,5781,976,481
1779135319.9670887,5782,976,481
1779135319.975377,5783,922,481
1779135319.9866352,5784,761,481
1779135319.995351,5785,611,481
1779135320.0066135,5786,479,480
1779135320.0153573,5787,366,479
1779135320.032082,5788,273,479
1779135320.0328314,5789,200,478
1779135320.0466244,5790,145,478
1779135320.074183,5791,105,477
1779135320.0753524,5792,78,477
1779135320.1003673,5793,59,476
1779135320.1016092,5794,49,476
1779135320.1183023,5795,46,476
1779135320.1191306,5796,43,475
1779135320.1203449,5797,43,475
1779135320.1215892,5798,44,474
1779135320.1353931,5799,48,474
1779135320.1416273,5800,51,473
1779135320.1553495,5801,53,473
1779135320.16409,5802,54,473
1779135320.1778922,5803,54,473
1779135320.1853557,5804,54,472
1779135320.199175,5805,54,472
1779135320.2116508,5806,56,471
1779135320.2128284,5807,59,471
1779135320.2354589,5808,60,471
1779135320.2354846,5809,62,471
1779135320.2403526,5810,67,472
1779135320.2542858,5811,72,471
1779135320.26045,5812,79,470
1779135320.2741952,5813,86,469
1779135320.2828705,5814,94,469
1779135320.2966123,5815,99,469
1779135320.302863,5816,103,469
1779135320.3166192,5817,109,468
1779135320.3254354,5818,115,468
1779135320.3391652,5819,125,468
1779135320.3454711,5820,140,467
1779135320.3592243,5821,170,467
1779135320.367975,5822,223,467
1779135320.3819687,5823,306,467
1779135320.3829014,5824,426,467
1779135320.3929617,5825,580,467
1779135320.4018006,5826,764,467
1779135320.4154391,5827,963,467
1779135320.4479,5828,976,467
1779135320.4492824,5829,976,466
1779135320.4759102,5830,976,465
1779135320.4766195,5831,976,467
1779135320.501838,5832,976,466
1779135320.5028749,5833,976,466
1779135320.5256855,5834,976,465
1779135320.526629,5835,976,465
1779135320.5282612,5836,976,465
1779135320.5291817,5837,976,465
1779135320.5303662,5838,976,466
1779135320.544168,5839,976,465
1779135320.5455124,5840,976,464
1779135320.5504153,5841,976,464
1779135320.5641575,5842,976,463
1779135320.5728884,5843,976,463
1779135320.5844615,5844,976,465
1779135320.592992,5845,976,463
1779135320.6066804,5846,976,463
1779135320.615417,5847,976,463
1779135320.626665,5848,976,462
1779135320.6353903,5849,976,462
1779135320.6491733,5850,976,462
1779135320.6581585,5851,976,462
1779135320.6694472,5852,976,461
1779135320.6829805,5853,976,461
1779135320.6879117,5854,976,463
1779135320.702057,5855,976,461
1779135320.7028995,5856,937,461
1779135320.7129574,5857,778,461
1779135320.7218401,5858,636,461
1779135320.7354414,5859,512,460
1779135320.7416883,5860,409,460
1779135320.7554753,5861,328,460
1779135320.764224,5862,268,460
1779135320.7779696,5863,219,459
1779135320.7842047,5864,184,459
1779135320.8105793,5865,163,459
1779135320.8117437,5866,152,459
1779135320.8341951,5867,147,459
1779135320.8354642,5868,147,458
1779135320.8392482,5869,147,457
1779135320.8529484,5870,148,457
1779135320.8541892,5871,143,457
1779135320.8767838,5872,138,457
1779135320.8779738,5873,129,457
1779135320.8779924,5874,121,457
1779135320.8922834,5875,115,457
1779135320.9029288,5876,107,457
1779135320.9116256,5877,99,457
1779135320.9253964,5878,93,457
1779135320.934154,5879,88,457
1779135320.9443774,5880,80,456
1779135320.9528635,5881,74,456
1779135320.966675,5882,67,455
1779135320.9753938,5883,62,455
1779135320.9866703,5884,57,455
1779135320.995407,5885,54,455
1779135321.00933,5886,53,455
1779135321.0178628,5887,56,455
1779135321.0191538,5888,60,456
1779135321.0341473,5889,63,455
1779135321.044138,5890,66,456
1779135321.0528867,5891,68,456
1779135321.0641482,5892,69,456
1779135321.0728948,5893,71,456
1779135321.0867393,5894,72,455
1779135321.1153758,5895,76,457
1779135321.1166005,5896,86,456
1779135321.117885,5897,107,457
1779135321.1278605,5898,148,457
1779135321.1366675,5899,216,457
1779135321.1478775,5900,319,458
1779135321.1566608,5901,463,459
1779135321.181636,5902,643,460
1779135321.1828825,5903,849,460
1779135321.2041602,5904,976,460
1779135321.2041786,5905,976,460
1779135321.205377,5906,976,460
1779135321.219119,5907,976,461
1779135321.2203758,5908,976,461
1779135321.2354012,5909,976,461
1779135321.2441556,5910,976,462
1779135321.2528646,5911,976,462
1779135321.2641094,5912,976,463
1779135321.2728589,5913,976,462
1779135321.2866378,5914,976,462
1779135321.2954085,5915,976,463
1779135321.3066132,5916,976,462
1779135321.3154109,5917,976,462
1779135321.3292139,5918,976,463
1779135321.337995,5919,976,463
1779135321.3392048,5920,976,463
1779135321.3542535,5921,976,464
1779135321.3629737,5922,976,464
1779135321.3717082,5923,976,465
1779135321.3829942,5924,976,464
1779135321.3917074,5925,976,465
1779135321.405494,5926,976,464
1779135321.4141726,5927,976,465
1779135321.425376,5928,976,465
1779135321.4391606,5929,976,465
1779135321.4442217,5930,976,465
1779135321.4579558,5931,976,465
1779135321.4667323,5932,976,465
1779135321.4755883,5933,976,465
1779135321.4891725,5934,976,465
1779135321.4979928,5935,976,467
1779135321.4992342,5936,887,467
1779135321.5144248,5937,725,467
1779135321.5229366,5938,578,466
1779135321.5668306,5939,450,466
1779135321.5679045,5940,344,466
1779135321.5716822,5941,262,466
1779135321.573472,5942,199,467
1779135321.5741482,5943,152,466
1779135321.5904236,5944,118,467
1779135321.591656,5945,97,467
1779135321.6054418,5946,84,466
1779135321.6141639,5947,76,467
1779135321.625707,5948,71,467
1779135321.6392043,5949,69,467
1779135321.6454284,5950,69,467
1779135321.6591535,5951,69,466
1779135321.6604156,5952,68,467
1779135321.672929,5953,67,467
1779135321.6817226,5954,65,467
1779135321.6954505,5955,61,467
1779135321.7016864,5956,57,467
1779135321.7155263,5957,52,467
1779135321.7241845,5958,49,467
1779135321.755454,5959,46,467
1779135321.7566447,5960,44,467
1779135321.757899,5961,44,467
1779135321.767921,5962,46,466
1779135321.7742097,5963,50,466
1779135321.7854414,5964,54,465
1779135321.7941823,5965,60,464
1779135321.8082116,5966,64,464
1779135321.8166606,5967,66,464
1779135321.8178995,5968,71,464
1779135321.8330197,5969,79,465
1779135321.8416727,5970,88,465
1779135321.8555825,5971,96,464
1779135321.8617003,5972,103,464
1779135321.8755684,5973,109,464
1779135321.882925,5974,113,464
1779135321.9317532,5975,113,465
1779135321.93288,5976,114,464
1779135321.934147,5977,115,465
1779135321.9354072,5978,122,465
1779135321.936712,5979,142,465
1779135321.9528866,5980,183,466
1779135321.9541516,5981,253,466
1779135321.9680495,5982,363,466
1779135321.9816759,5983,513,466
1779135321.98291,5984,699,467
1779135321.9930267,5985,912,467
1779135322.0016592,5986,976,467
1779135322.0155501,5987,976,466
1779135322.021686,5988,976,467
1779135322.035434,5989,976,467
1779135322.0441916,5990,976,467
1779135322.0578861,5991,976,467
1779135322.0641673,5992,976,467
1779135322.077943,5993,976,467
1779135322.0930183,5994,976,466
1779135322.0942767,5995,976,467
1779135322.1104531,5996,976,467
1779135322.1192205,5997,976,466
1779135322.1282678,5998,976,466
1779135322.141735,5999,976,466
1779135322.1429293,6000,976,466
1779135322.1530278,6001,976,466
1779135322.1616526,6002,976,466
1779135322.1754282,6003,976,465
1779135322.1816802,6004,976,466
1779135322.1991715,6005,976,466
1779135322.2004044,6006,976,466
1779135322.2141578,6007,976,465
1779135322.2254312,6008,976,467
1779135322.2341683,6009,976,465
1779135322.2480242,6010,976,465
1779135322.2566924,6011,976,464
1779135322.2829585,6012,976,464
1779135322.284157,6013,976,465
1779135322.3091981,6014,976,464
1779135322.310424,6015,976,463
1779135322.3241854,6016,976,464
1779135322.324213,6017,976,464
1779135322.325426,6018,976,464
1779135322.339217,6019,976,463
1779135322.3404298,6020,975,463
1779135322.3554962,6021,808,464
1779135322.3642561,6022,653,464
1779135322.4004662,6023,514,463
1779135322.40169,6024,392,463
1779135322.4028864,6025,290,463
1779135322.4041855,6026,210,463
1779135322.4179158,6027,146,463
1779135322.424181,6028,101,463
1779135322.4379227,6029,68,463
1779135322.4467056,6030,49,463
1779135322.4554796,6031,37,464
1779135322.461765,6032,31,464
1779135322.4704685,6033,30,464
1779135322.4842186,6034,30,464
1779135322.493096,6035,31,464
1779135322.5041678,6036,37,464
1779135322.513242,6037,40,465
1779135322.5266986,6038,44,465
1779135322.5354745,6039,48,465
1779135322.5466504,6040,51,465
1779135322.5554087,6041,51,466
1779135322.56918,6042,52,466
1779135322.5779214,6043,51,467
1779135322.5891664,6044,52,466
1779135322.59841,6045,53,467
1779135322.6116815,6046,54,467
1779135322.6204164,6047,55,467
1779135322.6216798,6048,58,467
1779135322.6569905,6049,60,468
1779135322.6579247,6050,67,469
1779135322.6729865,6051,70,470
1779135322.6741793,6052,77,470
1779135322.675428,6053,81,469
1779135322.6854832,6054,87,470
1779135322.694266,6055,91,470
1779135322.705458,6056,94,470
1779135322.7142682,6057,100,470
1779135322.725451,6058,106,470
1779135322.7343285,6059,112,470
1779135322.7504532,6060,125,470
1779135322.7516758,6061,153,471
1779135322.7655883,6062,206,470
1779135322.7792208,6063,293,470
1779135322.7804198,6064,421,470
1779135322.7954803,6065,588,470
1779135322.804237,6066,788,471
1779135322.8130543,6067,976,470
1779135322.8254921,6068,976,471
1779135322.834238,6069,976,470
1779135322.847977,6070,976,471
1779135322.856774,6071,976,471
1779135322.8679347,6072,976,471
1779135322.8767188,6073,976,471
1779135322.890527,6074,976,471
1779135322.8991961,6075,976,472
1779135322.910519,6076,976,472
1779135322.9192245,6077,976,473
1779135322.9354963,6078,976,472
1779135322.9367576,6079,976,473
1779135322.936783,6080,976,472
1779135322.9530356,6081,976,473
1779135322.9617062,6082,976,474
1779135322.975464,6083,976,473
1779135322.9841814,6084,976,476
1779135323.0229754,6085,976,475
1779135323.0241928,6086,976,475
1779135323.0491912,6087,976,474
1779135323.0504558,6088,976,475
1779135323.070564,6089,976,476
1779135323.0716798,6090,976,475
1779135323.0730205,6091,976,477
1779135323.0745702,6092,976,476
1779135323.075466,6093,976,476
1779135323.0905318,6094,976,476
1779135323.0991936,6095,976,477
1779135323.1006362,6096,976,478
1779135323.1117334,6097,976,477
1779135323.1205323,6098,976,477
1779135323.134184,6099,976,478
1779135323.1417236,6100,911,478
1779135323.1531904,6101,752,478
1779135323.1617446,6102,608,479
1779135323.1754553,6103,480,479
1779135323.1842191,6104,374,478
1779135323.195469,6105,285,479
1779135323.2042234,6106,216,479
1779135323.2183058,6107,163,479
1779135323.2267053,6108,126,479
1779135323.2380278,6109,99,479
1779135323.24673,6110,85,479
1779135323.2604723,6111,76,480
1779135323.261701,6112,71,480
1779135323.2730002,6113,69,480
1779135323.2817135,6114,69,480
1779135323.2955143,6115,70,481
1779135323.3042798,6116,71,481
1779135323.3155441,6117,70,480
1779135323.324276,6118,71,481
1779135323.3380427,6119,68,481
1779135323.3468122,6120,67,481
1779135323.3542378,6121,64,481
1779135323.4017913,6122,63,481
1779135323.402962,6123,62,481
1779135323.4043043,6124,63,480
1779135323.4055614,6125,64,480
1779135323.4068084,6126,67,480
1779135323.42179,6127,69,480
1779135323.4229507,6128,71,480
1779135323.434281,6129,75,480
1779135323.4432018,6130,82,481
1779135323.4543273,6131,84,480
1779135323.4631338,6132,87,480
1779135323.4793506,6133,88,480
1779135323.4805183,6134,88,480
1779135323.4944675,6135,88,480
1779135323.5081165,6136,89,480
1779135323.5143692,6137,90,480
1779135323.5280714,6138,94,480
1779135323.5368319,6139,101,481
1779135323.5455196,6140,116,480
1779135323.5569158,6141,142,481
1779135323.565514,6142,188,481
1779135323.5794432,6143,262,481
1779135323.580773,6144,374,481
1779135323.591998,6145,525,482
1779135323.605579,6146,713,482
1779135323.6105416,6147,928,483
1779135323.6242712,6148,976,483
1779135323.6330538,6149,976,483
1779135323.6418364,6150,976,483
1779135323.677954,6151,976,484
1779135323.6792402,6152,976,484
1779135323.6804206,6153,976,484
1779135323.6817036,6154,976,484
1779135323.6968207,6155,976,484
1779135323.7054818,6156,976,484
1779135323.7167437,6157,976,485
1779135323.7254593,6158,976,485
1779135323.7630796,6159,976,485
1779135323.764274,6160,976,484
1779135323.7780387,6161,976,485
1779135323.7792253,6162,976,485
1779135323.7805228,6163,976,485
1779135323.7817779,6164,976,485
1779135323.7980955,6165,976,484
1779135323.799229,6166,976,484
1779135323.8131487,6167,976,484
1779135323.826862,6168,976,484
1779135323.8330224,6169,976,483
1779135323.84682,6170,976,483
1779135323.8555129,6171,976,483
1779135323.864337,6172,976,483
1779135323.875698,6173,976,482
1779135323.8843944,6174,976,481
1779135323.8980463,6175,976,480
1779135323.8992074,6176,976,480
1779135323.9155998,6177,976,480
1779135323.9243612,6178,976,479
1779135323.9330823,6179,974,479
1779135323.946773,6180,812,479
1779135323.953057,6181,669,478
1779135323.966799,6182,544,477
1779135323.9755683,6183,438,476
1779135323.9842932,6184,354,476
1779135323.9955688,6185,288,475
1779135324.004298,6186,239,474
1779135324.0180492,6187,204,473
1779135324.0267992,6188,182,473
1779135324.0380797,6189,165,472
1779135324.046768,6190,153,472
1779135324.0605776,6191,145,471
1779135324.0617588,6192,137,471
1779135324.075568,6193,129,470
1779135324.080552,6194,124,469
1779135324.0943022,6195,117,469
1779135324.1405473,6196,110,468
1779135324.141765,6197,102,468
1779135324.142965,6198,93,467
1779135324.1442423,6199,81,467
1779135324.1455338,6200,71,466
1779135324.1619096,6201,60,465
1779135324.1631005,6202,53,465
1779135324.1768076,6203,49,464
1779135324.1842709,6204,49,464
1779135324.1956036,6205,51,464
1779135324.2043328,6206,54,464
1779135324.2180526,6207,57,463
1779135324.2192855,6208,62,463
1779135324.2356143,6209,66,462
1779135324.2443247,6210,73,462
1779135324.2530766,6211,79,462
1779135324.2672024,6212,85,462
1779135324.2730458,6213,90,462
1779135324.2868662,6214,98,462
1779135324.31686,6215,115,462
1779135324.3180583,6216,147,461
1779135324.3192878,6217,199,462
1779135324.3268266,6218,281,462
1779135324.3357043,6219,402,462
1779135324.3492846,6220,562,462
1779135324.35566,6221,754,461
1779135324.3693123,6222,968,461
1779135324.383086,6223,976,463
1779135324.384243,6224,976,463
1779135324.3930511,6225,976,461
1779135324.4017594,6226,976,461
1779135324.4155858,6227,976,462
1779135324.4242835,6228,976,461
1779135324.4357224,6229,976,461
1779135324.4443223,6230,976,461
1779135324.4580886,6231,976,461
1779135324.5005665,6232,976,461
1779135324.501768,6233,976,461
1779135324.5130856,6234,976,461
1779135324.5142608,6235,976,461
1779135324.5154853,6236,976,461
1779135324.5167627,6237,976,461
1779135324.5318253,6238,976,461
1779135324.5405865,6239,976,461
1779135324.5417755,6240,976,461
1779135324.5530477,6241,976,462
1779135324.5618236,6242,976,461
1779135324.575709,6243,976,462
1779135324.584502,6244,976,461
1779135324.5955503,6245,976,463
1779135324.6045182,6246,976,462
1779135324.617012,6247,976,461
1779135324.6256273,6248,976,460
1779135324.6368306,6249,976,461
1779135324.6455753,6250,976,461
1779135324.6593843,6251,976,461
1779135324.6680298,6252,976,460
1779135324.6793387,6253,856,461
1779135324.6880507,6254,696,462
1779135324.702025,6255,550,461
1779135324.703095,6256,429,461
1779135324.7143824,6257,331,460
1779135324.7230666,6258,256,460
1779135324.7368746,6259,200,460
1779135324.7455752,6260,161,460
1779135324.7568293,6261,135,460
1779135324.7655523,6262,118,460
1779135324.7794394,6263,107,460
1779135324.788052,6264,100,460
1779135324.7992842,6265,91,459
1779135324.8080714,6266,85,460
1779135324.8218148,6267,79,460
1779135324.8293293,6268,75,459
1779135324.8556023,6269,70,459
1779135324.8567803,6270,67,459
1779135324.8819246,6271,62,459
1779135324.8819604,6272,59,459
1779135324.8830833,6273,56,459
1779135324.9068773,6274,54,459
1779135324.9080353,6275,50,458
1779135324.909325,6276,49,457
1779135324.9144163,6277,46,457
1779135324.9257429,6278,45,457
1779135324.958143,6279,44,457
1779135324.9593165,6280,43,457
1779135324.9606407,6281,43,457
1779135324.966791,6282,43,457
1779135324.9807355,6283,42,457
1779135324.9857209,6284,43,457
1779135324.9993315,6285,46,457
1779135325.008165,6286,49,457
1779135325.0218625,6287,52,456
1779135325.0230968,6288,56,456
1779135325.0318828,6289,60,456
1779135325.0430646,6290,68,456
1779135325.0518281,6291,84,456
1779135325.0656755,6292,119,457
1779135325.0742915,6293,181,456
1779135325.0856128,6294,283,457
1779135325.0945418,6295,426,457
1779135325.108036,6296,614,457
1779135325.1168382,6297,838,459
1779135325.1280932,6298,976,459
1779135325.1367967,6299,976,458
1779135325.1468782,6300,976,457
1779135325.1605985,6301,976,459
1779135325.1693265,6302,976,459
1779135325.1830614,6303,976,458
1779135325.1842828,6304,976,459
1779135325.193072,6305,976,460
1779135325.2292907,6306,976,460
1779135325.2304914,6307,976,460
1779135325.246793,6308,976,460
1779135325.2480552,6309,976,461
1779135325.2492788,6310,976,461
1779135325.2542918,6311,976,461
1779135325.2680554,6312,976,461
1779135325.2742684,6313,976,462
1779135325.285631,6314,976,462
1779135325.2943704,6315,976,464
1779135325.3081024,6316,976,463
1779135325.3168883,6317,976,464
1779135325.3280244,6318,976,464
1779135325.341813,6319,976,465
1779135325.3430245,6320,976,465
1779135325.351833,6321,976,465
1779135325.3630478,6322,976,465
1779135325.3718758,6323,976,465
1779135325.3855357,6324,976,465
1779135325.3943105,6325,976,467
1779135325.4055219,6326,976,465
1779135325.4142692,6327,976,466
1779135325.428026,6328,976,465
1779135325.436895,6329,976,465
1779135325.4481146,6330,976,464
1779135325.4580595,6331,976,465
1779135325.4667604,6332,976,465
1779135325.4805212,6333,944,465
1779135325.4892373,6334,775,464
1779135325.5030243,6335,616,464
1779135325.5042496,6336,476,464
1779135325.5129874,6337,354,463
1779135325.524297,6338,254,463
1779135325.5330358,6339,173,463
1779135325.546998,6340,111,463
1779135325.555551,6341,63,463
1779135325.5642648,6342,33,463
1779135325.5956285,6343,12,463
1779135325.5968459,6344,1,463
1779135325.6219776,6345,0,463
1779135325.623115,6346,1,463
1779135325.6418529,6347,1,463
1779135325.643023,6348,1,463
1779135325.6442606,6349,0,463
1779135325.645526,6350,0,463
1779135325.6706438,6351,0,463
1779135325.6719406,6352,0,462
1779135325.67314,6353,1,463
1779135325.6843069,6354,0,463
1779135325.6930482,6355,1,463
1779135325.7071347,6356,2,463
1779135325.7156265,6357,9,463
1779135325.7268353,6358,17,463
1779135325.7355297,6359,23,463
1779135325.7492955,6360,30,463
1779135325.7580924,6361,40,463
1779135325.7693338,6362,54,463
1779135325.7830157,6363,75,463
1779135325.788028,6364,110,463
1779135325.801867,6365,167,463
1779135325.8080797,6366,256,464
1779135325.8218732,6367,382,464
1779135325.823025,6368,546,464
1779135325.8319736,6369,745,465
1779135325.8430731,6370,968,464
1779135325.8518505,6371,976,465
1779135325.865693,6372,976,465
1779135325.875551,6373,976,465
1779135325.8843844,6374,976,465
1779135325.8930128,6375,976,466
1779135325.9068313,6376,976,466
1779135325.9155242,6377,976,467
1779135325.9268358,6378,976,466
1779135325.960549,6379,976,467
1779135325.961949,6380,976,467
1779135325.9794176,6381,976,467
1779135325.980629,6382,976,467
1779135325.9856167,6383,976,466
1779135325.9869516,6384,976,467
1779135325.9920142,6385,976,467
1779135326.0031238,6386,976,467
1779135326.0118456,6387,976,467
1779135326.0256107,6388,976,466
1779135326.0343122,6389,976,467
1779135326.045525,6390,976,466
1779135326.054302,6391,976,467
1779135326.068009,6392,976,467
1779135326.0769546,6393,976,467
1779135326.088015,6394,976,465
1779135326.0969129,6395,976,465
1779135326.110641,6396,976,465
1779135326.1193228,6397,976,467
1779135326.130633,6398,976,467
1779135326.144327,6399,976,465
1779135326.144353,6400,976,466
1779135326.1530576,6401,976,464
1779135326.1619055,6402,976,465
1779135326.1730678,6403,858,465
1779135326.1818683,6404,688,464
1779135326.1955094,6405,535,464
1779135326.2030725,6406,404,463
1779135326.2355692,6407,296,463
1779135326.2368536,6408,212,462
1779135326.2380083,6409,147,462
1779135326.2468822,6410,100,462
1779135326.2556179,6411,68,462
1779135326.2642713,6412,47,462
1779135326.2780447,6413,35,462
1779135326.286943,6414,32,462
1779135326.2980607,6415,31,461
1779135326.3419056,6416,34,461
1779135326.3430712,6417,36,461
1779135326.3443363,6418,39,460
1779135326.3455927,6419,39,460
1779135326.3468854,6420,38,460
1779135326.3572304,6421,33,459
1779135326.363103,6422,30,458
1779135326.374395,6423,26,458
1779135326.3831353,6424,23,459
1779135326.3969827,6425,18,458
1779135326.4043152,6426,14,459
1779135326.4156973,6427,8,459
1779135326.4243498,6428,4,458
1779135326.4381483,6429,1,459
1779135326.4469352,6430,1,459
1779135326.458136,6431,1,459
1779135326.4632127,6432,6,459
1779135326.4719353,6433,18,459
1779135326.4856117,6434,44,459
1779135326.4919126,6435,90,459
1779135326.5059667,6436,166,460
1779135326.5131364,6437,280,460
1779135326.526958,6438,435,460
1779135326.5331576,6439,627,461
1779135326.5469675,6440,851,462
1779135326.555726,6441,976,461
1779135326.5644412,6442,976,461
1779135326.5756614,6443,976,462
1779135326.5845683,6444,976,462
1779135326.598191,6445,976,463
1779135326.6069398,6446,976,463
1779135326.6182103,6447,976,462
1779135326.619409,6448,976,463
1779135326.6331494,6449,976,463
1779135326.6418648,6450,976,463
1779135326.6530454,6451,976,463
1779135326.6618588,6452,976,464
1779135326.695594,6453,976,463
1779135326.6968803,6454,976,463
1779135326.714317,6455,976,464
1779135326.7155497,6456,976,464
1779135326.7168617,6457,976,464
1779135326.7280416,6458,976,465
1779135326.7392886,6459,976,464
1779135326.7480273,6460,976,464
1779135326.7618606,6461,976,464
1779135326.7705524,6462,976,465
1779135326.786884,6463,976,465
1779135326.7869084,6464,976,465
1779135326.788041,6465,976,465
1779135326.801864,6466,976,465
1779135326.8105593,6467,976,465
1779135326.8280394,6468,976,465
1779135326.8293188,6469,976,466
1779135326.8430817,6470,976,466
1779135326.875729,6471,976,466
1779135326.8768642,6472,873,466
1779135326.8780575,6473,700,467
1779135326.888056,6474,545,467
1779135326.8942971,6475,410,467
1779135326.9055717,6476,299,466
1779135326.9144356,6477,209,467
1779135326.928077,6478,143,467
1779135326.9368901,6479,94,468
1779135326.9380467,6480,61,468
1779135326.9530334,6481,40,469
1779135326.9618497,6482,28,469
1779135326.9756165,6483,22,470
1779135326.9830627,6484,20,470
1779135326.9968538,6485,19,470
1779135327.0030413,6486,20,471
1779135327.016923,6487,22,472
1779135327.0231416,6488,24,472
1779135327.036927,6489,24,472
1779135327.0619142,6490,22,473
1779135327.0630605,6491,17,473
1779135327.0855649,6492,13,474
1779135327.0868595,6493,7,474
1779135327.0880795,6494,6,475
1779135327.101887,6495,3,474
1779135327.1030724,6496,1,475
1779135327.1130896,6497,1,475
1779135327.1218557,6498,1,475
1779135327.135649,6499,1,475
1779135327.141955,6500,2,475
1779135327.15196,6501,4,475
1779135327.1657317,6502,7,475
1779135327.1743207,6503,12,476
1779135327.1855674,6504,17,476
1779135327.1944206,6505,21,476
1779135327.2081397,6506,25,476
1779135327.2169547,6507,28,476
1779135327.2280593,6508,32,477
1779135327.2418635,6509,36,477
1779135327.2468538,6510,39,478
1779135327.259349,6511,41,478
1779135327.2606747,6512,48,478
1779135327.275743,6513,60,479
1779135327.2844384,6514,91,479
1779135327.2931666,6515,147,478
1779135327.3043253,6516,244,480
1779135327.3232236,6517,383,480
1779135327.3243484,6518,568,481
1779135327.3386045,6519,790,482
1779135327.3444104,6520,976,483
1779135327.358249,6521,976,483
1779135327.3656814,6522,976,483
1779135327.3793762,6523,976,485
1779135327.3855882,6524,976,484
1779135327.3993106,6525,976,484
1779135327.431954,6526,976,486
1779135327.4331944,6527,976,486
1779135327.4494097,6528,976,487
1779135327.4505837,6529,976,487
1779135327.4518445,6530,976,488
1779135327.4530852,6531,976,488
1779135327.4680738,6532,976,490
1779135327.4693253,6533,976,491
1779135327.4831913,6534,976,491
1779135327.5156946,6535,976,490
1779135327.5169444,6536,976,491
1779135327.5181231,6537,976,491
1779135327.5281878,6538,976,492
1779135327.5369668,6539,976,492
1779135327.5480597,6540,976,492
1779135327.55685,6541,976,493
1779135327.5743306,6542,976,495
1779135327.5755706,6543,976,494
1779135327.581867,6544,976,494
1779135327.595702,6545,976,495
1779135327.6006799,6546,976,495
1779135327.6144476,6547,976,494
1779135327.623197,6548,976,496
1779135327.631949,6549,976,495
1779135327.6456122,6550,976,495
1779135327.654326,6551,976,495
1779135327.6656053,6552,976,495
1779135327.6768396,6553,976,496
1779135327.6855612,6554,976,496
1779135327.699361,6555,853,495
1779135327.7055843,6556,685,496
1779135327.7193396,6557,532,496
1779135327.7280607,6558,399,496
1779135327.7418656,6559,289,495
1779135327.7430894,6560,201,495
1779135327.753096,6561,133,495
1779135327.7619336,6562,83,494
1779135327.7881217,6563,45,495
1779135327.7893567,6564,19,495
1779135327.8143883,6565,2,494
1779135327.8155842,6566,0,494
1779135327.8243446,6567,1,494
1779135327.8256667,6568,0,494
1779135327.835563,6569,0,494
1779135327.8443131,6570,0,494
1779135327.8582182,6571,0,493
1779135327.8669806,6572,0,494
1779135327.8756812,6573,0,494
1779135327.8918767,6574,1,493
1779135327.8931315,6575,1,493
1779135327.9043393,6576,0,493
1779135327.9130652,6577,0,493
1779135327.9218738,6578,1,492
1779135327.9356773,6579,1,491
1779135327.9418504,6580,0,491
1779135327.9556148,6581,1,491
1779135327.9647667,6582,0,491
1779135327.9785922,6583,8,491
1779135327.9843357,6584,23,491
1779135327.9968464,6585,34,491
1779135328.0056033,6586,44,490
1779135328.019356,6587,51,489
1779135328.0256126,6588,59,490
1779135328.0393803,6589,66,489
1779135328.0484564,6590,72,489
1779135328.0618365,6591,78,489
1779135328.0631135,6592,90,489
1779135328.0732417,6593,111,489
1779135328.081909,6594,156,489
1779135328.0955791,6595,233,489
1779135328.1031215,6596,352,490
1779135328.1168559,6597,513,489
1779135328.1256478,6598,716,490
1779135328.1506062,6599,947,490
1779135328.1519356,6600,976,490
1779135328.1769037,6601,976,489
1779135328.178109,6602,976,491
1779135328.203143,6603,976,490
1779135328.204337,6604,976,489
1779135328.2293804,6605,976,489
1779135328.2306461,6606,976,489
1779135328.2381115,6607,976,488
1779135328.239361,6608,976,489
1779135328.2405896,6609,976,488
1779135328.2418895,6610,976,490
1779135328.2556486,6611,976,488
1779135328.2619433,6612,976,488
1779135328.2757132,6613,976,487
1779135328.284382,6614,976,489
1779135328.2981074,6615,976,487
1779135328.3044415,6616,976,487
1779135328.3132055,6617,976,487
1779135328.327044,6618,976,487
1779135328.3356516,6619,976,487
1779135328.3468952,6620,976,486
1779135328.3558278,6621,976,485
1779135328.369373,6622,976,484
1779135328.3783696,6623,976,485
1779135328.3793898,6624,976,484
1779135328.3943648,6625,976,483
1779135328.4031143,6626,976,483
1779135328.414433,6627,976,482
1779135328.425601,6628,976,481
1779135328.4343734,6629,976,482
1779135328.448102,6630,976,480
1779135328.456875,6631,975,479
1779135328.4680872,6632,801,479
1779135328.4770248,6633,645,479
1779135328.4905906,6634,509,478
1779135328.4994125,6635,392,478
1779135328.543243,6636,295,477
1779135328.544486,6637,217,476
1779135328.5556412,6638,159,476
1779135328.556888,6639,114,475
1779135328.5581076,6640,85,475
1779135328.5593565,6641,64,474
1779135328.5606046,6642,51,474
1779135328.574374,6643,42,474
1779135328.5805807,6644,39,474
1779135328.5944495,6645,37,473
1779135328.6030996,6646,35,473
1779135328.6118305,6647,32,472
1779135328.6231198,6648,30,472
1779135328.6318812,6649,28,472
1779135328.645671,6650,27,472
1779135328.6544263,6651,27,472
1779135328.6656287,6652,27,471
1779135328.674452,6653,26,470
1779135328.688245,6654,26,469
1779135328.6969252,6655,25,469
1779135328.6981146,6656,27,468
1779135328.713119,6657,28,468
1779135328.7218888,6658,31,468
1779135328.7319214,6659,32,468
1779135328.7481925,6660,35,468
1779135328.7494648,6661,35,468
1779135328.7632089,6662,36,467
1779135328.7956955,6663,37,467
1779135328.7969294,6664,42,467
1779135328.7981153,6665,48,467
1779135328.8081796,6666,54,467
1779135328.8168643,6667,61,467
1779135328.8293345,6668,76,467
1779135328.8381805,6669,103,467
1779135328.8469026,6670,154,467
1779135328.860629,6671,240,467
1779135328.8618917,6672,368,467
1779135328.8718886,6673,540,467
1779135328.909493,6674,755,467
1779135328.9106624,6675,975,467
1779135328.923185,6676,976,467
1779135328.9244041,6677,976,466
1779135328.925603,6678,976,466
1779135328.9344115,6679,976,466
1779135328.945648,6680,976,466
1779135328.95441,6681,976,466
1779135328.968123,6682,976,466
1779135328.9768858,6683,976,467
1779135328.9881382,6684,976,466
1779135329.0018814,6685,976,467
1779135329.0068667,6686,976,467
1779135329.0206378,6687,976,466
1779135329.0218594,6688,976,466
1779135329.0331137,6689,976,465
1779135329.0418847,6690,976,466
1779135329.056064,6691,976,466
1779135329.0618863,6692,976,466
1779135329.0756493,6693,976,466
1779135329.0844045,6694,976,466
1779135329.0981467,6695,976,466
1779135329.104386,6696,976,466
1779135329.1132193,6697,976,467
1779135329.1269863,6698,976,466
1779135329.1357596,6699,976,466
1779135329.1456404,6700,976,467
1779135329.154634,6701,976,467
1779135329.1681395,6702,976,466
1779135329.176974,6703,976,466
1779135329.178142,6704,976,466
1779135329.1932147,6705,976,466
1779135329.2019591,6706,976,466
1779135329.2156787,6707,976,465
1779135329.22189,6708,976,465
1779135329.2356188,6709,855,466
1779135329.2706404,6710,688,467
1779135329.2718618,6711,535,466
1779135329.2931526,6712,403,466
1779135329.2943842,6713,291,466
1779135329.2956204,6714,202,466
1779135329.2968514,6715,132,465
1779135329.3081024,6716,78,465
1779135329.3169878,6717,39,465
1779135329.3307307,6718,14,464
1779135329.339471,6719,1,465
1779135329.3406582,6720,1,465
1779135329.3532872,6721,1,465
1779135329.3619816,6722,0,464
1779135329.3757281,6723,1,464
1779135329.3819659,6724,1,463
1779135329.3957837,6725,1,463
1779135329.404536,6726,1,463
1779135329.4362314,6727,1,462
1779135329.4372633,6728,1,462
1779135329.4384024,6729,0,461
1779135329.4481719,6730,1,461
1779135329.455776,6731,1,461
1779135329.467116,6732,1,461
1779135329.4757912,6733,1,460
1779135329.4894996,6734,1,460
1779135329.4982214,6735,7,459
1779135329.4994166,6736,20,459
1779135329.5145226,6737,32,457
1779135329.5232284,6738,46,457
1779135329.5319638,6739,55,457
1779135329.5432167,6740,63,457
1779135329.5520287,6741,69,456
1779135329.561986,6742,75,456
1779135329.575776,6743,77,456
1779135329.586945,6744,81,456
1779135329.600737,6745,84,456
1779135329.605782,6746,87,456
1779135329.6507635,6747,88,456
1779135329.6519418,6748,89,456
1779135329.6531982,6749,94,455
1779135329.6544213,6750,108,456
1779135329.660716,6751,141,456
1779135329.6756952,6752,206,456
1779135329.6757195,6753,315,457
1779135329.6819267,6754,474,457
1779135329.6908693,6755,675,457
1779135329.7070057,6756,918,457
1779135329.7082124,6757,976,456
1779135329.7220576,6758,976,456
1779135329.735773,6759,976,458
1779135329.7419662,6760,976,457
1779135329.755682,6761,976,457
1779135329.7669291,6762,976,457
1779135329.7756817,6763,976,459
1779135329.7869344,6764,976,456
1779135329.7956684,6765,976,457
1779135329.809444,6766,976,457
1779135329.8181581,6767,976,457
1779135329.8194976,6768,976,457
1779135329.8345022,6769,976,458
1779135329.843199,6770,976,457
1779135329.8525887,6771,976,457
1779135329.8631804,6772,976,457
1779135329.874393,6773,976,457
1779135329.8831773,6774,976,457
1779135329.8969383,6775,976,458
1779135329.9031608,6776,976,457
1779135329.9169047,6777,976,457
1779135329.9256816,6778,976,457
1779135329.9344,6779,976,457
1779135329.9456835,6780,976,457
1779135329.954433,6781,976,456
1779135329.9681654,6782,976,456
1779135329.994439,6783,976,455
1779135329.9960408,6784,976,455
1779135330.0207243,6785,976,455
1779135330.0220783,6786,976,455
1779135330.046955,6787,976,455
1779135330.0481348,6788,976,454
1779135330.0495017,6789,976,454
1779135330.075772,6790,976,455
1779135330.0770586,6791,976,453
1779135330.0782413,6792,976,454
1779135330.0794904,6793,976,454
1779135330.0919735,6794,976,453
1779135330.0981724,6795,843,454
1779135330.1043947,6796,669,454
1779135330.1181765,6797,510,453
1779135330.1269083,6798,369,453
1779135330.1357608,6799,251,452
1779135330.1419833,6800,156,452
1779135330.155661,6801,80,452
1779135330.1606758,6802,21,452
1779135330.174404,6803,1,452
1779135330.1806605,6804,0,452
1779135330.1920462,6805,1,451
1779135330.2057621,6806,1,451
1779135330.2144647,6807,1,451
1779135330.2256694,6808,1,452
1779135330.2344606,6809,1,451
1779135330.248166,6810,0,452
1779135330.2569904,6811,1,451
1779135330.26816,6812,1,451
1779135330.276941,6813,0,451
1779135330.2910128,6814,1,452
1779135330.3006806,6815,1,452
1779135330.3021584,6816,1,451
1779135330.3119369,6817,0,451
1779135330.320825,6818,1,452
1779135330.3345754,6819,1,452
1779135330.3406918,6820,1,451
1779135330.3795176,6821,1,451
1779135330.3808284,6822,1,451
1779135330.3899143,6823,1,451
1779135330.3908226,6824,1,452
1779135330.3919494,6825,1,452
1779135330.4057436,6826,7,453
1779135330.414473,6827,25,451
1779135330.4256816,6828,41,452
1779135330.4344764,6829,52,454
1779135330.4484932,6830,62,454
1779135330.457078,6831,69,455
1779135330.4581993,6832,75,455
1779135330.4732027,6833,80,456
1779135330.4819589,6834,96,457
1779135330.4957552,6835,127,457
1779135330.5069444,6836,189,459
1779135330.5133138,6837,289,459
1779135330.5269787,6838,436,461
1779135330.5357404,6839,628,462
1779135330.5469759,6840,859,463
1779135330.555732,6841,976,464
1779135330.5697148,6842,976,465
1779135330.5782607,6843,976,465
1779135330.5895903,6844,976,467
1779135330.598215,6845,976,469
1779135330.61321,6846,976,468
1779135330.6221335,6847,976,469
1779135330.6332452,6848,976,471
1779135330.6332734,6849,976,471
1779135330.6419187,6850,976,472
1779135330.6507285,6851,976,472
1779135330.6619189,6852,976,475
1779135330.6756697,6853,976,475
1779135330.681935,6854,976,475
1779135330.7157962,6855,976,477
1779135330.740735,6856,976,477
1779135330.7419102,6857,976,478
1779135330.7669332,6858,976,479
1779135330.7681534,6859,976,479
1779135330.7694128,6860,976,481
1779135330.7706673,6861,976,480
1779135330.7718852,6862,976,481
1779135330.7770271,6863,976,481
1779135330.785674,6864,976,482
1779135330.7945254,6865,976,482
1779135330.8031955,6866,976,483
1779135330.8119555,6867,976,483
1779135330.8231983,6868,976,484
1779135330.837365,6869,976,484
1779135330.8431976,6870,976,483
1779135330.8571577,6871,976,484
1779135330.863528,6872,976,484
1779135330.8769202,6873,976,483
1779135330.8856692,6874,976,485
1779135330.894447,6875,976,485
1779135330.9057772,6876,898,486
1779135330.9144201,6877,726,485
1779135330.9284737,6878,568,485
1779135330.936959,6879,426,484
1779135330.9381802,6880,306,484
1779135330.9532132,6881,207,484
1779135330.9620006,6882,131,485
1779135330.9757237,6883,73,484
1779135330.9820018,6884,33,484
1779135330.9956663,6885,6,484
1779135331.0044215,6886,1,486
1779135331.018191,6887,1,486
1779135331.0244124,6888,1,486
1779135331.0394363,6889,1,486
1779135331.048189,6890,1,486
1779135331.05695,6891,1,486
1779135331.0681596,6892,1,487
1779135331.0769303,6893,1,487
1779135331.1194847,6894,1,487
1779135331.120707,6895,1,487
1779135331.1219237,6896,1,487
1779135331.1231565,6897,1,488
1779135331.1244347,6898,1,488
1779135331.1382148,6899,1,488
1779135331.1419253,6900,1,488
1779135331.156926,6901,1,488
1779135331.1619484,6902,1,489
1779135331.1756992,6903,2,488
1779135331.1844656,6904,18,488
1779135331.1931987,6905,32,488
1779135331.2070236,6906,51,488
1779135331.2157304,6907,70,488
1779135331.2269394,6908,87,489
1779135331.2357671,6909,99,489
1779135331.246948,6910,109,489
1779135331.2607384,6911,115,489
1779135331.2619555,6912,117,489
1779135331.2719822,6913,115,489
1779135331.280784,6914,112,489
1779135331.2944648,6915,103,490
1779135331.3006904,6916,97,490
1779135331.314506,6917,94,490
1779135331.323252,6918,99,491
1779135331.3582387,6919,121,492
1779135331.359454,6920,172,492
1779135331.3607032,6921,260,492
1779135331.366972,6922,393,492
1779135331.3757343,6923,571,493
1779135331.3869946,6924,787,494
1779135331.3957696,6925,976,493
1779135331.4094884,6926,976,494
1779135331.4182272,6927,976,494
1779135331.4194741,6928,976,495
1779135331.4344814,6929,976,495
1779135331.4432244,6930,976,496
1779135331.4832475,6931,976,496
1779135331.4845371,6932,976,496
1779135331.4957488,6933,976,496
1779135331.4969192,6934,976,497
1779135331.4988697,6935,976,497
1779135331.5145178,6936,976,498
1779135331.5157285,6937,976,497
1779135331.5247529,6938,976,498
1779135331.5382905,6939,976,497
1779135331.5469987,6940,976,499
1779135331.560742,6941,976,499
1779135331.5682318,6942,976,499
1779135331.5772166,6943,976,499
1779135331.5836482,6944,976,499
1779135331.591985,6945,976,499
1779135331.605724,6946,976,499
1779135331.614552,6947,976,499
1779135331.6257234,6948,976,499
1779135331.6345074,6949,976,499
1779135331.6489594,6950,976,498
1779135331.6569843,6951,976,497
1779135331.6683812,6952,976,499
1779135331.6770577,6953,976,496
1779135331.690735,6954,976,496
1779135331.69949,6955,976,496
1779135331.7107341,6956,976,496
1779135331.7194977,6957,976,495
1779135331.7335877,6958,976,496
1779135331.7419984,6959,819,495
1779135331.753467,6960,673,495
1779135331.7534947,6961,542,494
1779135331.7620049,6962,428,493
1779135331.7757425,6963,332,492
1779135331.7844884,6964,254,492
1779135331.7957273,6965,193,491
1779135331.8044872,6966,148,491
1779135331.8557851,6967,115,490
1779135331.8570745,6968,93,489
1779135331.8581758,6969,79,489
1779135331.8594437,6970,73,489
1779135331.8607817,6971,68,487
1779135331.8695273,6972,67,487
1779135331.8782697,6973,68,487
1779135331.8869698,6974,69,487
1779135331.9008732,6975,70,487
1779135331.9021733,6976,69,486
1779135331.913353,6977,66,486
1779135331.9221144,6978,63,486
1779135331.9361017,6979,61,484
1779135331.9444814,6980,57,484
1779135331.955773,6981,54,483
1779135331.9694915,6982,53,483
1779135331.9947495,6983,51,482
1779135331.9957223,6984,51,482
1779135332.0070527,6985,51,481
1779135332.0082247,6986,52,480
1779135332.0220528,6987,55,481
1779135332.0280821,6988,57,481
1779135332.0383687,6989,60,481
1779135332.0519612,6990,63,480
1779135332.0583408,6991,69,480
1779135332.063249,6992,73,480
1779135332.0744205,6993,79,479
1779135332.0832243,6994,86,480
1779135332.0982034,6995,97,480
1779135332.1032403,6996,119,480
1779135332.119491,6997,159,479
1779135332.1207144,6998,229,479
1779135332.1346295,6999,335,480
1779135332.1484342,7000,478,479
1779135332.1545746,7001,658,480
1779135332.168237,7002,865,480
1779135332.1770122,7003,976,479
1779135332.2033167,7004,976,479
1779135332.2044702,7005,976,479
1779135332.2295966,7006,976,478
1779135332.230815,7007,976,480
1779135332.2345834,7008,976,479
1779135332.2358155,7009,976,477
1779135332.2433121,7010,976,478
1779135332.2520382,7011,976,478
1779135332.2657664,7012,976,477
1779135332.2720146,7013,976,478
1779135332.2857604,7014,976,477
1779135332.2945118,7015,976,477
1779135332.3033257,7016,976,476
1779135332.3132708,7017,976,478
1779135332.3270679,7018,976,476
1779135332.3358002,7019,976,476
1779135332.3446412,7020,976,476
1779135332.355878,7021,976,476
1779135332.3696167,7022,976,476
1779135332.375818,7023,976,476
1779135332.3808484,7024,976,475
1779135332.3920465,7025,976,475
1779135332.400792,7026,976,474
1779135332.4145613,7027,976,474
1779135332.4220417,7028,976,475
1779135332.4332786,7029,976,474
1779135332.4420686,7030,976,473
1779135332.4558544,7031,976,473
1779135332.464704,7032,878,472
1779135332.4757862,7033,713,472
1779135332.484577,7034,568,472
1779135332.4983482,7035,444,471
1779135332.507029,7036,344,471
1779135332.518262,7037,267,470
1779135332.528327,7038,210,470
1779135332.5420485,7039,172,469
1779135332.5432408,7040,147,469
1779135332.577217,7041,134,468
1779135332.5782812,7042,126,469
1779135332.5957985,7043,122,468
1779135332.597074,7044,120,468
1779135332.5982518,7045,119,468
1779135332.6057518,7046,117,467
1779135332.6382828,7047,114,467
1779135332.6394691,7048,109,467
1779135332.6407275,7049,102,467
1779135332.645735,7050,95,466
1779135332.6596138,7051,85,466
1779135332.6682365,7052,77,465
1779135332.679511,7053,68,465
1779135332.6882675,7054,59,465
1779135332.702011,7055,51,465
1779135332.7032318,7056,43,465
1779135332.7144947,7057,37,464
1779135332.7232578,7058,33,464
1779135332.7395175,7059,32,464
1779135332.740749,7060,33,464
1779135332.7571428,7061,36,463
1779135332.7658548,7062,41,463
1779135332.7794847,7063,45,463
1779135332.788228,7064,49,462
1779135332.7994993,7065,54,461
1779135332.8082483,7066,57,461
1779135332.8220344,7067,63,461
1779135332.8307476,7068,68,462
1779135332.8446553,7069,75,462
1779135332.8495808,7070,81,461
1779135332.8633835,7071,86,461
1779135332.8634229,7072,90,461
1779135332.8773105,7073,91,461
1779135332.8832793,7074,93,462
1779135332.8972561,7075,96,462
1779135332.903381,7076,101,462
1779135332.9170158,7077,115,462
1779135332.9421659,7078,146,463
1779135332.943395,7079,203,463
1779135332.9683065,7080,294,463
1779135332.969587,7081,428,463
1779135332.97085,7082,603,464
1779135332.975862,7083,811,464
1779135332.989557,7084,976,463
1779135332.995762,7085,976,463
1779135333.0070257,7086,976,464
1779135333.015783,7087,976,465
1779135333.0220382,7088,976,464
1779135333.0307891,7089,976,464
1779135333.0422523,7090,976,464
1779135333.0507445,7091,976,465
1779135333.0633183,7092,976,464
1779135333.0719955,7093,976,465
1779135333.0832868,7094,976,464
1779135333.092067,7095,976,464
1779135333.105823,7096,976,465
1779135333.114513,7097,976,464
1779135333.125838,7098,976,466
1779135333.1345525,7099,976,465
1779135333.1483119,7100,976,465
1779135333.1571987,7101,976,465
1779135333.164608,7102,976,465
1779135333.1783843,7103,976,467
1779135333.1795254,7104,976,467
1779135333.1933656,7105,976,465
1779135333.2046082,7106,976,467
1779135333.213312,7107,976,467
1779135333.2270825,7108,976,467
1779135333.2357683,7109,976,467
1779135333.2470303,7110,976,466
1779135333.2785237,7111,976,465
1779135333.2795236,7112,976,465
1779135333.2807539,7113,976,465
1779135333.3110495,7114,976,464
1779135333.3120294,7115,976,464
1779135333.3373165,7116,976,465
1779135333.3382692,7117,976,465
1779135333.3595352,7118,938,464
1779135333.3607857,7119,775,464
1779135333.3620043,7120,624,464
1779135333.3633568,7121,491,464
1779135333.3645105,7122,377,464
1779135333.3745482,7123,284,463
1779135333.3832855,7124,209,463
1779135333.3921037,7125,155,463
1779135333.4033163,7126,115,463
1779135333.4170656,7127,87,463
1779135333.423278,7128,70,462
1779135333.43705,7129,60,462
1779135333.4433162,7130,55,463
1779135333.4571016,7131,53,462
1779135333.4657784,7132,52,462
1779135333.4796143,7133,54,462
1779135333.4883173,7134,55,462
1779135333.4971254,7135,56,462
1779135333.498262,7136,56,462
1779135333.512049,7137,55,462
1779135333.5232506,7138,52,462
1779135333.5320394,7139,51,462
1779135333.5460882,7140,51,462
1779135333.5545244,7141,47,462
1779135333.5657964,7142,44,463
1779135333.5795593,7143,44,463
1779135333.5851119,7144,46,462
1779135333.5971587,7145,51,462
1779135333.6082706,7146,60,462
1779135333.6177843,7147,70,462
1779135333.630804,7148,80,462
1779135333.6395671,7149,90,462
1779135333.6507406,7150,99,461
1779135333.6761475,7151,109,462
1779135333.6761675,7152,119,462
1779135333.6769884,7153,126,462
1779135333.6982646,7154,131,462
1779135333.6995466,7155,135,463
1779135333.7007596,7156,135,463
1779135333.7144966,7157,134,463
1779135333.7233465,7158,131,464
1779135333.7351213,7159,127,464
1779135333.7433581,7160,122,465
1779135333.7571843,7161,122,465
1779135333.7659423,7162,131,466
1779135333.7770865,7163,162,466
1779135333.7858608,7164,224,466
1779135333.799612,7165,322,467
1779135333.808317,7166,464,467
1779135333.8200023,7167,644,468
1779135333.8246655,7168,858,469
1779135333.8332763,7169,976,470
1779135333.8420339,7170,976,470
1779135333.8533828,7171,976,471
1779135333.862056,7172,976,472
1779135333.8758786,7173,976,472
1779135333.8851662,7174,976,473
1779135333.9183173,7175,976,474
1779135333.919571,7176,976,475
1779135333.920882,7177,976,476
1779135333.9220304,7178,976,478
1779135333.9383104,7179,976,478
1779135333.9470344,7180,976,478
1779135333.955929,7181,976,479
1779135333.969823,7182,976,480
1779135333.9783998,7183,976,480
1779135333.9845357,7184,976,481
1779135333.993329,7185,976,482
1779135334.0020278,7186,976,482
1779135334.0132787,7187,976,483
1779135334.0558808,7188,976,484
1779135334.0570889,7189,976,486
1779135334.064585,7190,976,485
1779135334.0658498,7191,976,486
1779135334.0670304,7192,976,487
1779135334.0771277,7193,976,486
1779135334.085888,7194,976,487
1779135334.0971253,7195,976,487
1779135334.1059024,7196,976,487
1779135334.1208966,7197,976,489
1779135334.1270475,7198,976,488
1779135334.1383064,7199,976,488
1779135334.1445863,7200,976,489
1779135334.1534321,7201,976,489
1779135334.162087,7202,976,489
1779135334.1733232,7203,831,490
1779135334.182065,7204,676,490
1779135334.1959715,7205,534,490
1779135334.2045748,7206,413,490
1779135334.2159557,7207,311,490
1779135334.2245898,7208,230,491
1779135334.2359183,7209,167,491
1779135334.2445405,7210,121,491
1779135334.2558975,7211,91,491
1779135334.2695713,7212,71,491
1779135334.2782931,7213,60,491
1779135334.287017,7214,53,492
1779135334.2982771,7215,52,491
1779135334.3070202,7216,54,492
1779135334.3082552,7217,57,492
1779135334.322369,7218,61,492
1779135334.3320658,7219,61,493
1779135334.3459618,7220,61,493
1779135334.3520417,7221,60,492
1779135334.3658812,7222,61,493
1779135334.3720512,7223,61,493
1779135334.3859334,7224,61,493
1779135334.429599,7225,62,494
1779135334.43328,7226,62,494
1779135334.4345303,7227,63,494
1779135334.4358294,7228,64,494
1779135334.4370418,7229,65,495
1779135334.4508584,7230,67,495
1779135334.4520094,7231,71,494
1779135334.4670503,7232,76,495
1779135334.468255,7233,82,494
1779135334.4821372,7234,90,494
1779135334.4933093,7235,97,494
1779135334.5020251,7236,103,494
1779135334.515879,7237,111,494
1779135334.52464,7238,117,494
1779135334.559638,7239,123,494
1779135334.5608652,7240,127,494
1779135334.5620449,7241,129,495
1779135334.563747,7242,130,495
1779135334.57955,7243,130,495
1779135334.5882945,7244,131,495
1779135334.5970986,7245,132,496
1779135334.610858,7246,135,495
1779135334.6195514,7247,143,495
1779135334.6258328,7248,164,496
1779135334.6345873,7249,211,496
1779135334.6433365,7250,292,496
1779135334.6548126,7251,412,497
1779135334.663284,7252,571,497
1779135334.6770663,7253,765,498
1779135334.6858926,7254,974,498
1779135334.6971805,7255,976,498
1779135334.7058733,7256,976,499
1779135334.7195954,7257,976,499
1779135334.728346,7258,976,499
1779135334.739692,7259,976,499
1779135334.748295,7260,976,499
1779135334.7745938,7261,976,500
1779135334.7759008,7262,976,500
1779135334.8009427,7263,976,501
1779135334.8020842,7264,976,502
1779135334.8283446,7265,976,501
1779135334.8296537,7266,976,500
1779135334.83109,7267,976,501
1779135334.832046,7268,976,501
1779135334.8333046,7269,976,501
1779135334.848295,7270,976,501
1779135334.8495367,7271,976,501
1779135334.8645906,7272,976,502
1779135334.8733976,7273,976,501
1779135334.8871088,7274,976,502
1779135334.8933027,7275,976,502
1779135334.9072335,7276,976,501
1779135334.9159412,7277,976,501
1779135334.9295263,7278,976,501
1779135334.9383857,7279,976,501
1779135334.9446673,7280,976,500
1779135334.9558382,7281,976,500
1779135334.9608455,7282,976,500
1779135334.972161,7283,976,499
1779135334.9859285,7284,976,499
1779135334.9920688,7285,976,499
1779135335.0058713,7286,976,499
1779135335.0120924,7287,976,499
1779135335.0258894,7288,941,498
1779135335.0346057,7289,790,498
1779135335.043312,7290,650,497
1779135335.0571945,7291,526,497
1779135335.066365,7292,417,496
1779135335.074572,7293,328,496
1779135335.0883102,7294,255,496
1779135335.0945456,7295,201,495
1779135335.108309,7296,161,494
1779135335.1095505,7297,132,492
1779135335.157564,7298,112,492
1779135335.1583252,7299,101,491
1779135335.1696134,7300,94,491
1779135335.198349,7301,90,490
1779135335.1995666,7302,88,489
1779135335.2008817,7303,88,489
1779135335.2020288,7304,86,488
1779135335.203276,7305,87,487
1779135335.2045608,7306,86,487
1779135335.2208855,7307,85,487
1779135335.2221038,7308,87,486
1779135335.2358663,7309,91,485
1779135335.2445815,7310,94,484
1779135335.2572422,7311,98,484
1779135335.2633562,7312,100,482
1779135335.272085,7313,102,481
1779135335.2858877,7314,100,481
1779135335.2920837,7315,101,480
1779135335.305856,7316,101,480
1779135335.3145635,7317,106,480
1779135335.3233926,7318,111,479
1779135335.3396356,7319,118,478
1779135335.3409028,7320,121,478
1779135335.3548176,7321,124,477
1779135335.3659816,7322,127,476
1779135335.3771977,7323,129,476
1779135335.3860688,7324,132,476
1779135335.3995702,7325,136,476
1779135335.4084408,7326,139,476
1779135335.419656,7327,149,476
1779135335.424653,7328,173,475
1779135335.4333656,7329,222,475
1779135335.4421368,7330,303,475
1779135335.4534123,7331,424,475
1779135335.4621427,7332,582,475
1779135335.474677,7333,773,475
1779135335.4884183,7334,974,475
1779135335.5134115,7335,976,474
1779135335.5145884,7336,976,473
1779135335.5359168,7337,976,473
1779135335.53711,7338,976,473
1779135335.538323,7339,976,473
1779135335.5483465,7340,976,474
1779135335.5572608,7341,976,473
1779135335.5659292,7342,976,472
1779135335.5746264,7343,976,473
1779135335.583385,7344,976,473
1779135335.5921807,7345,976,473
1779135335.6008892,7346,976,473
1779135335.6121745,7347,976,473
1779135335.6209257,7348,976,472
1779135335.6346202,7349,976,472
1779135335.64334,7350,976,472
1779135335.6546097,7351,976,472
1779135335.6633468,7352,976,472
1779135335.680903,7353,976,472
1779135335.6821208,7354,976,472
1779135335.6983407,7355,976,472
1779135335.707093,7356,976,472
1779135335.716227,7357,976,472
1779135335.7296507,7358,976,472
1779135335.7383463,7359,976,471
1779135335.744587,7360,976,471
1779135335.753348,7361,976,470
1779135335.7621984,7362,976,470
1779135335.773356,7363,976,472
1779135335.7846217,7364,976,470
1779135335.7934508,7365,869,469
1779135335.8071408,7366,719,469
1779135335.835888,7367,587,469
1779135335.8371165,7368,472,469
1779135335.8383143,7369,378,468
1779135335.8520854,7370,302,467
1779135335.853509,7371,244,467
1779135335.8846185,7372,199,467
1779135335.8859391,7373,167,467
1779135335.9083683,7374,143,467
1779135335.909573,7375,129,466
1779135335.9108498,7376,118,466
1779135335.9122305,7377,112,466
1779135335.9258635,7378,106,465
1779135335.9321032,7379,102,466
1779135335.9459522,7380,99,466
1779135335.9520729,7381,95,466
1779135335.9658844,7382,92,465
1779135335.9721918,7383,89,465
1779135335.9858792,7384,81,465
1779135335.9920993,7385,78,465
1779135336.0058985,7386,74,465
1779135336.017077,7387,71,464
1779135336.0258765,7388,68,465
1779135336.0396018,7389,67,464
1779135336.048324,7390,67,464
1779135336.059639,7391,69,463
1779135336.064623,7392,70,463
1779135336.073359,7393,74,463
1779135336.0821316,7394,78,463
1779135336.0934021,7395,83,462
1779135336.10716,7396,88,462
1779135336.11334,7397,94,461
1779135336.1277864,7398,99,462
1779135336.1337392,7399,107,462
1779135336.147213,7400,113,462
1779135336.155854,7401,118,461
1779135336.1645982,7402,121,461
1779135336.1758616,7403,124,461
1779135336.184644,7404,125,462
1779135336.1983645,7405,124,462
1779135336.207077,7406,120,462
1779135336.2183378,7407,120,462
1779135336.2233446,7408,121,463
1779135336.2483432,7409,131,463
1779135336.2495883,7410,155,462
1779135336.2746108,7411,204,463
1779135336.2758725,7412,286,463
1779135336.2808843,7413,411,463
1779135336.2858605,7414,577,464
1779135336.2970994,7415,781,464
1779135336.3059015,7416,976,464
1779135336.319643,7417,976,464
1779135336.3283772,7418,976,464
1779135336.3396816,7419,976,465
1779135336.3484654,7420,976,464
1779135336.3621948,7421,976,465
1779135336.370978,7422,976,465
1779135336.3873234,7423,976,465
1779135336.387396,7424,976,465
1779135336.3883636,7425,976,465
1779135336.402296,7426,976,466
1779135336.4108956,7427,976,466
1779135336.4272146,7428,976,466
1779135336.4283588,7429,976,465
1779135336.4422567,7430,976,465
1779135336.4783907,7431,976,466
1779135336.479591,7432,976,465
1779135336.480845,7433,976,465
1779135336.4821393,7434,976,467
1779135336.49589,7435,976,466
1779135336.5071626,7436,976,465
1779135336.5159822,7437,976,466
1779135336.5297503,7438,976,465
1779135336.5386028,7439,976,465
1779135336.5396824,7440,976,465
1779135336.5546668,7441,976,464
1779135336.5635045,7442,976,465
1779135336.572194,7443,976,464
1779135336.5834537,7444,976,464
1779135336.617153,7445,976,464
1779135336.618369,7446,976,464
1779135336.6383774,7447,976,463
1779135336.6395848,7448,976,465
1779135336.640848,7449,976,463
1779135336.6433651,7450,976,463
1779135336.657373,7451,976,463
1779135336.6683934,7452,976,463
1779135336.677352,7453,974,464
1779135336.6909156,7454,798,464
1779135336.6999128,7455,643,464
1779135336.7008345,7456,503,464
1779135336.7158775,7457,379,463
1779135336.722121,7458,273,463
1779135336.735882,7459,188,463
1779135336.7421014,7460,120,463
1779135336.7558682,7461,70,463
1779135336.7646163,7462,35,464
1779135336.7736547,7463,12,464
1779135336.784971,7464,1,464
1779135336.7935178,7465,1,464
1779135336.8071504,7466,1,463
1779135336.8159087,7467,1,464
1779135336.8259325,7468,1,464
1779135336.8346198,7469,0,464
1779135336.8483899,7470,1,464
1779135336.8572571,7471,9,465
1779135336.8583796,7472,16,465
1779135336.873398,7473,25,465
1779135336.882116,7474,34,466
1779135336.8958747,7475,44,466
1779135336.902135,7476,56,466
1779135336.9158738,7477,68,466
1779135336.9246244,7478,80,467
1779135336.9333596,7479,91,467
1779135336.9446673,7480,102,467
1779135336.9533997,7481,112,468
1779135336.999695,7482,117,469
1779135337.0008726,7483,123,470
1779135337.0071576,7484,126,471
1779135337.0083396,7485,130,472
1779135337.0096579,7486,129,472
1779135337.0233889,7487,124,473
1779135337.0246272,7488,118,474
1779135337.0333614,7489,112,474
1779135337.0425866,7490,106,476
1779135337.0559175,7491,105,476
1779135337.0621963,7492,108,477
1779135337.076017,7493,121,478
1779135337.084623,7494,151,478
1779135337.1159956,7495,207,479
1779135337.1171854,7496,296,479
1779135337.118432,7497,430,480
1779135337.1284294,7498,605,481
1779135337.1384559,7499,816,482
1779135337.144738,7500,976,482
1779135337.1585002,7501,976,482
1779135337.1671205,7502,976,483
1779135337.1759589,7503,976,483
1779135337.1821547,7504,976,484
1779135337.190902,7505,976,486
1779135337.2048056,7506,976,486
1779135337.2134051,7507,976,486
1779135337.2246954,7508,976,486
1779135337.2335117,7509,976,487
1779135337.2434263,7510,976,487
1779135337.2572048,7511,976,489
1779135337.263415,7512,976,489
1779135337.277207,7513,976,489
1779135337.2859497,7514,976,488
1779135337.2996776,7515,976,489
1779135337.3059175,7516,976,489
1779135337.3196747,7517,976,489
1779135337.345929,7518,976,489
1779135337.347156,7519,976,490
1779135337.3721557,7520,976,490
1779135337.3733606,7521,976,491
1779135337.377163,7522,976,491
1779135337.3784459,7523,976,491
1779135337.38462,7524,976,492
1779135337.3984013,7525,976,493
1779135337.4033852,7526,976,492
1779135337.4172277,7527,976,492
1779135337.4233706,7528,976,492
1779135337.4373517,7529,976,492
1779135337.4459507,7530,976,492
1779135337.4572194,7531,976,492
1779135337.4684098,7532,976,493
1779135337.4772432,7533,976,493
1779135337.4909627,7534,933,494
1779135337.4998431,7535,769,494
1779135337.5009396,7536,615,494
1779135337.5159445,7537,479,494
1779135337.5246797,7538,363,493
1779135337.5334406,7539,268,494
1779135337.544679,7540,193,494
1779135337.5537372,7541,137,494
1779135337.5634396,7542,95,494
1779135337.5772033,7543,68,495
1779135337.5883904,7544,49,495
1779135337.597941,7545,41,495
1779135337.6109169,7546,38,495
1779135337.6196122,7547,38,496
1779135337.630852,7548,39,496
1779135337.6396923,7549,41,495
1779135337.6534135,7550,42,496
1779135337.6622376,7551,44,496
1779135337.6622684,7552,45,496
1779135337.67116,7553,45,496
1779135337.684717,7554,43,496
1779135337.6934094,7555,44,496
1779135337.7184186,7556,42,496
1779135337.719621,7557,44,496
1779135337.7559404,7558,46,496
1779135337.7571297,7559,50,497
1779135337.7673426,7560,55,496
1779135337.7709274,7561,60,495
1779135337.7721648,7562,66,496
1779135337.773684,7563,75,496
1779135337.7871766,7564,83,495
1779135337.7984197,7565,94,496
1779135337.812175,7566,103,496
1779135337.818427,7567,112,496
1779135337.8234184,7568,118,496
1779135337.8346703,7569,119,495
1779135337.8434324,7570,117,495
1779135337.857219,7571,115,496
1779135337.8659515,7572,110,496
1779135337.873396,7573,107,496
1779135337.8871882,7574,103,496
1779135337.8959231,7575,103,496
1779135337.909717,7576,107,497
1779135337.9158938,7577,122,497
1779135337.9297135,7578,158,497
1779135337.938407,7579,227,497
1779135337.952186,7580,334,497
1779135337.9609182,7581,486,498
1779135337.969669,7582,677,499
1779135337.9809716,7583,900,498
1779135337.9810076,7584,976,500
1779135337.9946961,7585,976,500
1779135338.000921,7586,976,500
1779135338.0146885,7587,976,501
1779135338.023456,7588,976,502
1779135338.0321767,7589,976,502
1779135338.0434,7590,976,502
1779135338.0521557,7591,976,502
1779135338.0872135,7592,976,502
1779135338.0884178,7593,976,502
1779135338.109938,7594,976,502
1779135338.1111639,7595,976,503
1779135338.1121147,7596,976,502
1779135338.1133685,7597,976,502
1779135338.1296797,7598,976,502
1779135338.1384509,7599,976,502
1779135338.1396785,7600,976,501
1779135338.1534388,7601,976,502
1779135338.1647332,7602,976,501
1779135338.1734335,7603,976,500
1779135338.1896942,7604,976,500
1779135338.1909027,7605,976,499
1779135338.2071953,7606,976,498
1779135338.2159107,7607,976,498
1779135338.2247403,7608,976,498
1779135338.2384975,7609,976,496
1779135338.2446702,7610,976,496
1779135338.2585278,7611,976,496
1779135338.267201,7612,976,495
1779135338.2759914,7613,976,496
1779135338.2896738,7614,976,494
1779135338.2984092,7615,976,493
1779135338.2996647,7616,976,492
1779135338.3135765,7617,976,492
1779135338.32473,7618,831,492
1779135338.3335314,7619,684,491
1779135338.347279,7620,550,490
1779135338.3560104,7621,434,489
1779135338.3672314,7622,335,488
1779135338.403501,7623,256,487
1779135338.404653,7624,192,487
1779135338.4058967,7625,143,487
1779135338.4071994,7626,107,486
1779135338.4222922,7627,83,486
1779135338.4472613,7628,66,485
1779135338.448433,7629,59,485
1779135338.4735377,7630,56,484
1779135338.474722,7631,55,484
1779135338.4922838,7632,55,484
1779135338.4934735,7633,55,484
1779135338.4971948,7634,53,483
1779135338.4984593,7635,50,483
1779135338.5035136,7636,47,483
1779135338.5172422,7637,47,482
1779135338.5235007,7638,47,480
1779135338.5373394,7639,49,480
1779135338.5459406,7640,49,480
1779135338.5547955,7641,50,479
1779135338.5660257,7642,54,479
1779135338.574926,7643,61,479
1779135338.5885458,7644,68,479
1779135338.5997152,7645,77,479
1779135338.605979,7646,84,479
1779135338.619732,7647,93,478
1779135338.6209493,7648,99,477
1779135338.634735,7649,104,478
1779135338.6409101,7650,108,478
1779135338.6546986,7651,111,477
1779135338.6634796,7652,115,477
1779135338.6722193,7653,125,476
1779135338.6834176,7654,143,477
1779135338.6921992,7655,180,476
1779135338.708479,7656,245,476
1779135338.709679,7657,349,476
1779135338.7259557,7658,497,476
1779135338.7347426,7659,684,476
1779135338.7484603,7660,902,476
1779135338.7572646,7661,976,476
1779135338.7684138,7662,976,476
1779135338.782201,7663,976,476
1779135338.7834303,7664,976,477
1779135338.792173,7665,976,475
1779135338.8235116,7666,976,476
1779135338.8246958,7667,976,475
1779135338.8472407,7668,976,476
1779135338.8484683,7669,976,476
1779135338.8496933,7670,976,475
1779135338.854678,7671,976,475
1779135338.8684616,7672,976,475
1779135338.8746934,7673,976,474
1779135338.8859725,7674,976,474
1779135338.8948348,7675,976,474
1779135338.9085062,7676,976,474
1779135338.9159472,7677,976,475
1779135338.9272316,7678,976,475
1779135338.935963,7679,976,473
1779135338.942224,7680,976,474
1779135338.9509516,7681,976,475
1779135338.9621882,7682,976,473
1779135338.97599,7683,976,474
1779135338.9822178,7684,976,473
1779135338.9960582,7685,976,473
1779135339.0021858,7686,976,473
1779135339.038508,7687,976,473
1779135339.039698,7688,976,473
1779135339.0409207,7689,976,473
1779135339.0421689,7690,976,473
1779135339.0572224,7691,976,472
1779135339.0659788,7692,976,472
1779135339.0798643,7693,976,472
1779135339.0859594,7694,846,473
1779135339.0997076,7695,690,472
1779135339.100917,7696,549,473
1779135339.1147487,7697,429,473
1779135339.1234133,7698,328,472
1779135339.1321998,7699,247,472
1779135339.1461308,7700,182,472
1779135339.1548166,7701,133,472
1779135339.2009652,7702,98,472
1779135339.2021823,7703,74,472
1779135339.2084534,7704,57,472
1779135339.2097032,7705,48,472
1779135339.2109523,7706,41,472
1779135339.2159333,7707,37,472
1779135339.2309709,7708,34,472
1779135339.2322037,7709,34,471
1779135339.248488,7710,33,470
1779135339.2622318,7711,33,471
1779135339.2634218,7712,31,471
1779135339.2724736,7713,30,471
1779135339.2834876,7714,27,470
1779135339.2922118,7715,25,470
1779135339.3060386,7716,21,469
1779135339.3147268,7717,17,470
1779135339.3259745,7718,16,469
1779135339.3347595,7719,17,468
1779135339.3485258,7720,17,467
1779135339.3573318,7721,21,467
1779135339.3684726,7722,27,467
1779135339.3821988,7723,35,466
1779135339.3871946,7724,43,466
1779135339.4009533,7725,55,465
1779135339.4072075,7726,66,465
1779135339.4209733,7727,78,464
1779135339.4224136,7728,90,463
1779135339.430954,7729,98,463
1779135339.442202,7730,105,464
1779135339.4560108,7731,110,463
1779135339.4647603,7732,114,463
1779135339.4734817,7733,116,462
1779135339.4847436,7734,115,462
1779135339.4934714,7735,113,463
1779135339.507419,7736,108,463
1779135339.515967,7737,103,463
1779135339.527224,7738,101,463
1779135339.572358,7739,107,463
1779135339.5734787,7740,129,463
1779135339.5835383,7741,181,463
1779135339.5847743,7742,273,464
1779135339.5868304,7743,413,464
1779135339.5873196,7744,601,465
1779135339.5934663,7745,832,465
1779135339.6049078,7746,976,465
1779135339.6134956,7747,976,466
1779135339.622271,7748,976,466
1779135339.636096,7749,976,467
1779135339.643575,7750,976,467
1779135339.6785102,7751,976,467
1779135339.6797173,7752,976,467
1779135339.680959,7753,976,468
1779135339.682211,7754,976,468
1779135339.6972916,7755,976,468
1779135339.7059753,7756,976,468
1779135339.7197616,7757,976,468
1779135339.7259676,7758,976,468
1779135339.7397823,7759,977,468
1779135339.7409945,7760,976,468
1779135339.7547598,7761,977,467
1779135339.7635043,7762,977,468
1779135339.7722445,7763,976,468
1779135339.785994,7764,977,468
1779135339.7947419,7765,976,468
1779135339.8060532,7766,977,468
1779135339.8147838,7767,976,468
1779135339.8284762,7768,976,468
1779135339.8372126,7769,976,469
1779135339.8484802,7770,976,468
1779135339.857199,7771,976,469
1779135339.8672676,7772,976,468
1779135339.8809845,7773,976,470
1779135339.8900096,7774,976,470
1779135339.9175086,7775,976,470
1779135339.9186172,7776,976,470
1779135339.9437785,7777,976,470
1779135339.9451945,7778,976,469
1779135339.9698412,7779,976,470
1779135339.9712484,7780,976,470
1779135339.9749894,7781,976,470
1779135339.9760048,7782,976,471
1779135339.9773726,7783,976,471
1779135339.9873219,7784,976,471
1779135339.996021,7785,976,473
1779135340.007249,7786,926,472
1779135340.0159962,7787,742,472
1779135340.02975,7788,569,473
1779135340.0385013,7789,411,473
1779135340.0497522,7790,273,472
1779135340.063503,7791,159,473
1779135340.0647283,7792,67,473
1779135340.0747423,7793,2,472
1779135340.083512,7794,1,473
1779135340.0922885,7795,1,473
1779135340.1060345,7796,0,474
1779135340.1147983,7797,0,474
1779135340.1260414,7798,1,475
1779135340.134755,7799,1,476
1779135340.1485307,7800,0,476
1779135340.157355,7801,1,477
1779135340.1685185,7802,1,477
1779135340.177498,7803,1,478
1779135340.1910522,7804,1,479
1779135340.1998107,7805,0,480
1779135340.211025,7806,1,480
1779135340.2249327,7807,1,481
1779135340.2249758,7808,0,482
1779135340.2335322,7809,1,483
1779135340.2422452,7810,1,482
1779135340.2535055,7811,1,484
1779135340.2622912,7812,1,484
1779135340.2910454,7813,0,485
1779135340.2922335,7814,0,486
1779135340.3185258,7815,1,487
1779135340.3197248,7816,16,487
1779135340.344923,7817,37,488
1779135340.346021,7818,53,489
1779135340.349776,7819,67,489
1779135340.3510015,7820,77,490
1779135340.3573387,7821,84,491
1779135340.3660345,7822,89,491
1779135340.3772888,7823,95,492
1779135340.3860312,7824,104,492
1779135340.3910313,7825,127,492
1779135340.404768,7826,177,492
1779135340.4109912,7827,261,493
1779135340.4248667,7828,388,493
1779135340.433526,7829,564,494
1779135340.4422648,7830,782,494
1779135340.453511,7831,976,494
1779135340.4622774,7832,976,494
1779135340.476018,7833,976,495
1779135340.4835093,7834,976,495
1779135340.4947882,7835,976,495
1779135340.5035486,7836,976,495
1779135340.5172782,7837,976,496
1779135340.5260737,7838,976,495
1779135340.5372908,7839,976,497
1779135340.5435648,7840,976,497
1779135340.5523179,7841,976,497
1779135340.5660837,7842,977,498
1779135340.572314,7843,976,498
1779135340.5861266,7844,976,498
1779135340.5935383,7845,976,497
1779135340.6073077,7846,976,497
1779135340.6135051,7847,976,497
1779135340.6272795,7848,976,498
1779135340.6760533,7849,976,498
1779135340.6773221,7850,977,498
1779135340.6786299,7851,976,499
1779135340.6797268,7852,976,499
1779135340.6809947,7853,977,499
1779135340.6923254,7854,976,499
1779135340.693542,7855,976,499
1779135340.7034967,7856,976,499
1779135340.7122214,7857,976,499
1779135340.7209694,7858,976,499
1779135340.732273,7859,976,499
1779135340.741015,7860,976,499
1779135340.7547822,7861,976,499
1779135340.7635293,7862,976,499
1779135340.7747657,7863,976,499
1779135340.7835,7864,976,499
1779135340.793605,7865,976,499
1779135340.8073037,7866,976,499
1779135340.8185334,7867,976,499
1779135340.8272636,7868,952,499
1779135340.8410485,7869,780,499
1779135340.8498578,7870,617,499
1779135340.8660173,7871,469,499
1779135340.8673038,7872,337,499
1779135340.872236,7873,227,498
1779135340.8810003,7874,139,498
1779135340.8973553,7875,72,499
1779135340.8985934,7876,22,499
1779135340.9122748,7877,0,499
1779135340.926075,7878,1,499
1779135340.9560604,7879,0,498
1779135340.9572365,7880,1,498
1779135340.9584765,7881,1,498
1779135340.9672244,7882,1,498
1779135340.9760227,7883,1,499
1779135340.984833,7884,1,498
1779135340.9986022,7885,0,498
1779135341.042303,7886,1,498
1779135341.0435302,7887,1,498
1779135341.0447662,7888,1,498
1779135341.046027,7889,1,498
1779135341.047251,7890,1,497
1779135341.0560708,7891,1,497
1779135341.0697865,7892,0,498
1779135341.071094,7893,0,497
1779135341.0849648,7894,1,496
1779135341.0960803,7895,1,496
1779135341.1072996,7896,0,495
1779135341.1161332,7897,16,495
1779135341.1297863,7898,38,495
1779135341.1361115,7899,58,494
1779135341.149825,7900,75,495
1779135341.1585186,7901,91,495
1779135341.1678212,7902,102,495
1779135341.1785078,7903,111,494
1779135341.1875558,7904,112,494
1779135341.1884923,7905,114,494
1779135341.2061539,7906,114,494
1779135341.212267,7907,116,494
1779135341.226038,7908,118,495
1779135341.2322886,7909,129,494
1779135341.2463744,7910,156,494
1779135341.2547543,7911,211,494
1779135341.2635534,7912,305,494
1779135341.2773294,7913,446,494
1779135341.2860346,7914,637,494
1779135341.2972841,7915,868,494
1779135341.3060744,7916,976,494
1779135341.3160748,7917,976,494
1779135341.3298385,7918,976,494
1779135341.3386025,7919,976,494
1779135341.347292,7920,976,495
1779135341.3523273,7921,976,495
1779135341.3610592,7922,976,494
1779135341.4060266,7923,976,493
1779135341.407274,7924,976,494
1779135341.417363,7925,976,493
1779135341.4194965,7926,976,492
1779135341.4198017,7927,976,493
1779135341.4209788,7928,976,493
1779135341.436135,7929,976,492
1779135341.4548075,7930,976,491
1779135341.4560287,7931,976,493
1779135341.4710531,7932,976,492
1779135341.4722846,7933,977,491
1779135341.4860687,7934,976,491
1779135341.497277,7935,976,491
1779135341.5060651,7936,976,492
1779135341.511028,7937,976,490
1779135341.5232303,7938,976,490
1779135341.533871,7939,976,489
1779135341.5473104,7940,976,489
1779135341.552293,7941,976,489
1779135341.5662813,7942,977,488
1779135341.5960333,7943,976,488
1779135341.5972698,7944,976,487
1779135341.5985048,7945,976,487
1779135341.6072805,7946,976,487
1779135341.6160316,7947,976,486
1779135341.625046,7948,976,486
1779135341.6385577,7949,976,485
1779135341.6472769,7950,976,484
1779135341.6585572,7951,976,484
1779135341.663518,7952,887,484
1779135341.6722426,7953,734,483
1779135341.6860266,7954,590,482
1779135341.692261,7955,463,481
1779135341.7060452,7956,349,480
1779135341.7147827,7957,254,479
1779135341.7235494,7958,175,478
1779135341.734802,7959,109,477
1779135341.7754474,7960,58,476
1779135341.7760015,7961,19,474
1779135341.7823048,7962,1,474
1779135341.7834861,7963,1,473
1779135341.7847512,7964,1,472
1779135341.7998593,7965,0,471
1779135341.8085196,7966,0,470
1779135341.8197806,7967,0,470
1779135341.8247678,7968,1,468
1779135341.8322616,7969,0,467
1779135341.8410463,7970,0,465
1779135341.8572423,7971,1,466
1779135341.8585205,7972,1,464
1779135341.872272,7973,0,463
1779135341.886116,7974,1,462
1779135341.8922553,7975,1,461
1779135341.9060895,7976,0,460
1779135341.914878,7977,1,460
1779135341.9236305,7978,1,460
1779135341.9348135,7979,1,460
1779135341.9484923,7980,1,459
1779135341.9548645,7981,1,458
1779135341.9685616,7982,1,457
1779135341.9749796,7983,1,457
1779135341.983538,7984,1,456
1779135341.9923484,7985,0,455
1779135342.0010147,7986,0,455
1779135342.0122647,7987,12,454
1779135342.0211146,7988,41,453
1779135342.038513,7989,96,453
1779135342.039893,7990,183,451
1779135342.0560377,7991,313,451
1779135342.0649834,7992,489,451
1779135342.0736487,7993,702,451
1779135342.0873122,7994,939,449
1779135342.0935202,7995,976,449
1779135342.1185827,7996,976,449
1779135342.1198523,7997,976,448
1779135342.1473374,7998,976,448
1779135342.1486428,7999,976,447
1779135342.173592,8000,976,447
1779135342.175118,8001,976,447
1779135342.1849508,8002,976,447
1779135342.1861174,8003,976,447
1779135342.1879976,8004,976,446
1779135342.1948385,8005,976,447
1779135342.2035625,8006,976,446
1779135342.2360759,8007,976,446
1779135342.2372637,8008,976,446
1779135342.238535,8009,976,445
1779135342.244837,8010,976,446
1779135342.2560532,8011,976,445
1779135342.264985,8012,976,446
1779135342.278549,8013,976,446
1779135342.2881322,8014,976,446
1779135342.2985444,8015,976,447
1779135342.3048747,8016,976,447
1779135342.3135343,8017,976,448
1779135342.322368,8018,976,448
1779135342.3336496,8019,976,449
1779135342.3423328,8020,976,449
1779135342.3561041,8021,976,450
1779135342.3649364,8022,976,451
1779135342.3761525,8023,976,451
1779135342.3849006,8024,976,451
1779135342.398606,8025,974,452
1779135342.4073863,8026,789,452
1779135342.4185612,8027,631,453
1779135342.4273183,8028,493,453
1779135342.441072,8029,378,453
1779135342.4499087,8030,287,453
1779135342.4687116,8031,221,453
1779135342.4710708,8032,171,453
1779135342.4710922,8033,136,453
1779135342.496358,8034,114,454
1779135342.4973154,8035,103,454
1779135342.5161853,8036,98,454
1779135342.517319,8037,95,455
1779135342.5260956,8038,96,455
1779135342.5323813,8039,96,455
1779135342.5461411,8040,98,456
1779135342.5549595,8041,99,455
1779135342.5636344,8042,102,456
1779135342.5736082,8043,104,457
1779135342.5873914,8044,108,457
1779135342.5961392,8045,110,458
1779135342.6049569,8046,110,459
1779135342.6161313,8047,108,460
1779135342.624923,8048,103,459
1779135342.6336036,8049,96,460
1779135342.6423903,8050,87,461
1779135342.6536114,8051,79,462
1779135342.6623461,8052,76,462
1779135342.6786304,8053,70,463
1779135342.6799173,8054,66,463
1779135342.6962838,8055,62,463
1779135342.7050183,8056,57,463
1779135342.7186463,8057,52,464
1779135342.7274888,8058,48,464
1779135342.738662,8059,45,466
1779135342.7524028,8060,43,466
1779135342.7573357,8061,43,466
1779135342.771164,8062,46,467
1779135342.7799807,8063,50,467
1779135342.7861238,8064,56,468
1779135342.7923987,8065,65,469
1779135342.8061569,8066,73,470
1779135342.8122914,8067,82,470
1779135342.8261526,8068,93,472
1779135342.8349462,8069,113,472
1779135342.8636212,8070,152,474
1779135342.8648531,8071,220,475
1779135342.8898845,8072,334,476
1779135342.914874,8073,496,478
1779135342.916033,8074,707,479
1779135342.9173462,8075,956,480
1779135342.9185417,8076,976,481
1779135342.919861,8077,976,482
1779135342.9338355,8078,976,482
1779135342.9348636,8079,976,484
1779135342.9422977,8080,976,486
1779135342.9510922,8081,976,487
1779135342.964954,8082,976,489
1779135342.9711018,8083,976,492
1779135342.9849102,8084,977,493
1779135342.994875,8085,977,494
1779135343.0036514,8086,977,494
1779135343.014882,8087,977,496
1779135343.023597,8088,977,496
1779135343.0373929,8089,977,498
1779135343.0462062,8090,977,498
1779135343.057703,8091,977,499
1779135343.0661056,8092,977,500
1779135343.0798836,8093,977,502
1779135343.088614,8094,977,502
1779135343.0999167,8095,977,503
1779135343.1048923,8096,977,504
1779135343.1135836,8097,977,504
1779135343.122651,8098,976,504
1779135343.1336036,8099,977,505
1779135343.142508,8100,977,505
1779135343.1560922,8101,976,505
1779135343.1648924,8102,976,506
1779135343.1761572,8103,976,507
1779135343.1849022,8104,976,508
1779135343.1986794,8105,976,507
1779135343.2049038,8106,976,508
1779135343.239901,8107,976,508
1779135343.2410443,8108,976,508
1779135343.253594,8109,976,508
1779135343.2548969,8110,976,508
1779135343.256066,8111,976,508
1779135343.2635944,8112,976,509
1779135343.272349,8113,976,509
1779135343.2811167,8114,802,510
1779135343.2923372,8115,608,510
1779135343.3036354,8116,432,510
1779135343.3123639,8117,279,510
1779135343.3261566,8118,151,510
1779135343.3323617,8119,46,512
1779135343.3461528,8120,0,512
1779135343.3549428,8121,0,514
1779135343.3636065,8122,1,515
1779135343.3749335,8123,0,516
1779135343.3835776,8124,0,517
1779135343.397417,8125,0,519
1779135343.4073818,8126,1,520
1779135343.4160395,8127,1,521
1779135343.4248915,8128,0,522
1779135343.4335682,8129,1,524
1779135343.4423323,8130,1,524
1779135343.4536078,8131,1,525
1779135343.4623423,8132,0,526
1779135343.476144,8133,0,526
1779135343.4848971,8134,1,526
1779135343.5135925,8135,0,527
1779135343.5148637,8136,0,527
1779135343.5248713,8137,0,527
1779135343.5261502,8138,0,526
1779135343.537481,8139,1,526
1779135343.5461628,8140,1,525
1779135343.5599325,8141,1,524
1779135343.5685492,8142,0,524
1779135343.614911,8143,0,523
1779135343.616116,8144,1,522
1779135343.617426,8145,0,521
1779135343.6189237,8146,1,521
1779135343.6223357,8147,1,520
1779135343.6235785,8148,0,519
1779135343.6374116,8149,0,518
1779135343.64232,8150,1,517
1779135343.658673,8151,1,515
1779135343.659946,8152,0,515
1779135343.6736174,8153,0,514
1779135343.6873338,8154,1,513
1779135343.6935997,8155,0,512
1779135343.7074132,8156,0,512
1779135343.7161512,8157,1,511
1779135343.727507,8158,277,510
1779135343.7386456,8159,615,510
1779135343.7449296,8160,966,509
1779135343.753584,8161,976,510
1779135343.7623508,8162,976,508
1779135343.773552,8163,976,508
1779135343.7824128,8164,976,508
1779135343.7961705,8165,976,508
1779135343.8048444,8166,976,507
1779135343.816195,8167,976,507
1779135343.8285959,8168,976,506
1779135343.8373911,8169,976,505
1779135343.8461275,8170,976,505
1779135343.857379,8171,977,506
1779135343.8711216,8172,976,504
1779135343.8773732,8173,977,503
1779135343.8911378,8174,977,503
1779135343.8999038,8175,976,502
1779135343.906141,8176,976,502
1779135343.914905,8177,976,500
1779135343.923624,8178,977,500
1779135343.9311345,8179,976,500
1779135343.982357,8180,976,500
1779135343.98358,8181,976,499
1779135343.98485,8182,976,499
1779135343.9860537,8183,976,498
1779135343.987347,8184,976,497
1779135343.9973567,8185,976,497
1779135344.006118,8186,976,496
1779135344.0173693,8187,976,496
1779135344.026112,8188,976,496
1779135344.0361307,8189,976,495
1779135344.0499132,8190,976,495
1779135344.058614,8191,976,496
1779135344.072448,8192,976,494
1779135344.0724864,8193,976,494
1779135344.0810995,8194,976,493
1779135344.0923538,8195,894,493
1779135344.1011157,8196,728,492
1779135344.1148918,8197,572,492
1779135344.1236234,8198,439,491
1779135344.1599033,8199,321,491
1779135344.1610916,8200,225,490
1779135344.1623266,8201,146,489
1779135344.1635892,8202,85,489
1779135344.179906,8203,38,489
1779135344.1886861,8204,6,488
1779135344.197411,8205,1,488
1779135344.2111623,8206,1,488
1779135344.2224083,8207,1,487
1779135344.2235856,8208,0,487
1779135344.2373614,8209,0,487
1779135344.2424185,8210,0,487
1779135344.2537177,8211,1,487
1779135344.2673738,8212,0,487
1779135344.2736707,8213,0,487
1779135344.2873678,8214,1,486
1779135344.2935991,8215,1,486
1779135344.3073745,8216,0,485
1779135344.333723,8217,0,485
1779135344.334872,8218,1,485
1779135344.3586547,8219,0,485
1779135344.3598948,8220,0,483
1779135344.3612034,8221,1,484
1779135344.3749104,8222,1,486
1779135344.3761296,8223,1,485
1779135344.3811047,8224,1,486
1779135344.394948,8225,0,485
1779135344.403652,8226,0,485
1779135344.4149165,8227,1,484
1779135344.4236205,8228,1,484
1779135344.4373708,8229,1,485
1779135344.4461336,8230,0,486
1779135344.4551842,8231,1,485
1779135344.468618,8232,35,486
1779135344.477382,8233,87,486
1779135344.4861295,8234,173,486
1779135344.4973655,8235,302,486
1779135344.5061338,8236,480,486
1779135344.5198958,8237,700,487
1779135344.528622,8238,953,486
1779135344.5401611,8239,976,488
1779135344.5449033,8240,976,487
1779135344.5573993,8241,976,487
1779135344.558642,8242,976,487
1779135344.574886,8243,976,489
1779135344.5836308,8244,976,488
1779135344.5925648,8245,976,488
1779135344.6061254,8246,976,488
1779135344.6123805,8247,976,489
1779135344.6261287,8248,976,491
1779135344.6348846,8249,976,491
1779135344.6486366,8250,977,490
1779135344.6577716,8251,976,490
1779135344.6661422,8252,976,491
1779135344.69991,8253,977,490
1779135344.7011323,8254,977,490
1779135344.7248998,8255,976,490
1779135344.7260933,8256,976,490
1779135344.7273328,8257,977,489
1779135344.7286544,8258,977,489
1779135344.7349322,8259,976,489
1779135344.7488642,8260,976,489
1779135344.7498443,8261,976,489
1779135344.7662005,8262,976,490
1779135344.7961526,8263,976,489
1779135344.7973678,8264,976,487
1779135344.7985952,8265,976,487
1779135344.808008,8266,976,487
1779135344.8140094,8267,976,487
1779135344.827408,8268,976,486
1779135344.8362083,8269,976,486
1779135344.8448894,8270,976,486
1779135344.8561518,8271,976,485
1779135344.8649,8272,976,485
1779135344.871193,8273,976,485
1779135344.88489,8274,816,486
1779135344.8911164,8275,655,484
1779135344.9049277,8276,509,484
1779135344.9136279,8277,380,484
1779135344.9274716,8278,272,484
1779135344.9353666,8279,183,483
1779135344.9427354,8280,114,484
1779135344.958156,8281,62,484
1779135344.9650507,8282,25,484
1779135344.9743142,8283,2,485
1779135344.990678,8284,0,485
1779135344.9964013,8285,0,486
1779135345.0055096,8286,1,486
1779135345.01722,8287,0,486
1779135345.0252752,8288,0,486
1779135345.0351186,8289,0,486
1779135345.0441868,8290,0,486
1779135345.079891,8291,1,486
1779135345.0811164,8292,0,487
1779135345.0949197,8293,0,487
1779135345.0961268,8294,0,486
1779135345.0973337,8295,0,487
1779135345.1074564,8296,0,487
1779135345.1161387,8297,0,487
1779135345.129907,8298,0,488
1779135345.136179,8299,6,489
1779135345.1449084,8300,18,488
1779135345.1586902,8301,30,490
1779135345.1673868,8302,44,491
1779135345.1786842,8303,58,491
1779135345.1874194,8304,71,492
1779135345.1886103,8305,80,492
1779135345.2024496,8306,88,494
1779135345.21362,8307,99,494
1779135345.2274835,8308,117,495
1779135345.2323794,8309,151,496
1779135345.2461905,8310,215,496
1779135345.2523856,8311,319,497
1779135345.2661834,8312,473,498
1779135345.2799454,8313,672,499
1779135345.284993,8314,911,499
1779135345.2961798,8315,976,500
1779135345.3099406,8316,976,500
1779135345.3186913,8317,976,502
1779135345.3325098,8318,976,503
1779135345.3386893,8319,976,503
1779135345.3475828,8320,976,504
1779135345.3525221,8321,976,504
1779135345.3613107,8322,976,505
1779135345.3725035,8323,977,506
1779135345.386178,8324,976,506
1779135345.3986557,8325,977,506
1779135345.3999343,8326,977,507
1779135345.4364173,8327,977,507
1779135345.437506,8328,977,507
1779135345.4624414,8329,977,508
1779135345.4637492,8330,977,507
1779135345.4824648,8331,977,507
1779135345.4836953,8332,977,507
1779135345.484981,8333,977,507
1779135345.4862003,8334,977,507
1779135345.4973903,8335,977,507
1779135345.5049362,8336,977,506
1779135345.5137765,8337,977,506
1779135345.522507,8338,977,506
1779135345.5337207,8339,977,505
1779135345.5424092,8340,977,505
1779135345.5561256,8341,976,506
1779135345.5649712,8342,977,504
1779135345.576217,8343,976,504
1779135345.585049,8344,976,504
1779135345.598718,8345,976,503
1779135345.6074595,8346,976,502
1779135345.614911,8347,976,501
1779135345.6286142,8348,976,501
1779135345.6373672,8349,976,500
1779135345.651338,8350,976,500
1779135345.659974,8351,976,499
1779135345.66623,8352,976,499
1779135345.6749468,8353,892,498
1779135345.6836576,8354,712,497
1779135345.694913,8355,545,496
1779135345.7037177,8356,398,495
1779135345.7174244,8357,275,495
1779135345.7236762,8358,177,493
1779135345.7399411,8359,100,492
1779135345.7411923,8360,44,492
1779135345.7549248,8361,5,490
1779135345.7687192,8362,0,489
1779135345.774972,8363,0,489
1779135345.8000047,8364,0,488
1779135345.8011935,8365,0,487
1779135345.823925,8366,0,486
1779135345.8275096,8367,1,485
1779135345.828661,8368,0,485
1779135345.8299496,8369,15,484
1779135345.8437212,8370,42,483
1779135345.8549805,8371,72,482
1779135345.8637247,8372,102,481
1779135345.877451,8373,132,480
1779135345.8861709,8374,158,479
1779135345.8975682,8375,182,478
1779135345.90617,8376,202,476
1779135345.9199722,8377,219,476
1779135345.928636,8378,233,475
1779135345.9373767,8379,242,475
1779135345.9511805,8380,250,475
1779135345.95991,8381,254,473
1779135345.968608,8382,255,473
1779135345.984905,8383,252,473
1779135345.9861295,8384,243,472
1779135345.9924,8385,230,473
1779135346.0011585,8386,211,472
1779135346.012426,8387,188,472
1779135346.0261812,8388,167,472
1779135346.032476,8389,151,472
1779135346.0424137,8390,150,471
1779135346.0761697,8391,176,471
1779135346.0773852,8392,240,471
1779135346.078617,8393,351,471
1779135346.0874186,8394,513,471
1779135346.093664,8395,720,471
1779135346.107441,8396,960,470
1779135346.116181,8397,976,469
1779135346.1250217,8398,976,468
1779135346.1361668,8399,976,468
1779135346.1449382,8400,976,468
1779135346.1874228,8401,976,466
1779135346.188648,8402,977,464
1779135346.1898856,8403,977,463
1779135346.1911528,8404,977,463
1779135346.1923988,8405,977,462
1779135346.20624,8406,977,461
1779135346.212466,8407,977,460
1779135346.2261755,8408,977,460
1779135346.2349277,8409,977,460
1779135346.2461956,8410,977,459
1779135346.2574546,8411,977,459
1779135346.2661743,8412,977,461
1779135346.2799358,8413,977,460
1779135346.2886865,8414,977,461
1779135346.3001077,8415,977,463
1779135346.3049564,8416,977,464
1779135346.3137083,8417,977,465
1779135346.322481,8418,977,467
1779135346.333739,8419,977,470
1779135346.342456,8420,976,471
1779135346.3574631,8421,976,473
1779135346.3637109,8422,977,475
1779135346.3749576,8423,976,477
1779135346.3886971,8424,976,479
1779135346.3936827,8425,976,481
1779135346.4074504,8426,976,482
1779135346.4162242,8427,976,484
1779135346.425092,8428,976,487
1779135346.4386861,8429,976,487
1779135346.4474542,8430,974,488
1779135346.4612184,8431,764,490
1779135346.4624348,8432,584,491
1779135346.4712772,8433,425,492
1779135346.484997,8434,295,492
1779135346.4912198,8435,191,494
1779135346.5049436,8436,115,495
1779135346.5137134,8437,63,496
1779135346.538698,8438,32,498
1779135346.5398972,8439,14,498
1779135346.5649273,8440,8,500
1779135346.5661654,8441,4,501
1779135346.5815432,8442,4,503
1779135346.5824172,8443,2,502
1779135346.5836468,8444,1,504
1779135346.598721,8445,0,505
1779135346.607505,8446,0,506
1779135346.618668,8447,1,507
1779135346.6325347,8448,0,508
1779135346.6325595,8449,0,509
1779135346.6462357,8450,0,509
1779135346.6524284,8451,0,511
1779135346.6674476,8452,1,512
1779135346.6737225,8453,0,513
1779135346.6875577,8454,0,515
1779135346.7164202,8455,0,516
1779135346.7174344,8456,0,517
1779135346.7187634,8457,0,518
1779135346.7325368,8458,0,519
1779135346.7336845,8459,0,520
1779135346.7487273,8460,0,520
1779135346.7576814,8461,3,523
1779135346.7662418,8462,42,524
1779135346.7774575,8463,76,525
1779135346.791242,8464,107,526
1779135346.7912788,8465,135,526
1779135346.8049378,8466,158,527
1779135346.8112054,8467,173,528
1779135346.8249612,8468,181,528
1779135346.833689,8469,185,529
1779135346.842501,8470,185,529
1779135346.8537378,8471,187,530
1779135346.8624341,8472,198,529
1779135346.878691,8473,229,530
1779135346.8799045,8474,295,530
1779135346.9076438,8475,404,530
1779135346.908688,8476,560,529
1779135346.9262035,8477,760,529
1779135346.9273942,8478,975,529
1779135346.9386823,8479,976,529
1779135346.9537656,8480,976,529
1779135346.9537988,8481,976,528
1779135346.9624388,8482,976,528
1779135346.9736776,8483,976,527
1779135346.9824307,8484,976,527
1779135346.9962049,8485,977,527
1779135347.0049202,8486,977,526
1779135347.0162194,8487,977,524
1779135347.0249333,8488,977,524
1779135347.0387013,8489,977,524
1779135347.0474212,8490,977,522
1779135347.0587533,8491,977,522
1779135347.0674355,8492,977,521
1779135347.0824616,8493,977,520
1779135347.0874515,8494,977,519
1779135347.103716,8495,977,518
1779135347.117479,8496,977,519
1779135347.1175044,8497,977,518
1779135347.1224196,8498,977,518
1779135347.1362197,8499,977,516
1779135347.1424525,8500,977,515
1779135347.156346,8501,977,515
1779135347.1649578,8502,977,515
1779135347.1789372,8503,977,514
1779135347.1862214,8504,977,515
1779135347.199951,8505,976,513
1779135347.2087085,8506,976,513
1779135347.2174377,8507,976,513
1779135347.22895,8508,976,512
1779135347.2424977,8509,976,512
1779135347.272849,8510,976,511
1779135347.2736843,8511,976,512
1779135347.2975187,8512,976,511
1779135347.2989795,8513,976,510
1779135347.2999272,8514,976,510
1779135347.3011775,8515,821,509
1779135347.3024433,8516,655,509
1779135347.3174736,8517,502,508
1779135347.3262918,8518,367,508
1779135347.3562703,8519,251,507
1779135347.357479,8520,156,506
1779135347.3587136,8521,79,505
1779135347.3687358,8522,21,506
1779135347.3774788,8523,0,505
1779135347.3874693,8524,0,505
1779135347.3962247,8525,0,504
1779135347.4099772,8526,1,505
1779135347.4187388,8527,0,505
1779135347.435035,8528,0,505
1779135347.435077,8529,0,504
1779135347.4437642,8530,0,504
1779135347.4524975,8531,0,504
1779135347.463744,8532,0,504
1779135347.4724765,8533,0,504
1779135347.4887092,8534,0,504
1779135347.489936,8535,0,504
1779135347.5062244,8536,0,503
1779135347.5149808,8537,0,502
1779135347.528761,8538,0,501
1779135347.5374825,8539,0,500
1779135347.5487154,8540,0,500
1779135347.5575035,8541,0,500
1779135347.5712357,8542,0,500
1779135347.5799525,8543,0,500
1779135347.597526,8544,0,499
1779135347.5975616,8545,0,499
1779135347.6024923,8546,0,499
1779135347.6162295,8547,0,498
1779135347.6462784,8548,0,499
1779135347.6474977,8549,0,499
1779135347.6641738,8550,0,498
1779135347.665007,8551,0,498
1779135347.6662788,8552,32,497
1779135347.676218,8553,98,497
1779135347.684994,8554,199,497
1779135347.69649,8555,340,497
1779135347.7074363,8556,520,497
1779135347.7162294,8557,735,499
1779135347.7300131,8558,966,499
1779135347.7387066,8559,976,499
1779135347.755023,8560,976,499
1779135347.7550943,8561,976,499
1779135347.763772,8562,976,499
1779135347.7725203,8563,976,499
1779135347.783756,8564,976,499
1779135347.7975585,8565,976,499
1779135347.8037527,8566,976,499
1779135347.817526,8567,977,499
1779135347.8237402,8568,976,499
1779135347.8375025,8569,977,500
1779135347.846258,8570,977,499
1779135347.8550766,8571,976,499
1779135347.8665564,8572,977,498
1779135347.8749912,8573,977,498
1779135347.8887494,8574,977,498
1779135347.9000053,8575,977,498
1779135347.9162533,8576,977,497
1779135347.9175029,8577,976,497
1779135347.9175396,8578,976,498
1779135347.9312487,8579,977,497
1779135347.9424896,8580,976,498
1779135347.9513657,8581,976,497
1779135347.9650385,8582,976,497
1779135347.9962678,8583,976,497
1779135348.0212638,8584,976,496
1779135348.0224535,8585,976,495
1779135348.0462565,8586,976,494
1779135348.0474653,8587,976,494
1779135348.0490594,8588,976,494
1779135348.0501814,8589,939,493
1779135348.0512195,8590,775,493
1779135348.0599792,8591,623,492
1779135348.07546,8592,489,492
1779135348.0812593,8593,375,491
1779135348.0812843,8594,283,490
1779135348.0950696,8595,208,490
1779135348.1013799,8596,154,490
1779135348.1112869,8597,114,489
1779135348.1250076,8598,89,489
1779135348.1339583,8599,71,488
1779135348.1450028,8600,61,488
1779135348.1538274,8601,55,488
1779135348.1677697,8602,51,487
1779135348.176264,8603,48,487
1779135348.187739,8604,47,487
1779135348.2012658,8605,46,487
1779135348.2099998,8606,44,487
1779135348.2189286,8607,41,487
1779135348.235043,8608,41,487
1779135348.2350767,8609,39,487
1779135348.2437818,8610,37,487
1779135348.2527852,8611,32,485
1779135348.2637591,8612,32,485
1779135348.272499,8613,32,486
1779135348.2862272,8614,35,485
1779135348.2950172,8615,36,484
1779135348.3062353,8616,38,485
1779135348.3167808,8617,40,485
1779135348.3250678,8618,45,485
1779135348.3388717,8619,46,485
1779135348.34753,8620,49,485
1779135348.392517,8621,50,485
1779135348.3937194,8622,52,485
1779135348.394995,8623,55,485
1779135348.3961978,8624,56,486
1779135348.3974733,8625,59,486
1779135348.405028,8626,67,486
1779135348.417507,8627,85,487
1779135348.423734,8628,125,486
1779135348.4325256,8629,192,487
1779135348.446304,8630,296,487
1779135348.4549973,8631,440,487
1779135348.4662404,8632,625,488
1779135348.4749951,8633,836,489
1779135348.4887543,8634,976,488
1779135348.497542,8635,976,488
1779135348.5087862,8636,976,489
1779135348.5174856,8637,976,491
1779135348.5275083,8638,976,489
1779135348.5413167,8639,976,490
1779135348.5525777,8640,976,492
1779135348.552627,8641,976,490
1779135348.5612602,8642,976,491
1779135348.5750506,8643,976,491
1779135348.58131,8644,977,491
1779135348.5950441,8645,976,491
1779135348.60375,8646,977,492
1779135348.638765,8647,976,492
1779135348.6400003,8648,976,492
1779135348.641256,8649,976,492
1779135348.647524,8650,977,492
1779135348.6612904,8651,976,493
1779135348.667529,8652,976,493
1779135348.681872,8653,976,493
1779135348.6876385,8654,976,493
1779135348.7015224,8655,976,493
1779135348.7125673,8656,976,494
1779135348.7126026,8657,976,494
1779135348.746271,8658,976,493
1779135348.7476485,8659,976,494
1779135348.7700462,8660,976,494
1779135348.7712379,8661,976,494
1779135348.7724884,8662,976,494
1779135348.7736979,8663,976,495
1779135348.7850194,8664,894,495
1779135348.7942266,8665,719,495
1779135348.8075593,8666,563,494
1779135348.8162928,8667,428,494
1779135348.8275666,8668,316,494
1779135348.8362782,8669,227,494
1779135348.852861,8670,161,494
1779135348.8537738,8671,114,494
1779135348.865108,8672,82,494
1779135348.873813,8673,63,494
1779135348.8825686,8674,53,494
1779135348.896325,8675,47,494
1779135348.9024715,8676,46,494
1779135348.9162526,8677,44,494
1779135348.9249687,8678,46,494
1779135348.938743,8679,47,493
1779135348.9449832,8680,48,494
1779135348.9562397,8681,48,493
1779135348.9702168,8682,48,494
1779135348.9787512,8683,46,492
1779135348.9900334,8684,44,492
1779135348.9988606,8685,39,492
1779135349.0125363,8686,35,492
1779135349.021413,8687,29,492
1779135349.0224674,8688,24,492
1779135349.0324786,8689,19,492
1779135349.0412176,8690,14,491
1779135349.0550542,8691,12,491
1779135349.063723,8692,12,489
1779135349.0724895,8693,14,489
1779135349.0862753,8694,19,489
1779135349.1112578,8695,26,489
1779135349.1126385,8696,36,489
1779135349.1374846,8697,46,489
1779135349.1387193,8698,55,490
1779135349.1462214,8699,64,490
1779135349.1474857,8700,71,491
1779135349.1575296,8701,75,491
1779135349.168813,8702,76,492
1779135349.1778054,8703,72,491
1779135349.1939373,8704,65,492
1779135349.19398,8705,56,493
1779135349.2075107,8706,51,493
1779135349.2124898,8707,55,494
1779135349.2237952,8708,80,494
1779135349.237604,8709,136,495
1779135349.2438848,8710,231,495
1779135349.281275,8711,368,495
1779135349.282486,8712,545,496
1779135349.2837625,8713,749,497
1779135349.2849736,8714,964,496
1779135349.2987669,8715,976,497
1779135349.3050253,8716,976,496
1779135349.3187876,8717,976,495
1779135349.3276308,8718,976,494
1779135349.3412805,8719,976,495
1779135349.352597,8720,976,494
1779135349.3526359,8721,976,493
1779135349.3613348,8722,976,491
1779135349.3750353,8723,976,488
1779135349.3837824,8724,976,487
1779135349.3925285,8725,976,486
1779135349.4062958,8726,976,484
1779135349.4150114,8727,976,482
1779135349.4262722,8728,976,480
1779135349.4350162,8729,976,479
1779135349.4488068,8730,976,477
1779135349.4903972,8731,976,475
1779135349.4913166,8732,976,473
1779135349.5075166,8733,976,472
1779135349.5090258,8734,976,471
1779135349.509954,8735,976,470
1779135349.5125263,8736,976,468
1779135349.5125449,8737,976,467
1779135349.527796,8738,976,466
1779135349.5327346,8739,976,465
1779135349.5438046,8740,884,463
1779135349.557555,8741,686,463
1779135349.5637934,8742,510,462
1779135349.5775728,8743,359,460
1779135349.5837655,8744,243,459
1779135349.5952666,8745,158,457
1779135349.6087902,8746,109,456
1779135349.6150095,8747,87,455
1779135349.6262963,8748,88,454
1779135349.6351902,8749,103,453
1779135349.6487865,8750,130,452
1779135349.6575637,8751,161,450
1779135349.6739173,8752,196,450
1779135349.6739612,8753,229,449
1779135349.682562,8754,260,448
1779135349.6951797,8755,283,447
1779135349.7072902,8756,302,447
1779135349.7150676,8757,313,446
1779135349.7288666,8758,318,445
1779135349.7375605,8759,316,445
1779135349.748822,8760,308,445
1779135349.7575555,8761,294,445
1779135349.7713091,8762,275,445
1779135349.780101,8763,252,446
1779135349.7913802,8764,225,446
1779135349.800086,8765,198,446
1779135349.8138247,8766,169,446
1779135349.8227255,8767,139,447
1779135349.8227687,8768,110,447
1779135349.8475502,8769,83,447
1779135349.8487704,8770,59,448
1779135349.8738334,8771,38,449
1779135349.8750854,8772,23,448
1779135349.8890722,8773,12,448
1779135349.8900127,8774,8,448
1779135349.9250503,8775,7,449
1779135349.926275,8776,12,449
1779135349.9325588,8777,19,449
1779135349.9337804,8778,30,450
1779135349.9350057,8779,41,452
1779135349.9487994,8780,51,453
1779135349.9576735,8781,62,455
1779135349.9662964,8782,69,456
1779135349.980154,8783,72,457
1779135349.992645,8784,73,459
1779135349.9926794,8785,74,460
1779135350.0013318,8786,74,462
1779135350.011296,8787,79,463
1779135350.0251076,8788,90,463
1779135350.0338116,8789,117,464
1779135350.0425556,8790,169,464
1779135350.056304,8791,252,466
1779135350.0650532,8792,377,466
1779135350.076288,8793,539,467
1779135350.085045,8794,737,467
1779135350.0987797,8795,957,466
1779135350.1075294,8796,976,466
1779135350.1187997,8797,976,466
1779135350.12756,8798,976,465
1779135350.141304,8799,976,465
1779135350.1538904,8800,976,465
1779135350.1539288,8801,976,464
1779135350.1626172,8802,976,463
1779135350.1763778,8803,976,463
1779135350.1851814,8804,976,462
1779135350.2150981,8805,976,461
1779135350.2162654,8806,976,460
1779135350.2413216,8807,976,459
1779135350.2425003,8808,976,458
1779135350.2639265,8809,976,457
1779135350.2650335,8810,976,456
1779135350.2662666,8811,976,455
1779135350.267554,8812,976,455
1779135350.2789152,8813,976,454
1779135350.2875633,8814,976,454
1779135350.3013513,8815,976,454
1779135350.3113515,8816,976,451
1779135350.311386,8817,976,451
1779135350.3213189,8818,976,451
1779135350.3350716,8819,976,451
1779135350.3439114,8820,976,451
1779135350.35508,8821,976,450
1779135350.3639119,8822,976,449
1779135350.3775547,8823,976,449
1779135350.3863406,8824,976,451
1779135350.397585,8825,976,449
1779135350.4113114,8826,976,449
1779135350.4163136,8827,976,449
1779135350.4263158,8828,976,449
1779135350.4425821,8829,976,449
1779135350.4437597,8830,976,449
1779135350.457594,8831,848,448
1779135350.4713705,8832,686,449
1779135350.4714122,8833,539,449
1779135350.4850874,8834,411,448
1779135350.493969,8835,300,448
1779135350.5025837,8836,211,448
1779135350.5139287,8837,139,448
1779135350.525123,8838,89,448
1779135350.5563269,8839,56,448
1779135350.557547,8840,36,448
1779135350.5825841,8841,26,448
1779135350.5838706,8842,22,448
1779135350.606363,8843,24,448
1779135350.6076458,8844,30,449
1779135350.6089272,8845,36,449
1779135350.6101334,8846,45,450
1779135350.6275768,8847,51,451
1779135350.6300795,8848,58,451
1779135350.6301107,8849,65,450
1779135350.6451018,8850,72,452
1779135350.6538994,8851,77,452
1779135350.6626172,8852,82,452
1779135350.6739063,8853,85,452
1779135350.687592,8854,91,452
1779135350.6939857,8855,95,452
1779135350.7076747,8856,99,454
1779135350.71395,8857,102,455
1779135350.7313433,8858,108,455
1779135350.732539,8859,113,456
1779135350.746374,8860,115,457
1779135350.7575767,8861,118,458
1779135350.7662964,8862,120,458
1779135350.7801087,8863,121,459
1779135350.7925825,8864,123,459
1779135350.80135,8865,123,459
1779135350.8013847,8866,124,460
1779135350.815102,8867,129,460
1779135350.823883,8868,140,461
1779135350.8375568,8869,167,460
1779135350.842569,8870,219,460
1779135350.8563547,8871,303,460
1779135350.8650885,8872,427,459
1779135350.8763206,8873,586,459
1779135350.8850543,8874,777,459
1779135350.8988776,8875,975,458
1779135350.9075706,8876,976,458
1779135350.9188788,8877,976,458
1779135350.946306,8878,976,458
1779135350.9475281,8879,976,458
1779135350.973877,8880,976,458
1779135350.9739103,8881,976,458
1779135350.9775414,8882,976,459
1779135350.9788933,8883,976,459
1779135350.9839127,8884,976,459
1779135350.9951372,8885,976,460
1779135351.0038922,8886,976,460
1779135351.0177407,8887,976,462
1779135351.0263247,8888,976,462
1779135351.0375743,8889,976,463
1779135351.0501401,8890,976,464
1779135351.0589173,8891,976,467
1779135351.067601,8892,976,469
1779135351.0789022,8893,976,471
1779135351.0875933,8894,976,474
1779135351.1013267,8895,976,477
1779135351.113914,8896,976,479
1779135351.1139522,8897,976,482
1779135351.122571,8898,976,485
1779135351.1363456,8899,976,487
1779135351.145128,8900,976,489
1779135351.1551144,8901,976,491
1779135351.1639411,8902,976,493
1779135351.1889372,8903,976,495
1779135351.1900713,8904,976,496
1779135351.2039092,8905,931,498
1779135351.2050543,8906,683,500
1779135351.2189722,8907,449,501
1779135351.2276964,8908,241,502
1779135351.2388952,8909,64,503
1779135351.247614,8910,1,504
1779135351.2589102,8911,1,504
1779135351.2765033,8912,1,505
1779135351.2777972,8913,0,504
1779135351.277823,8914,1,505
1779135351.292191,8915,0,505
1779135351.335122,8916,0,505
1779135351.3363476,8917,0,504
1779135351.3376,8918,0,504
1779135351.3388484,8919,1,504
1779135351.3476875,8920,0,504
1779135351.3538713,8921,0,505
1779135351.368931,8922,1,507
1779135351.3750825,8923,1,507
1779135351.3888884,8924,0,508
1779135351.3950706,8925,0,508
1779135351.4089258,8926,0,508
1779135351.417581,8927,1,509
1779135351.4351578,8928,0,509
1779135351.4351914,8929,1,509
1779135351.4438763,8930,54,508
1779135351.4525814,8931,126,509
1779135351.4663243,8932,197,508
1779135351.4751132,8933,263,509
1779135351.483874,8934,317,508
1779135351.497613,8935,359,508
1779135351.5063653,8936,393,508
1779135351.5175936,8937,414,508
1779135351.5263271,8938,423,508
1779135351.5400772,8939,420,508
1779135351.548894,8940,411,508
1779135351.5601056,8941,393,509
1779135351.5688725,8942,372,510
1779135351.580084,8943,353,510
1779135351.5976267,8944,342,510
1779135351.5988753,8945,348,510
1779135351.5989072,8946,384,510
1779135351.612601,8947,455,511
1779135351.6213627,8948,566,512
1779135351.632695,8949,707,513
1779135351.6463919,8950,879,513
1779135351.6526024,8951,976,515
1779135351.677646,8952,976,513
1779135351.6789846,8953,976,514
1779135351.7038848,8954,976,513
1779135351.705058,8955,976,515
1779135351.7302115,8956,976,515
1779135351.731321,8957,976,514
1779135351.7376854,8958,976,516
1779135351.7388663,8959,976,516
1779135351.7563858,8960,976,517
1779135351.7575808,8961,976,517
1779135351.7576256,8962,976,517
1779135351.77134,8963,976,518
1779135351.7863598,8964,976,518
1779135351.7926018,8965,976,519
1779135351.8063633,8966,976,519
1779135351.8313677,8967,976,521
1779135351.83256,8968,976,522
1779135351.8439415,8969,976,525
1779135351.845035,8970,976,524
1779135351.8589637,8971,976,526
1779135351.8639574,8972,976,528
1779135351.8751934,8973,976,529
1779135351.8889549,8974,976,530
1779135351.8938859,8975,976,532
1779135351.913992,8976,976,533
1779135351.9140224,8977,976,535
1779135351.9226012,8978,807,535
1779135351.9363234,8979,607,535
1779135351.9450486,8980,427,535
1779135351.9563153,8981,275,535
1779135351.9700866,8982,151,536
1779135351.975097,8983,57,536
1779135351.9888513,8984,0,535
1779135351.9950495,8985,0,534
1779135352.0050838,8986,1,534
1779135352.0189068,8987,1,532
1779135352.027626,8988,1,531
1779135352.0526025,8989,0,530
1779135352.0539098,8990,0,527
1779135352.0789046,8991,0,526
1779135352.0800962,8992,1,524
1779135352.101489,8993,0,523
1779135352.1026669,8994,0,520
1779135352.1038623,8995,1,519
1779135352.1050763,8996,0,517
1779135352.1163716,8997,1,514
1779135352.1251075,8998,0,512
1779135352.1339357,8999,1,510
1779135352.1476045,9000,0,506
1779135352.153881,9001,0,505
1779135352.1676416,9002,0,503
1779135352.176342,9003,0,501
1779135352.1900973,9004,0,499
1779135352.1963308,9005,1,499
1779135352.2076128,9006,24,497
1779135352.2213345,9007,87,497
1779135352.233887,9008,152,497
1779135352.2339096,9009,209,498
1779135352.2426178,9010,258,499
1779135352.256396,9011,294,500
1779135352.2651358,9012,320,503
1779135352.2763796,9013,330,506
1779135352.285128,9014,327,510
1779135352.2988932,9015,311,513
1779135352.3101823,9016,288,517
1779135352.3164754,9017,257,521
1779135352.330118,9018,231,525
1779135352.3389068,9019,218,529
1779135352.3477137,9020,233,534
1779135352.3589134,9021,284,538
1779135352.3726742,9022,377,542
1779135352.3788986,9023,513,546
1779135352.3839111,9024,689,549
1779135352.3952515,9025,893,552
1779135352.4201965,9026,976,556
1779135352.4213881,9027,976,558
1779135352.4439347,9028,976,561
1779135352.4451158,9029,976,564
1779135352.4463348,9030,976,566
1779135352.476446,9031,976,568
1779135352.4775956,9032,976,571
1779135352.4788997,9033,976,572
1779135352.4889176,9034,976,574
1779135352.4976497,9035,976,575
1779135352.5151703,9036,976,575
1779135352.5163336,9037,976,576
1779135352.531392,9038,976,576
1779135352.5451784,9039,976,576
1779135352.5514345,9040,976,575
1779135352.5514758,9041,976,575
1779135352.5626369,9042,976,575
1779135352.571381,9043,976,573
1779135352.585119,9044,976,572
1779135352.5939035,9045,976,570
1779135352.6051514,9046,976,569
1779135352.6139376,9047,976,568
1779135352.6239219,9048,976,568
1779135352.6376257,9049,976,568
1779135352.6452055,9050,976,568
1779135352.6588929,9051,976,569
1779135352.6676219,9052,976,568
1779135352.6763997,9053,976,568
1779135352.6876304,9054,976,568
1779135352.701397,9055,976,566
1779135352.7113948,9056,976,565
1779135352.711445,9057,975,563
1779135352.7226195,9058,817,563
1779135352.731364,9059,674,562
1779135352.7451608,9060,547,561
1779135352.7541094,9061,435,560
1779135352.7826984,9062,343,559
1779135352.783853,9063,269,558
1779135352.8089695,9064,213,557
1779135352.810091,9065,171,556
1779135352.835159,9066,145,555
1779135352.836342,9067,127,555
1779135352.8376038,9068,117,554
1779135352.8388307,9069,112,553
1779135352.8551111,9070,110,553
1779135352.8563688,9071,108,553
1779135352.8714497,9072,108,553
1779135352.8715017,9073,106,552
1779135352.882615,9074,105,552
1779135352.8964598,9075,101,552
1779135352.9052436,9076,94,551
1779135352.9139428,9077,84,551
1779135352.9277554,9078,74,550
1779135352.9364364,9079,65,549
1779135352.945145,9080,60,547
1779135352.958944,9081,55,546
1779135352.9651396,9082,52,544
1779135352.9788804,9083,50,542
1779135352.9876804,9084,50,541
1779135352.996373,9085,50,540
1779135353.0076632,9086,52,538
1779135353.021415,9087,53,536
1779135353.0314043,9088,54,534
1779135353.0314384,9089,54,532
1779135353.0439925,9090,55,530
1779135353.0526874,9091,56,528
1779135353.0664678,9092,60,527
1779135353.07527,9093,65,525
1779135353.086405,9094,79,524
1779135353.116424,9095,104,522
1779135353.117603,9096,151,521
1779135353.1189141,9097,231,520
1779135353.127616,9098,352,519
1779135353.153932,9099,513,519
1779135353.1550946,9100,707,519
1779135353.1826532,9101,925,518
1779135353.1838603,9102,976,517
1779135353.1851082,9103,976,517
1779135353.1952496,9104,976,518
1779135353.1952958,9105,976,516
1779135353.2015283,9106,976,517
1779135353.2151954,9107,976,516
1779135353.2238746,9108,976,516
1779135353.2326694,9109,976,517
1779135353.243905,9110,976,516
1779135353.252751,9111,976,516
1779135353.26656,9112,976,516
1779135353.2751122,9113,976,516
1779135353.286907,9114,976,516
1779135353.2952209,9115,976,515
1779135353.3090234,9116,976,515
1779135353.3176389,9117,977,514
1779135353.3290286,9118,976,513
1779135353.3401587,9119,976,514
1779135353.355226,9120,976,513
1779135353.3614697,9121,977,513
1779135353.3615146,9122,976,513
1779135353.375203,9123,976,513
1779135353.3839548,9124,976,513
1779135353.3928692,9125,976,514
1779135353.403925,9126,976,513
1779135353.4126635,9127,976,513
1779135353.4264095,9128,976,513
1779135353.4351752,9129,976,513
1779135353.448949,9130,976,513
1779135353.4539366,9131,976,512
1779135353.467687,9132,976,514
1779135353.4764702,9133,914,513
1779135353.4876547,9134,745,513
1779135353.5152042,9135,589,512
1779135353.541561,9136,454,512
1779135353.542758,9137,341,512
1779135353.5427916,9138,251,511
1779135353.5601454,9139,180,511
1779135353.5613637,9140,127,511
1779135353.5626123,9141,89,510
1779135353.5638623,9142,64,509
1779135353.5788577,9143,50,509
1779135353.580106,9144,44,509
1779135353.5938857,9145,42,509
1779135353.6051297,9146,44,508
1779135353.613863,9147,45,508
1779135353.6276047,9148,46,507
1779135353.636362,9149,44,507
1779135353.6476324,9150,44,505
1779135353.6563716,9151,41,505
1779135353.6751404,9152,39,504
1779135353.6814146,9153,36,504
1779135353.6814375,9154,36,504
1779135353.695106,9155,34,503
1779135353.7038877,9156,34,502
1779135353.7126486,9157,33,501
1779135353.7238908,9158,31,499
1779135353.7564323,9159,29,499
1779135353.7575977,9160,27,497
1779135353.7588575,9161,25,496
1779135353.767605,9162,25,496
1779135353.776345,9163,24,495
1779135353.7851155,9164,25,495
1779135353.7988584,9165,27,495
1779135353.8051164,9166,32,494
1779135353.8188944,9167,35,494
1779135353.834018,9168,39,493
1779135353.8414822,9169,42,492
1779135353.841503,9170,45,492
1779135353.8552513,9171,46,493
1779135353.8639262,9172,50,493
1779135353.8902595,9173,56,493
1779135353.8913827,9174,72,493
1779135353.9139209,9175,106,492
1779135353.9151073,9176,170,493
1779135353.916422,9177,272,493
1779135353.932725,9178,418,493
1779135353.9339623,9179,603,493
1779135353.9476244,9180,819,493
1779135353.9563863,9181,976,492
1779135353.9676585,9182,976,492
1779135353.9776442,9183,976,492
1779135353.9926271,9184,976,492
1779135354.0039306,9185,976,491
1779135354.0039515,9186,976,493
1779135354.0126529,9187,976,492
1779135354.0264368,9188,976,491
1779135354.0352082,9189,976,491
1779135354.0463898,9190,976,491
1779135354.0551538,9191,976,491
1779135354.0689185,9192,976,492
1779135354.077673,9193,976,491
1779135354.0876358,9194,976,491
1779135354.0964005,9195,976,491
1779135354.1101656,9196,976,492
1779135354.1189497,9197,976,490
1779135354.1301408,9198,976,491
1779135354.1439114,9199,976,490
1779135354.1513984,9200,976,490
1779135354.1626525,9201,976,490
1779135354.1714578,9202,976,490
1779135354.1714723,9203,976,489
1779135354.1852193,9204,976,490
1779135354.192651,9205,976,491
1779135354.203876,9206,976,489
1779135354.212627,9207,976,488
1779135354.2263532,9208,976,487
1779135354.2514055,9209,976,487
1779135354.2526443,9210,976,487
1779135354.277711,9211,976,486
1779135354.278972,9212,814,486
1779135354.287654,9213,658,485
1779135354.2891986,9214,519,484
1779135354.2952256,9215,400,482
1779135354.30415,9216,304,481
1779135354.3126354,9217,226,481
1779135354.3239245,9218,165,480
1779135354.3327734,9219,120,479
1779135354.3464627,9220,89,478
1779135354.3552046,9221,69,478
1779135354.3666925,9222,57,477
1779135354.3989308,9223,52,476
1779135354.4002483,9224,50,476
1779135354.4014986,9225,51,475
1779135354.4076843,9226,53,476
1779135354.4165065,9227,54,475
1779135354.4301772,9228,56,475
1779135354.4389398,9229,58,473
1779135354.4501634,9230,57,473
1779135354.4639566,9231,56,472
1779135354.471473,9232,54,472
1779135354.4827776,9233,51,472
1779135354.4828224,9234,50,472
1779135354.4914882,9235,49,471
1779135354.507769,9236,48,471
1779135354.50913,9237,46,470
1779135354.5252683,9238,41,471
1779135354.534076,9239,37,471
1779135354.5429044,9240,36,471
1779135354.5567126,9241,36,472
1779135354.5627792,9242,38,471
1779135354.5765443,9243,39,471
1779135354.5852425,9244,41,471
1779135354.5939453,9245,41,472
1779135354.6465309,9246,46,472
1779135354.6478052,9247,50,472
1779135354.6502786,9248,57,472
1779135354.6515374,9249,66,472
1779135354.6515603,9250,84,472
1779135354.652757,9251,119,472
1779135354.6678994,9252,180,472
1779135354.6727378,9253,279,472
1779135354.683951,9254,417,473
1779135354.692703,9255,592,473
1779135354.7066865,9256,797,475
1779135354.7127366,9257,976,475
1779135354.728996,9258,976,476
1779135354.7340188,9259,976,476
1779135354.7478669,9260,976,477
1779135354.7564182,9261,976,478
1779135354.7676558,9262,976,480
1779135354.781409,9263,976,480
1779135354.7915246,9264,976,481
1779135354.7915637,9265,976,482
1779135354.8027189,9266,976,483
1779135354.8114367,9267,976,484
1779135354.8214157,9268,976,484
1779135354.8351603,9269,976,485
1779135354.8464308,9270,976,485
1779135354.8552449,9271,976,485
1779135354.8689177,9272,976,485
1779135354.8776536,9273,976,485
1779135354.8888924,9274,976,485
1779135354.8976445,9275,976,484
1779135354.9114985,9276,976,484
1779135354.9201784,9277,976,483
1779135354.931509,9278,976,483
1779135354.9452684,9279,976,483
1779135354.9515264,9280,976,483
1779135354.965267,9281,976,483
1779135354.9652944,9282,976,483
1779135354.9915955,9283,976,483
1779135354.9927416,9284,976,484
1779135355.0090563,9285,976,483
1779135355.010264,9286,976,483
1779135355.040402,9287,976,483
1779135355.0415168,9288,976,483
1779135355.0501895,9289,976,483
1779135355.0514705,9290,817,483
1779135355.052731,9291,654,483
1779135355.067726,9292,510,483
1779135355.0763946,9293,387,483
1779135355.0851352,9294,286,483
1779135355.1014538,9295,206,483
1779135355.1114514,9296,144,484
1779135355.1114755,9297,98,484
1779135355.1252344,9298,65,484
1779135355.1313925,9299,43,484
1779135355.1452503,9300,30,484
1779135355.1540892,9301,25,484
1779135355.1677463,9302,28,484
1779135355.17401,9303,31,484
1779135355.1876655,9304,37,484
1779135355.1964467,9305,43,484
1779135355.2052655,9306,49,483
1779135355.216472,9307,52,483
1779135355.225253,9308,54,483
1779135355.2351637,9309,54,483
1779135355.24897,9310,54,482
1779135355.2651548,9311,53,482
1779135355.2664247,9312,54,480
1779135355.2743447,9313,55,480
1779135355.2814333,9314,58,480
1779135355.297757,9315,61,479
1779135355.2989433,9316,63,480
1779135355.312675,9317,63,479
1779135355.3266032,9318,66,479
1779135355.3334382,9319,68,480
1779135355.3765647,9320,73,479
1779135355.3776438,9321,78,478
1779135355.3839996,9322,83,479
1779135355.3852026,9323,88,478
1779135355.386436,9324,95,479
1779135355.4014857,9325,103,479
1779135355.4027703,9326,113,479
1779135355.4189801,9327,120,478
1779135355.4339845,9328,126,479
1779135355.4464746,9329,131,479
1779135355.4476898,9330,133,479
1779135355.4477057,9331,130,479
1779135355.4627085,9332,128,479
1779135355.4715588,9333,129,479
1779135355.4853194,9334,145,478
1779135355.4939985,9335,181,478
1779135355.5027556,9336,252,478
1779135355.5164795,9337,364,478
1779135355.5252662,9338,522,479
1779135355.5365,9339,716,479
1779135355.5465147,9340,937,480
1779135355.5552263,9341,976,480
1779135355.5689955,9342,976,480
1779135355.5803237,9343,976,480
1779135355.5852156,9344,976,481
1779135355.594027,9345,976,481
1779135355.6026971,9346,976,481
1779135355.6139934,9347,976,482
1779135355.6228123,9348,976,483
1779135355.6364558,9349,976,484
1779135355.6452856,9350,976,483
1779135355.6819103,9351,976,484
1779135355.6833162,9352,976,485
1779135355.6851165,9353,976,485
1779135355.6857312,9354,976,484
1779135355.6965978,9355,976,484
1779135355.7227433,9356,976,483
1779135355.7240932,9357,976,483
1779135355.749002,9358,977,483
1779135355.750185,9359,976,483
1779135355.776476,9360,976,483
1779135355.7807271,9361,976,483
1779135355.7809892,9362,976,484
1779135355.7814298,9363,976,484
1779135355.7826886,9364,976,486
1779135355.797761,9365,976,485
1779135355.802737,9366,976,486
1779135355.8139544,9367,976,486
1779135355.8227384,9368,976,487
1779135355.8364964,9369,976,485
1779135355.845216,9370,976,484
1779135355.8564868,9371,976,484
1779135355.8677201,9372,976,484
1779135355.8764298,9373,976,483
1779135355.8902748,9374,976,483
1779135355.898982,9375,976,484
1779135355.913995,9376,976,481
1779135355.9227326,9377,839,481
1779135355.934005,9378,687,481
1779135355.9340327,9379,545,481
1779135355.9427009,9380,419,480
1779135355.9568067,9381,308,480
1779135355.9652622,9382,216,480
1779135355.9754245,9383,142,480
1779135355.9839542,9384,81,480
1779135355.997728,9385,35,480
1779135356.0064764,9386,3,480
1779135356.017699,9387,1,480
1779135356.026537,9388,0,480
1779135356.040263,9389,0,480
1779135356.0489924,9390,0,481
1779135356.0602252,9391,1,481
1779135356.0651975,9392,0,481
1779135356.1141229,9393,0,482
1779135356.115295,9394,1,482
1779135356.11645,9395,0,482
1779135356.1177459,9396,0,483
1779135356.118967,9397,0,483
1779135356.1327024,9398,1,483
1779135356.1339457,9399,1,483
1779135356.148954,9400,1,483
1779135356.1577537,9401,10,483
1779135356.1664405,9402,26,484
1779135356.1776981,9403,40,485
1779135356.1864593,9404,55,486
1779135356.2002196,9405,67,487
1779135356.2089682,9406,79,488
1779135356.2202623,9407,87,488
1779135356.2252192,9408,93,490
1779135356.2339697,9409,96,491
1779135356.2427373,9410,98,491
1779135356.2539797,9411,99,492
1779135356.26273,9412,103,493
1779135356.2765493,9413,108,493
1779135356.28394,9414,121,494
1779135356.3165116,9415,150,495
1779135356.3187635,9416,202,495
1779135356.3199224,9417,284,496
1779135356.327757,9418,404,497
1779135356.3365061,9419,561,497
1779135356.351326,9420,750,498
1779135356.3553042,9421,960,498
1779135356.369175,9422,976,498
1779135356.375291,9423,976,499
1779135356.3840191,9424,976,499
1779135356.3927772,9425,976,499
1779135356.4015107,9426,976,500
1779135356.4128778,9427,976,500
1779135356.4215376,9428,976,500
1779135356.4353268,9429,976,501
1779135356.4741025,9430,976,501
1779135356.4752266,9431,976,503
1779135356.4840734,9432,976,502
1779135356.485252,9433,976,501
1779135356.4864984,9434,976,501
1779135356.4965425,9435,976,500
1779135356.5052607,9436,976,500
1779135356.5190883,9437,976,500
1779135356.528032,9438,977,501
1779135356.538973,9439,976,499
1779135356.5528135,9440,976,499
1779135356.5616605,9441,976,499
1779135356.5617201,9442,976,499
1779135356.572832,9443,976,499
1779135356.5815206,9444,976,498
1779135356.5977325,9445,976,498
1779135356.5989563,9446,976,497
1779135356.6154137,9447,976,497
1779135356.6239796,9448,976,496
1779135356.637761,9449,976,494
1779135356.6465008,9450,976,494
1779135356.6577492,9451,976,493
1779135356.6664655,9452,851,493
1779135356.6802235,9453,684,492
1779135356.6889565,9454,536,492
1779135356.7026956,9455,408,491
1779135356.7039597,9456,303,490
1779135356.7127423,9457,220,489
1779135356.7214813,9458,160,489
1779135356.7329016,9459,118,487
1779135356.7471085,9460,92,487
1779135356.7528195,9461,79,486
1779135356.7669036,9462,71,486
1779135356.7731595,9463,69,485
1779135356.7864947,9464,69,484
1779135356.7954073,9465,72,484
1779135356.8291125,9466,76,484
1779135356.830253,9467,78,484
1779135356.8502543,9468,82,483
1779135356.8514667,9469,82,483
1779135356.852732,9470,81,483
1779135356.8539793,9471,79,483
1779135356.869014,9472,79,482
1779135356.8702145,9473,77,483
1779135356.8840313,9474,74,483
1779135356.8952284,9475,71,483
1779135356.9040165,9476,69,482
1779135356.9139884,9477,69,482
1779135356.9277258,9478,70,481
1779135356.9615486,9479,70,481
1779135356.9627244,9480,73,480
1779135356.9639535,9481,77,480
1779135356.9651804,9482,81,480
1779135356.98151,9483,87,480
1779135356.9826922,9484,94,479
1779135356.9965355,9485,101,479
1779135357.0102472,9486,107,479
1779135357.0164642,9487,111,479
1779135357.03149,9488,115,478
1779135357.0402544,9489,117,478
1779135357.0567663,9490,120,479
1779135357.0567894,9491,121,480
1779135357.057792,9492,123,480
1779135357.071483,9493,128,481
1779135357.085264,9494,146,481
1779135357.0915105,9495,184,481
1779135357.1052382,9496,255,481
1779135357.113971,9497,364,481
1779135357.124,9498,513,482
1779135357.1352627,9499,695,482
1779135357.1440778,9500,903,483
1779135357.1577966,9501,976,483
1779135357.1665263,9502,976,483
1779135357.1964903,9503,976,483
1779135357.224021,9504,976,483
1779135357.2252145,9505,976,483
1779135357.24901,9506,976,483
1779135357.2490308,9507,976,484
1779135357.2502341,9508,976,484
1779135357.2514606,9509,976,482
1779135357.2527273,9510,976,482
1779135357.2539933,9511,976,482
1779135357.2690084,9512,976,481
1779135357.2702413,9513,976,480
1779135357.2840917,9514,976,481
1779135357.29534,9515,976,480
1779135357.3090422,9516,976,479
1779135357.3153057,9517,976,479
1779135357.3277893,9518,976,478
1779135357.3390338,9519,976,477
1779135357.3528867,9520,976,477
1779135357.3616326,9521,976,476
1779135357.3616705,9522,976,476
1779135357.3729818,9523,976,475
1779135357.3816187,9524,976,475
1779135357.3953419,9525,976,474
1779135357.4040809,9526,976,473
1779135357.4153316,9527,976,474
1779135357.4240882,9528,976,473
1779135357.4352782,9529,976,472
1779135357.4440536,9530,976,471
1779135357.460305,9531,976,471
1779135357.4614942,9532,927,471
1779135357.4753053,9533,779,471
1779135357.4890924,9534,640,470
1779135357.4952486,9535,519,470
1779135357.504174,9536,415,469
1779135357.512778,9537,328,468
1779135357.5215487,9538,259,468
1779135357.5328128,9539,205,467
1779135357.5715566,9540,164,467
1779135357.5727296,9541,135,467
1779135357.599009,9542,113,467
1779135357.6002486,9543,99,467
1779135357.6152592,9544,89,468
1779135357.616531,9545,83,467
1779135357.6177309,9546,81,468
1779135357.6189697,9547,82,467
1779135357.6343784,9548,83,467
1779135357.6352396,9549,87,467
1779135357.6465652,9550,89,467
1779135357.6578274,9551,91,467
1779135357.6728146,9552,91,467
1779135357.6815493,9553,90,465
1779135357.6815763,9554,88,465
1779135357.6930764,9555,85,465
1779135357.7015326,9556,83,465
1779135357.7153354,9557,80,465
1779135357.7240462,9558,78,467
1779135357.7353597,9559,74,467
1779135357.7465472,9560,76,467
1779135357.7552984,9561,79,468
1779135357.769021,9562,82,467
1779135357.7752786,9563,85,468
1779135357.789007,9564,88,468
1779135357.7977924,9565,95,469
1779135357.8115098,9566,103,471
1779135357.8177452,9567,117,471
1779135357.8327882,9568,145,472
1779135357.8415782,9569,195,472
1779135357.8416226,9570,274,472
1779135357.855291,9571,391,474
1779135357.8640614,9572,548,475
1779135357.8728073,9573,742,475
1779135357.886651,9574,958,476
1779135357.892801,9575,976,476
1779135357.9065733,9576,976,477
1779135357.9317093,9577,976,478
1779135357.932901,9578,976,479
1779135357.9578574,9579,976,479
1779135357.9590008,9580,976,480
1779135357.9703777,9581,976,481
1779135357.971599,9582,976,480
1779135357.9778454,9583,977,481
1779135357.9917016,9584,976,481
1779135357.991745,9585,976,483
1779135358.0053415,9586,977,483
1779135358.0115707,9587,976,483
1779135358.0253975,9588,976,483
1779135358.0340602,9589,976,483
1779135358.0429437,9590,977,483
1779135358.0540755,9591,976,483
1779135358.0665452,9592,976,484
1779135358.0753162,9593,976,484
1779135358.084107,9594,976,484
1779135358.095305,9595,976,485
1779135358.1041572,9596,976,486
1779135358.1177893,9597,976,486
1779135358.1265242,9598,976,486
1779135358.137779,9599,976,486
1779135358.1522577,9600,976,486
1779135358.1522937,9601,976,486
1779135358.165442,9602,976,486
1779135358.1718783,9603,976,485
1779135358.1829236,9604,976,486
1779135358.1965785,9605,976,484
1779135358.2052963,9606,976,483
1779135358.2371168,9607,976,483
1779135358.2377634,9608,816,483
1779135358.2390127,9609,664,481
1779135358.2478817,9610,530,481
1779135358.2567215,9611,412,480
1779135358.2702909,9612,313,479
1779135358.3190525,9613,233,479
1779135358.3202794,9614,171,478
1779135358.3215992,9615,123,477
1779135358.3240619,9616,90,477
1779135358.3252747,9617,68,476
1779135358.3415754,9618,56,476
1779135358.341627,9619,48,475
1779135358.342784,9620,44,475
1779135358.3515675,9621,43,475
1779135358.36537,9622,39,475
1779135358.3740351,9623,36,474
1779135358.3828266,9624,31,474
1779135358.3966491,9625,28,474
1779135358.4053292,9626,24,474
1779135358.4165292,9627,22,473
1779135358.4253078,9628,22,472
1779135358.4390457,9629,24,473
1779135358.4477682,9630,28,473
1779135358.4590368,9631,31,474
1779135358.472864,9632,38,475
1779135358.4815793,9633,44,475
1779135358.4815958,9634,51,475
1779135358.4902897,9635,59,475
1779135358.504128,9636,66,476
1779135358.5177774,9637,73,476
1779135358.5227928,9638,79,476
1779135358.5390308,9639,85,477
1779135358.5477715,9640,100,478
1779135358.5565636,9641,127,478
1779135358.5703173,9642,174,478
1779135358.5765216,9643,252,479
1779135358.5903533,9644,370,480
1779135358.5978568,9645,534,480
1779135358.6116552,9646,737,482
1779135358.62289,9647,965,481
1779135358.6379895,9648,976,482
1779135358.6380184,9649,976,483
1779135358.6390154,9650,976,482
1779135358.6690948,9651,976,482
1779135358.6702895,9652,976,483
1779135358.6966,9653,976,484
1779135358.6977708,9654,976,486
1779135358.7203798,9655,977,485
1779135358.7215548,9656,976,485
1779135358.7229292,9657,977,486
1779135358.7241397,9658,977,487
1779135358.740246,9659,976,486
1779135358.7415185,9660,977,487
1779135358.7552588,9661,977,487
1779135358.7690668,9662,977,487
1779135358.7752655,9663,977,486
1779135358.784146,9664,977,487
1779135358.7927914,9665,977,487
1779135358.8029773,9666,977,487
1779135358.8141336,9667,977,486
1779135358.8227603,9668,977,487
1779135358.836532,9669,977,487
1779135358.845344,9670,977,486
1779135358.8766396,9671,976,486
1779135358.8779268,9672,976,486
1779135358.8790574,9673,976,485
1779135358.8879755,9674,976,485
1779135358.8965816,9675,976,485
1779135358.9078503,9676,976,484
1779135358.9215465,9677,976,484
1779135358.926553,9678,976,484
1779135358.9428766,9679,976,485
1779135358.9528997,9680,976,483
1779135358.9529476,9681,976,485
1779135358.9615622,9682,868,484
1779135358.972875,9683,700,484
1779135358.9866247,9684,548,483
1779135358.9928844,9685,414,483
1779135359.0065362,9686,299,482
1779135359.0528955,9687,206,482
1779135359.05401,9688,133,482
1779135359.0552826,9689,78,481
1779135359.0566528,9690,39,482
1779135359.0578418,9691,14,481
1779135359.067952,9692,1,481
1779135359.0766442,9693,1,481
1779135359.0853834,9694,0,481
1779135359.1015525,9695,1,480
1779135359.114103,9696,1,481
1779135359.1141195,9697,0,480
1779135359.1229045,9698,1,480
1779135359.1340523,9699,1,480
1779135359.147963,9700,7,479
1779135359.1540482,9701,15,479
1779135359.1678524,9702,22,480
1779135359.1740446,9703,28,480
1779135359.187874,9704,33,480
1779135359.1965666,9705,36,481
1779135359.2053344,9706,40,481
1779135359.2165422,9707,40,481
1779135359.2253153,9708,39,482
1779135359.2391047,9709,37,483
1779135359.2479339,9710,39,483
1779135359.259131,9711,49,482
1779135359.2729578,9712,73,483
1779135359.2815926,9713,123,483
1779135359.2816133,9714,209,484
1779135359.2928824,9715,341,485
1779135359.3016145,9716,517,486
1779135359.3153129,9717,732,487
1779135359.324138,9718,969,487
1779135359.3317008,9719,976,487
1779135359.345514,9720,976,487
1779135359.3541243,9721,976,487
1779135359.3680189,9722,976,488
1779135359.374195,9723,976,489
1779135359.4179811,9724,976,489
1779135359.4192116,9725,977,490
1779135359.4202871,9726,977,490
1779135359.421601,9727,977,490
1779135359.4356232,9728,977,492
1779135359.435683,9729,977,490
1779135359.4442084,9730,977,491
1779135359.4553812,9731,977,491
1779135359.4641507,9732,977,492
1779135359.4779892,9733,977,491
1779135359.4866276,9734,977,491
1779135359.5168316,9735,977,492
1779135359.5179183,9736,977,492
1779135359.5191905,9737,977,491
1779135359.5280087,9738,977,492
1779135359.5403724,9739,977,492
1779135359.549119,9740,976,492
1779135359.5579882,9741,977,493
1779135359.5717256,9742,977,492
1779135359.5829184,9743,976,492
1779135359.598053,9744,976,493
1779135359.5981443,9745,976,492
1779135359.5990937,9746,976,492
1779135359.6153984,9747,976,492
1779135359.6241298,9748,976,493
1779135359.6328673,9749,976,492
1779135359.645326,9750,976,492
1779135359.6565633,9751,903,492
1779135359.6654289,9752,733,492
1779135359.6791408,9753,575,492
1779135359.6879861,9754,435,492
1779135359.6990664,9755,312,492
1779135359.707874,9756,213,491
1779135359.7215903,9757,135,492
1779135359.7303224,9758,77,492
1779135359.7890766,9759,35,492
1779135359.7953198,9760,6,492
1779135359.796593,9761,0,491
1779135359.7978714,9762,1,492
1779135359.7978952,9763,1,492
1779135359.799078,9764,0,492
1779135359.8003085,9765,0,492
1779135359.8053381,9766,1,492
1779135359.8165507,9767,1,492
1779135359.8253496,9768,0,493
1779135359.8341758,9769,1,492
1779135359.8429887,9770,0,492
1779135359.855441,9771,1,493
1779135359.8642454,9772,1,492
1779135359.877876,9773,0,492
1779135359.8866916,9774,1,493
1779135359.8978503,9775,1,493
1779135359.9116933,9776,0,493
1779135359.9117079,9777,0,493
1779135359.9254448,9778,0,493
1779135359.9316623,9779,1,492
1779135359.945405,9780,0,492
1779135359.9542022,9781,1,492
1779135359.9629738,9782,11,492
1779135359.9741702,9783,25,493
1779135359.983027,9784,39,494
1779135359.996656,9785,50,494
1779135360.0054083,9786,59,494
1779135360.0166035,9787,66,493
1779135360.0303583,9788,71,495
1779135360.035357,9789,74,495
1779135360.0491538,9790,76,496
1779135360.0553188,9791,77,496
1779135360.0641925,9792,81,497
1779135360.0730603,9793,91,497
1779135360.081686,9794,115,497
1779135360.092927,9795,164,496
1779135360.1066532,9796,253,497
1779135360.1129363,9797,390,498
1779135360.1304317,9798,575,498
1779135360.1654844,9799,801,498
1779135360.1666255,9800,976,498
1779135360.1915503,9801,976,499
1779135360.192881,9802,976,499
1779135360.21785,9803,976,499
1779135360.2190473,9804,976,500
1779135360.2228746,9805,976,500
1779135360.2240567,9806,977,501
1779135360.2252803,9807,977,502
1779135360.2341948,9808,977,501
1779135360.234215,9809,977,501
1779135360.248163,9810,977,501
1779135360.2491744,9811,977,501
1779135360.2641933,9812,977,501
1779135360.2729392,9813,977,500
1779135360.2866867,9814,977,501
1779135360.2928534,9815,977,500
1779135360.3066463,9816,977,501
1779135360.3153167,9817,977,500
1779135360.3291576,9818,977,500
1779135360.335394,9819,977,500
1779135360.3441522,9820,977,500
1779135360.3579018,9821,977,500
1779135360.3669517,9822,977,500
1779135360.3779235,9823,977,500
1779135360.3916998,9824,977,500
1779135360.3917282,9825,977,500
1779135360.4054053,9826,977,500
1779135360.4116235,9827,976,499
1779135360.4254222,9828,976,499
1779135360.434126,9829,976,500
1779135360.4430103,9830,976,499
1779135360.4541824,9831,976,499
1779135360.462942,9832,976,499
1779135360.476823,9833,976,499
1779135360.525467,9834,976,499
1779135360.5266464,9835,927,499
1779135360.5279384,9836,757,499
1779135360.529161,9837,597,499
1779135360.5304325,9838,451,499
1779135360.539167,9839,324,499
1779135360.5566986,9840,217,498
1779135360.5579097,9841,130,498
1779135360.5741677,9842,63,498
1779135360.574194,9843,14,498
1779135360.5830557,9844,1,498
1779135360.5929508,9845,1,498
1779135360.6016188,9846,0,497
1779135360.6129818,9847,0,498
1779135360.6267676,9848,1,499
1779135360.6329374,9849,0,499
1779135360.6467283,9850,1,499
1779135360.6529224,9851,1,499
1779135360.6666944,9852,0,499
1779135360.6754353,9853,0,499
1779135360.68426,9854,1,499
1779135360.6978998,9855,1,499
1779135360.7130392,9856,0,499
1779135360.721737,9857,1,500
1779135360.7218077,9858,1,500
1779135360.7379785,9859,0,499
1779135360.7391477,9860,0,499
1779135360.7529085,9861,0,499
1779135360.7666101,9862,1,499
1779135360.7966623,9863,1,499
1779135360.7978947,9864,0,499
1779135360.7991138,9865,0,499
1779135360.8066502,9866,8,498
1779135360.8153577,9867,27,498
1779135360.8240812,9868,44,499
1779135360.8378644,9869,60,499
1779135360.8466394,9870,74,499
1779135360.8716297,9871,83,499
1779135360.8928604,9872,90,499
1779135360.8940837,9873,97,499
1779135360.89409,9874,100,499
1779135360.8953452,9875,102,500
1779135360.9053638,9876,101,501
1779135360.912879,9877,100,502
1779135360.9266858,9878,101,501
1779135360.9329116,9879,115,502
1779135360.946575,9880,151,502
1779135360.9553869,9881,220,502
1779135360.9641047,9882,330,503
1779135360.9753673,9883,485,504
1779135360.9891922,9884,675,504
1779135360.9954355,9885,897,504
1779135361.0092497,9886,976,506
1779135361.017941,9887,976,505
1779135361.022869,9888,976,505
1779135361.0316095,9889,976,506
1779135361.0454574,9890,976,507
1779135361.0516078,9891,976,507
1779135361.0653555,9892,976,507
1779135361.0741138,9893,976,507
1779135361.0878663,9894,976,507
1779135361.0940957,9895,976,507
1779135361.102874,9896,976,508
1779135361.12037,9897,976,508
1779135361.1215854,9898,977,507
1779135361.1378665,9899,976,506
1779135361.1466815,9900,976,506
1779135361.1553261,9901,976,506
1779135361.1690972,9902,977,506
1779135361.1753414,9903,976,505
1779135361.1841402,9904,976,504
1779135361.1928794,9905,976,505
1779135361.2015991,9906,976,503
1779135361.2128575,9907,976,503
1779135361.2529888,9908,976,503
1779135361.254148,9909,976,502
1779135361.2641368,9910,976,502
1779135361.2653599,9911,976,500
1779135361.2666304,9912,976,501
1779135361.276706,9913,976,500
1779135361.285479,9914,976,499
1779135361.2966921,9915,976,499
1779135361.3054378,9916,909,498
1779135361.3191547,9917,755,497
1779135361.3279257,9918,614,497
1779135361.3353612,9919,490,496
1779135361.3443098,9920,387,496
1779135361.3529067,9921,305,495
1779135361.3666792,9922,243,495
1779135361.3729827,9923,198,494
1779135361.3866954,9924,166,494
1779135361.395403,9925,145,494
1779135361.4091516,9926,129,494
1779135361.439103,9927,119,493
1779135361.4403372,9928,111,493
1779135361.441599,9929,105,492
1779135361.4553695,9930,99,492
1779135361.4566157,9931,93,492
1779135361.4716156,9932,88,492
1779135361.4804525,9933,82,492
1779135361.4893236,9934,76,492
1779135361.5054445,9935,71,492
1779135361.506693,9936,67,492
1779135361.5129614,9937,63,492
1779135361.5216532,9938,63,493
1779135361.5380204,9939,64,493
1779135361.5392475,9940,65,493
1779135361.5566483,9941,69,493
1779135361.5654125,9942,74,493
1779135361.576734,9943,79,494
1779135361.62285,9944,85,494
1779135361.6241071,9945,92,493
1779135361.6278226,9946,100,492
1779135361.629072,9947,107,493
1779135361.6303258,9948,112,494
1779135361.6403723,9949,116,495
1779135361.6515942,9950,119,496
1779135361.657864,9951,120,497
1779135361.6729083,9952,116,497
1779135361.6816027,9953,110,498
1779135361.6816351,9954,105,499
1779135361.6928723,9955,101,500
1779135361.7016292,9956,98,501
1779135361.7153583,9957,97,503
1779135361.7240958,9958,104,504
1779135361.7353942,9959,125,505
1779135361.7441957,9960,169,506
1779135361.755508,9961,244,507
1779135361.7642424,9962,357,509
1779135361.7804072,9963,510,510
1779135361.7816348,9964,694,511
1779135361.795372,9965,900,513
1779135361.809113,9966,976,513
1779135361.8154526,9967,976,515
1779135361.8241074,9968,976,516
1779135361.8328996,9969,976,516
1779135361.8416693,9970,976,517
1779135361.8578944,9971,976,519
1779135361.8628898,9972,976,520
1779135361.8766854,9973,976,520
1779135361.8854532,9974,976,521
1779135361.8967812,9975,976,523
1779135361.9053464,9976,976,523
1779135361.9190907,9977,976,523
1779135361.9278927,9978,976,524
1779135361.9391062,9979,976,524
1779135361.9480028,9980,976,524
1779135361.974133,9981,976,525
1779135361.9753573,9982,976,526
1779135362.0004697,9983,976,526
1779135362.026731,9984,976,526
1779135362.0279145,9985,976,528
1779135362.0291343,9986,976,528
1779135362.0291405,9987,976,528
1779135362.0303278,9988,976,528
1779135362.031612,9989,976,529
1779135362.0454233,9990,976,528
1779135362.0792382,9991,976,529
1779135362.0804696,9992,976,528
1779135362.081717,9993,910,527
1779135362.0829902,9994,750,527
1779135362.0942135,9995,604,527
1779135362.107882,9996,481,526
1779135362.114155,9997,381,526
1779135362.1279762,9998,302,525
1779135362.1342518,9999,246,524
1779135362.1517172,10000,204,524
1779135362.1517348,10001,176,523
1779135362.1653788,10002,161,523
1779135362.17164,10003,153,522
1779135362.187996,10004,151,521
1779135362.1891482,10005,151,521
1779135362.2029526,10006,151,520
1779135362.214238,10007,150,520
1779135362.2230256,10008,150,519
1779135362.236738,10009,146,519
1779135362.2455955,10010,140,519
1779135362.2567365,10011,132,518
1779135362.2654946,10012,122,518
1779135362.2793026,10013,112,518
1779135362.2882183,10014,101,518
1779135362.2991676,10015,88,518
1779135362.3116682,10016,77,517
1779135362.3367102,10017,67,517
1779135362.338179,10018,60,517
1779135362.3382046,10019,52,517
1779135362.3629963,10020,45,516
1779135362.364181,10021,39,516
1779135362.380431,10022,37,516
1779135362.3817508,10023,39,516
1779135362.3829458,10024,48,515
1779135362.3967214,10025,61,515
1779135362.405589,10026,76,515
1779135362.4167087,10027,94,515
1779135362.4256809,10028,111,515
1779135362.439214,10029,129,514
1779135362.447966,10030,147,513
1779135362.4592218,10031,162,513
1779135362.4730258,10032,175,513
1779135362.4816947,10033,184,513
1779135362.4817102,10034,187,513
1779135362.492971,10035,186,513
1779135362.5018678,10036,178,512
1779135362.515555,10037,166,512
1779135362.5242026,10038,152,512
1779135362.5354738,10039,138,513
1779135362.5492487,10040,123,513
1779135362.554165,10041,109,513
1779135362.5679357,10042,98,513
1779135362.57429,10043,94,513
1779135362.5879962,10044,105,513
1779135362.5979235,10045,143,513
1779135362.606688,10046,214,513
1779135362.6229033,10047,326,513
1779135362.633026,10048,482,513
1779135362.6330402,10049,675,513
1779135362.6417742,10050,896,513
1779135362.6580527,10051,976,514
1779135362.659251,10052,976,515
1779135362.6729476,10053,976,515
1779135362.6981974,10054,976,516
1779135362.6991491,10055,976,515
1779135362.7243235,10056,976,517
1779135362.725489,10057,976,516
1779135362.750441,10058,976,517
1779135362.7516756,10059,976,518
1779135362.7691987,10060,976,516
1779135362.770369,10061,976,516
1779135362.7716146,10062,976,518
1779135362.7778902,10063,976,516
1779135362.7929075,10064,976,516
1779135362.8030002,10065,976,516
1779135362.803043,10066,976,516
1779135362.8141787,10067,976,515
1779135362.822935,10068,976,515
1779135362.8366683,10069,976,515
1779135362.8454313,10070,976,515
1779135362.8566222,10071,976,515
1779135362.8654041,10072,976,514
1779135362.8791385,10073,976,514
1779135362.8880396,10074,976,514
1779135362.8991952,10075,976,512
1779135362.9079628,10076,976,511
1779135362.9217129,10077,976,513
1779135362.9304113,10078,976,510
1779135362.9466915,10079,976,510
1779135362.952922,10080,976,509
1779135362.9616625,10081,976,508
1779135362.9616754,10082,976,508
1779135362.9729302,10083,976,506
1779135362.9816518,10084,879,505
1779135362.9955246,10085,731,505
1779135363.0054448,10086,596,504
1779135363.0143158,10087,477,503
1779135363.022916,10088,375,503
1779135363.0367763,10089,289,502
1779135363.0455296,10090,223,501
1779135363.0955102,10091,173,500
1779135363.0966995,10092,137,499
1779135363.0979042,10093,109,499
1779135363.0991592,10094,89,499
1779135363.100413,10095,78,498
1779135363.1141784,10096,72,498
1779135363.1141949,10097,69,497
1779135363.1229148,10098,68,497
1779135363.13417,10099,70,496
1779135363.1429174,10100,71,496
1779135363.1566603,10101,74,496
1779135363.1654034,10102,76,496
1779135363.1766834,10103,77,496
1779135363.1854174,10104,77,495
1779135363.199175,10105,78,496
1779135363.207941,10106,79,496
1779135363.2166677,10107,79,496
1779135363.2304027,10108,81,495
1779135363.2391531,10109,82,495
1779135363.2479901,10110,85,494
1779135363.2641938,10111,88,494
1779135363.2717364,10112,92,495
1779135363.2804365,10113,99,495
1779135363.291681,10114,106,495
1779135363.2916949,10115,114,495
1779135363.3054233,10116,121,495
1779135363.3142061,10117,130,495
1779135363.323301,10118,138,494
1779135363.3569312,10119,144,494
1779135363.3580275,10120,151,494
1779135363.359173,10121,157,494
1779135363.36802,10122,161,495
1779135363.3743072,10123,165,495
1779135363.3879676,10124,168,496
1779135363.396678,10125,169,496
1779135363.4104023,10126,168,496
1779135363.416649,10127,164,496
1779135363.4567232,10128,158,495
1779135363.4692035,10129,152,497
1779135363.4704216,10130,148,496
1779135363.4704516,10131,147,496
1779135363.4716709,10132,156,497
1779135363.4729047,10133,183,496
1779135363.4867024,10134,239,497
1779135363.492932,10135,335,498
1779135363.5068238,10136,472,499
1779135363.5129595,10137,649,499
1779135363.5268276,10138,858,499
1779135363.5330076,10139,976,500
1779135363.5467384,10140,976,500
1779135363.5555058,10141,976,500
1779135363.5642955,10142,976,500
1779135363.5755224,10143,976,503
1779135363.592922,10144,976,502
1779135363.60168,10145,976,502
1779135363.6017,10146,976,503
1779135363.6128895,10147,976,504
1779135363.621668,10148,976,503
1779135363.6379101,10149,976,504
1779135363.6391506,10150,976,505
1779135363.6554046,10151,976,505
1779135363.664177,10152,977,505
1779135363.6779459,10153,976,506
1779135363.686674,10154,976,506
1779135363.6979454,10155,976,507
1779135363.711694,10156,976,507
1779135363.7166963,10157,976,508
1779135363.7304475,10158,976,508
1779135363.7392168,10159,976,509
1779135363.751673,10160,976,509
1779135363.7656345,10161,976,509
1779135363.7657454,10162,976,510
1779135363.7717109,10163,976,509
1779135363.7854474,10164,976,509
1779135363.8279107,10165,976,510
1779135363.829258,10166,976,509
1779135363.8304653,10167,976,509
1779135363.8316786,10168,976,509
1779135363.8329136,10169,976,508
1779135363.846719,10170,976,508
1779135363.8529174,10171,976,508
1779135363.8667831,10172,976,508
1779135363.8804767,10173,949,508
1779135363.8854492,10174,788,508
1779135363.8967986,10175,635,508
1779135363.9117424,10176,496,508
1779135363.9204693,10177,374,507
1779135363.931723,10178,273,507
1779135363.931734,10179,192,507
1779135363.9454489,10180,127,506
1779135363.951694,10181,81,506
1779135363.9655693,10182,47,505
1779135363.9966874,10183,27,505
1779135363.9979181,10184,15,505
1779135363.9991663,10185,13,505
1779135364.005446,10186,14,505
1779135364.0166707,10187,19,504
1779135364.025463,10188,28,504
1779135364.0392828,10189,37,504
1779135364.0481553,10190,44,503
1779135364.0592384,10191,51,504
1779135364.072938,10192,55,503
1779135364.0817578,10193,60,503
1779135364.0817738,10194,62,502
1779135364.0930448,10195,65,502
1779135364.1017888,10196,68,502
1779135364.115418,10197,73,501
1779135364.1242344,10198,79,501
1779135364.135424,10199,84,501
1779135364.1441941,10200,89,500
1779135364.1779466,10201,96,500
1779135364.1791744,10202,103,499
1779135364.2042499,10203,110,499
1779135364.2054312,10204,115,499
1779135364.2091722,10205,120,499
1779135364.2104547,10206,123,499
1779135364.2216916,10207,124,499
1779135364.2367268,10208,127,499
1779135364.236753,10209,130,498
1779135364.241686,10210,130,498
1779135364.2580307,10211,130,497
1779135364.2591715,10212,130,497
1779135364.2755084,10213,129,497
1779135364.2843635,10214,129,497
1779135364.2955353,10215,126,498
1779135364.3042562,10216,123,498
1779135364.3179505,10217,122,499
1779135364.3268552,10218,122,498
1779135364.3380003,10219,122,500
1779135364.346847,10220,123,500
1779135364.3604996,10221,123,502
1779135364.3668675,10222,123,502
1779135364.3830564,10223,126,503
1779135364.3918083,10224,135,503
1779135364.3918602,10225,162,503
1779135364.4057398,10226,216,504
1779135364.4142509,10227,304,504
1779135364.4254448,10228,434,505
1779135364.434293,10229,606,505
1779135364.4479544,10230,813,506
1779135364.4567444,10231,976,506
1779135364.471725,10232,976,507
1779135364.4731462,10233,976,507
1779135364.4878783,10234,976,507
1779135364.5004916,10235,976,509
1779135364.5066853,10236,976,508
1779135364.5204608,10237,976,508
1779135364.5631564,10238,976,508
1779135364.564296,10239,976,510
1779135364.5667503,10240,976,509
1779135364.56796,10241,976,509
1779135364.574304,10242,976,509
1779135364.5743244,10243,976,509
1779135364.58187,10244,976,509
1779135364.5955315,10245,976,508
1779135364.6042213,10246,976,508
1779135364.636773,10247,976,508
1779135364.637953,10248,976,508
1779135364.6392658,10249,976,509
1779135364.646822,10250,976,508
1779135364.6555717,10251,976,507
1779135364.6668491,10252,976,507
1779135364.6755853,10253,976,507
1779135364.6856358,10254,976,508
1779135364.6992807,10255,976,505
1779135364.715573,10256,976,505
1779135364.715597,10257,976,505
1779135364.724247,10258,976,504
1779135364.7330244,10259,976,504
1779135364.7442486,10260,976,503
1779135364.753002,10261,976,503
1779135364.7668114,10262,976,503
1779135364.7755806,10263,976,503
1779135364.786732,10264,976,502
1779135364.7954683,10265,976,502
1779135364.8092742,10266,976,501
1779135364.8179657,10267,976,500
1779135364.8292298,10268,976,499
1779135364.837959,10269,839,501
1779135364.8517332,10270,675,499
1779135364.8604581,10271,522,498
1779135364.8717487,10272,388,497
1779135364.8805459,10273,275,497
1779135364.8805711,10274,185,496
1779135364.9068823,10275,116,495
1779135364.9080892,10276,71,495
1779135364.9329922,10277,40,495
1779135364.9342093,10278,24,494
1779135364.9592478,10279,18,494
1779135364.9604876,10280,20,494
1779135364.96928,10281,28,493
1779135364.9705741,10282,40,493
1779135364.971762,10283,56,493
1779135364.9880636,10284,70,493
1779135364.996785,10285,85,493
1779135365.0055668,10286,100,493
1779135365.0193288,10287,113,493
1779135365.0355346,10288,124,492
1779135365.0355752,10289,134,493
1779135365.0443256,10290,142,493
1779135365.0529957,10291,150,492
1779135365.0643644,10292,155,492
1779135365.0730517,10293,160,492
1779135365.0867393,10294,166,491
1779135365.0954783,10295,169,491
1779135365.1067376,10296,172,492
1779135365.1179574,10297,173,492
1779135365.1267214,10298,171,492
1779135365.140483,10299,167,492
1779135365.1467185,10300,163,492
1779135365.1605418,10301,160,492
1779135365.1692603,10302,156,492
1779135365.1830301,10303,153,493
1779135365.1942673,10304,152,493
1779135365.1942923,10305,152,493
1779135365.2029855,10306,157,494
1779135365.2117314,10307,176,494
1779135365.2243123,10308,220,494
1779135365.2329547,10309,300,495
1779135365.2467167,10310,416,495
1779135365.2768462,10311,574,496
1779135365.278001,10312,768,496
1779135365.3030193,10313,974,496
1779135365.304207,10314,976,496
1779135365.3281531,10315,976,496
1779135365.3292422,10316,976,497
1779135365.3304775,10317,976,497
1779135365.331737,10318,976,498
1779135365.3455517,10319,976,498
1779135365.3517952,10320,976,498
1779135365.3655784,10321,976,498
1779135365.3656342,10322,976,499
1779135365.3719695,10323,976,499
1779135365.3830285,10324,976,499
1779135365.3918736,10325,976,500
1779135365.4056141,10326,976,499
1779135365.4143279,10327,976,499
1779135365.426876,10328,976,499
1779135365.4356549,10329,976,500
1779135365.4443915,10330,977,499
1779135365.4581738,10331,976,499
1779135365.4643285,10332,976,500
1779135365.4780571,10333,976,499
1779135365.4868486,10334,976,499
1779135365.4956138,10335,976,499
1779135365.5105984,10336,976,499
1779135365.5244145,10337,976,499
1779135365.5318058,10338,976,499
1779135365.5318844,10339,976,500
1779135365.5431108,10340,976,499
1779135365.5518334,10341,976,499
1779135365.56562,10342,976,499
1779135365.5744207,10343,976,498
1779135365.5856726,10344,976,498
1779135365.5943325,10345,976,498
1779135365.608261,10346,976,497
1779135365.6167238,10347,826,497
1779135365.6692717,10348,684,497
1779135365.6705039,10349,554,498
1779135365.6717477,10350,440,497
1779135365.6729734,10351,344,497
1779135365.6754544,10352,265,497
1779135365.6855333,10353,200,497
1779135365.6855898,10354,146,496
1779135365.6942875,10355,107,497
1779135365.7055209,10356,78,497
1779135365.714367,10357,59,497
1779135365.7281034,10358,48,497
1779135365.735505,10359,41,497
1779135365.746725,10360,41,496
1779135365.755525,10361,46,497
1779135365.7692685,10362,51,496
1779135365.7780874,10363,57,497
1779135365.7892358,10364,61,497
1779135365.7979639,10365,65,497
1779135365.8117185,10366,67,497
1779135365.8255548,10367,66,497
1779135365.8279624,10368,64,497
1779135365.841748,10369,60,497
1779135365.8417628,10370,57,497
1779135365.8555055,10371,57,497
1779135365.861732,10372,57,498
1779135365.8754666,10373,61,497
1779135365.8842642,10374,66,497
1779135365.9167874,10375,75,497
1779135365.917984,10376,84,497
1779135365.9192348,10377,94,497
1779135365.9267416,10378,104,497
1779135365.9355505,10379,114,497
1779135365.9481099,10380,123,499
1779135365.9567416,10381,131,498
1779135365.965583,10382,138,499
1779135365.979395,10383,143,499
1779135366.0080621,10384,144,499
1779135366.0080822,10385,144,500
1779135366.0092413,10386,143,501
1779135366.0355122,10387,144,502
1779135366.0367336,10388,145,503
1779135366.0442317,10389,151,503
1779135366.045466,10390,169,504
1779135366.056774,10391,208,504
1779135366.063023,10392,282,504
1779135366.0767426,10393,397,504
1779135366.0854702,10394,557,505
1779135366.0942266,10395,760,506
1779135366.1055803,10396,975,506
1779135366.1142313,10397,976,508
1779135366.1279933,10398,976,507
1779135366.1367939,10399,976,508
1779135366.1518502,10400,976,509
1779135366.1518753,10401,976,509
1779135366.1655085,10402,976,509
1779135366.1742377,10403,976,510
1779135366.1855013,10404,976,510
1779135366.1943135,10405,977,510
1779135366.2080941,10406,977,510
1779135366.2167623,10407,977,511
1779135366.228006,10408,977,511
1779135366.236764,10409,977,511
1779135366.2504828,10410,977,511
1779135366.2579772,10411,977,512
1779135366.2692835,10412,977,512
1779135366.2779872,10413,977,512
1779135366.2919133,10414,977,511
1779135366.3006442,10415,977,511
1779135366.311814,10416,977,511
1779135366.3255954,10417,976,511
1779135366.3256369,10418,977,511
1779135366.3318367,10419,977,511
1779135366.3430812,10420,976,511
1779135366.351809,10421,976,511
1779135366.4017797,10422,976,511
1779135366.4031086,10423,976,510
1779135366.404452,10424,976,511
1779135366.4066067,10425,976,510
1779135366.406749,10426,976,510
1779135366.4207242,10427,976,510
1779135366.421964,10428,976,511
1779135366.43693,10429,976,510
1779135366.4455547,10430,976,510
1779135366.4593027,10431,976,510
1779135366.475646,10432,976,510
1779135366.4757237,10433,976,510
1779135366.484297,10434,976,510
1779135366.4930549,10435,882,510
1779135366.5043507,10436,708,510
1779135366.5131226,10437,545,510
1779135366.5268364,10438,396,510
1779135366.5568922,10439,269,510
1779135366.5580523,10440,164,510
1779135366.563047,10441,83,510
1779135366.564329,10442,24,510
1779135366.578138,10443,1,510
1779135366.5893476,10444,0,510
1779135366.5980535,10445,1,510
1779135366.6118312,10446,1,509
1779135366.620563,10447,0,508
1779135366.631934,10448,1,509
1779135366.6405592,10449,1,509
1779135366.640586,10450,1,509
1779135366.6544082,10451,1,509
1779135366.6630764,10452,0,509
1779135366.6717963,10453,1,509
1779135366.6855557,10454,5,509
1779135366.6943204,10455,27,509
1779135366.7055492,10456,45,508
1779135366.7142947,10457,61,508
1779135366.7280772,10458,74,508
1779135366.7530491,10459,86,508
1779135366.7542658,10460,95,509
1779135366.7793796,10461,102,509
1779135366.7805214,10462,106,509
1779135366.8030229,10463,108,509
1779135366.8055234,10464,108,509
1779135366.806761,10465,107,509
1779135366.8155115,10466,106,508
1779135366.8155355,10467,105,508
1779135366.82175,10468,103,508
1779135366.8356411,10469,103,508
1779135366.8444107,10470,103,508
1779135366.8531537,10471,102,508
1779135366.864362,10472,101,509
1779135366.873143,10473,99,508
1779135366.8843665,10474,97,508
1779135366.898021,10475,94,508
1779135366.9043694,10476,92,509
1779135366.918012,10477,88,508
1779135366.926799,10478,86,510
1779135366.935507,10479,87,510
1779135366.9505622,10480,95,511
1779135366.9642618,10481,118,511
1779135366.9730308,10482,168,511
1779135366.9730494,10483,255,511
1779135366.9867797,10484,387,512
1779135366.991769,10485,567,512
1779135367.0055273,10486,790,512
1779135367.0142703,10487,976,512
1779135367.025544,10488,976,514
1779135367.034289,10489,976,513
1779135367.048,10490,976,513
1779135367.0568082,10491,976,513
1779135367.068005,10492,976,515
1779135367.0767643,10493,976,514
1779135367.0892751,10494,977,515
1779135367.1169446,10495,976,515
1779135367.1418433,10496,977,515
1779135367.1430156,10497,977,515
1779135367.1442888,10498,977,516
1779135367.1443028,10499,977,516
1779135367.1455328,10500,977,516
1779135367.1605752,10501,977,515
1779135367.161868,10502,977,518
1779135367.1994333,10503,977,516
1779135367.2005634,10504,977,517
1779135367.2018554,10505,977,517
1779135367.2030337,10506,977,517
1779135367.2167583,10507,977,517
1779135367.2230194,10508,977,517
1779135367.2368991,10509,977,516
1779135367.2456024,10510,977,516
1779135367.254251,10511,977,518
1779135367.2743056,10512,977,516
1779135367.2830398,10513,977,517
1779135367.2830658,10514,977,517
1779135367.2918975,10515,976,516
1779135367.3042846,10516,976,516
1779135367.3130388,10517,976,517
1779135367.3269563,10518,977,515
1779135367.3356748,10519,976,515
1779135367.3469372,10520,976,515
1779135367.3555858,10521,976,515
1779135367.3693523,10522,976,513
1779135367.3783526,10523,976,514
1779135367.3893166,10524,976,515
1779135367.398056,10525,976,513
1779135367.4093306,10526,975,513
1779135367.4230845,10527,788,512
1779135367.4343603,10528,615,511
1779135367.4343836,10529,459,510
1779135367.4430623,10530,321,510
1779135367.4518461,10531,205,509
1779135367.4630897,10532,112,508
1779135367.4880755,10533,41,508
1779135367.4893014,10534,1,507
1779135367.5143027,10535,0,506
1779135367.5155566,10536,0,507
1779135367.5168612,10537,1,507
1779135367.5269177,10538,1,506
1779135367.5356188,10539,1,505
1779135367.5468743,10540,0,505
1779135367.555563,10541,0,505
1779135367.569281,10542,0,505
1779135367.578038,10543,1,504
1779135367.594333,10544,1,504
1779135367.6030974,10545,1,504
1779135367.6031084,10546,0,504
1779135367.611977,10547,1,504
1779135367.6230483,10548,1,503
1779135367.6368845,10549,1,503
1779135367.643021,10550,1,503
1779135367.6569314,10551,1,503
1779135367.6630795,10552,1,503
1779135367.6768858,10553,25,502
1779135367.6855574,10554,46,503
1779135367.6943376,10555,65,502
1779135367.705524,10556,82,502
1779135367.7144074,10557,98,502
1779135367.7244318,10558,111,502
1779135367.7381072,10559,123,502
1779135367.7543688,10560,131,502
1779135367.7630575,10561,135,502
1779135367.7630851,10562,139,501
1779135367.7719092,10563,139,501
1779135367.7830327,10564,138,501
1779135367.7918599,10565,135,500
1779135367.8055315,10566,129,500
1779135367.848046,10567,124,499
1779135367.8492937,10568,115,499
1779135367.8743367,10569,108,499
1779135367.8755314,10570,102,499
1779135367.900548,10571,96,498
1779135367.901887,10572,91,499
1779135367.910551,10573,88,499
1779135367.9118614,10574,86,499
1779135367.9130263,10575,85,499
1779135367.9155684,10576,84,499
1779135367.9305906,10577,85,499
1779135367.9306045,10578,86,500
1779135367.9318655,10579,89,500
1779135367.9443274,10580,100,500
1779135367.953069,10581,128,500
1779135367.966881,10582,183,500
1779135367.975566,10583,276,501
1779135367.9868395,10584,421,502
1779135367.9955602,10585,615,502
1779135368.0093281,10586,851,502
1779135368.0181756,10587,976,503
1779135368.0293345,10588,976,503
1779135368.0419755,10589,976,503
1779135368.050628,10590,976,504
1779135368.064346,10591,976,504
1779135368.0705774,10592,976,504
1779135368.0843265,10593,976,504
1779135368.084344,10594,977,504
1779135368.0931776,10595,976,504
1779135368.1019523,10596,976,504
1779135368.1131625,10597,976,505
1779135368.122006,10598,977,505
1779135368.1356704,10599,977,505
1779135368.1431768,10600,977,504
1779135368.1544256,10601,977,504
1779135368.163074,10602,977,504
1779135368.1768718,10603,977,504
1779135368.185589,10604,977,504
1779135368.1969676,10605,977,504
1779135368.2231784,10606,977,504
1779135368.224295,10607,977,505
1779135368.2531178,10608,977,503
1779135368.2531397,10609,977,503
1779135368.2605577,10610,976,504
1779135368.261871,10611,977,502
1779135368.2630658,10612,976,502
1779135368.274331,10613,977,502
1779135368.2830577,10614,977,501
1779135368.2969587,10615,976,500
1779135368.3057623,10616,976,500
1779135368.3170443,10617,976,500
1779135368.3256612,10618,976,499
1779135368.3395288,10619,976,500
1779135368.3481266,10620,976,499
1779135368.36196,10621,976,499
1779135368.3669386,10622,976,500
1779135368.3806212,10623,976,498
1779135368.3934767,10624,976,498
1779135368.4019532,10625,976,499
1779135368.4019778,10626,976,497
1779135368.4158576,10627,976,498
1779135368.4246466,10628,976,499
1779135368.4356544,10629,884,498
1779135368.4443808,10630,705,497
1779135368.4719684,10631,538,497
1779135368.4730933,10632,388,497
1779135368.4869444,10633,259,496
1779135368.4880786,10634,152,496
1779135368.501914,10635,68,495
1779135368.506926,10636,7,496
1779135368.518093,10637,1,496
1779135368.5319164,10638,0,496
1779135368.538107,10639,1,496
1779135368.550667,10640,1,496
1779135368.5507023,10641,0,496
1779135368.5643659,10642,0,495
1779135368.5906575,10643,1,496
1779135368.5918832,10644,1,495
1779135368.6168947,10645,1,495
1779135368.618024,10646,1,494
1779135368.6293619,10647,1,494
1779135368.6305873,10648,11,494
1779135368.6318552,10649,33,494
1779135368.6469002,10650,53,493
1779135368.6556237,10651,73,493
1779135368.6643765,10652,92,493
1779135368.6755877,10653,106,494
1779135368.6868763,10654,121,493
1779135368.7005947,10655,132,492
1779135368.7131848,10656,141,493
1779135368.7218678,10657,149,493
1779135368.7218926,10658,155,492
1779135368.7355404,10659,159,492
1779135368.7443438,10660,159,492
1779135368.7555778,10661,160,492
1779135368.764326,10662,158,492
1779135368.77815,10663,155,491
1779135368.7868776,10664,151,491
1779135368.7955837,10665,146,492
1779135368.8093643,10666,141,492
1779135368.8181067,10667,137,491
1779135368.8269858,10668,129,491
1779135368.8382668,10669,124,492
1779135368.8520021,10670,117,492
1779135368.858178,10671,109,492
1779135368.8743277,10672,99,492
1779135368.8743498,10673,93,492
1779135368.883169,10674,89,492
1779135368.896846,10675,94,493
1779135368.9043126,10676,116,493
1779135368.9155872,10677,164,494
1779135368.9243252,10678,252,493
1779135368.9506118,10679,387,494
1779135368.951844,10680,571,495
1779135368.9768934,10681,798,495
1779135368.9780595,10682,976,496
1779135369.003102,10683,976,496
1779135369.0043519,10684,976,497
1779135369.010599,10685,976,497
1779135369.0118597,10686,976,497
1779135369.025636,10687,976,498
1779135369.0306547,10688,976,498
1779135369.0306666,10689,977,499
1779135369.0419586,10690,977,499
1779135369.055582,10691,976,499
1779135369.0618515,10692,976,500
1779135369.0757108,10693,977,499
1779135369.081861,10694,977,499
1779135369.1194036,10695,977,501
1779135369.1206148,10696,977,501
1779135369.121887,10697,977,499
1779135369.1230845,10698,977,501
1779135369.1380987,10699,977,501
1779135369.1469111,10700,977,500
1779135369.1556191,10701,976,500
1779135369.166852,10702,977,500
1779135369.1755822,10703,976,500
1779135369.1906087,10704,977,500
1779135369.2018976,10705,976,500
1779135369.2019148,10706,977,499
1779135369.2105727,10707,976,499
1779135369.226885,10708,976,499
1779135369.2281003,10709,976,499
1779135369.2443364,10710,976,500
1779135369.253105,10711,976,499
1779135369.2668595,10712,976,499
1779135369.2756634,10713,976,499
1779135369.286863,10714,976,498
1779135369.3006349,10715,976,498
1779135369.3319137,10716,976,498
1779135369.3331141,10717,976,498
1779135369.3484175,10718,976,498
1779135369.3493755,10719,976,498
1779135369.3506079,10720,862,498
1779135369.3519754,10721,699,498
1779135369.3682268,10722,543,497
1779135369.3694456,10723,408,497
1779135369.3831291,10724,291,497
1779135369.3970723,10725,198,497
1779135369.403202,10726,123,497
1779135369.416866,10727,68,497
1779135369.4256098,10728,28,497
1779135369.4343777,10729,3,497
1779135369.4456086,10730,1,496
1779135369.4544542,10731,0,497
1779135369.468178,10732,0,497
1779135369.476918,10733,0,497
1779135369.4882662,10734,1,497
1779135369.501878,10735,1,497
1779135369.5118732,10736,0,497
1779135369.511901,10737,1,496
1779135369.5230992,10738,3,497
1779135369.5318441,10739,16,497
1779135369.543115,10740,26,497
1779135369.556881,10741,36,497
1779135369.5631258,10742,44,497
1779135369.5768824,10743,53,497
1779135369.5855942,10744,62,497
1779135369.5943427,10745,71,497
1779135369.6056302,10746,80,497
1779135369.6145065,10747,91,498
1779135369.6280627,10748,99,498
1779135369.6369095,10749,110,497
1779135369.6481817,10750,120,498
1779135369.6619384,10751,128,498
1779135369.7019782,10752,136,497
1779135369.702019,10753,143,497
1779135369.7031357,10754,151,496
1779135369.713139,10755,156,496
1779135369.7143347,10756,156,496
1779135369.715607,10757,157,497
1779135369.7606258,10758,156,497
1779135369.7618432,10759,155,497
1779135369.76308,10760,148,497
1779135369.764402,10761,143,497
1779135369.7656019,10762,135,497
1779135369.7756848,10763,127,497
1779135369.7843459,10764,120,498
1779135369.7982163,10765,113,498
1779135369.8069715,10766,107,499
1779135369.8157115,10767,104,499
1779135369.8307142,10768,112,499
1779135369.8432004,10769,142,500
1779135369.843217,10770,203,500
1779135369.8519573,10771,306,500
1779135369.8657472,10772,459,501
1779135369.8744597,10773,661,502
1779135369.8856032,10774,905,504
1779135369.8943994,10775,976,504
1779135369.9081216,10776,976,503
1779135369.9168866,10777,976,504
1779135369.9281077,10778,976,504
1779135369.9368725,10779,976,504
1779135369.9481142,10780,976,505
1779135369.9618783,10781,976,504
1779135369.9682,10782,976,505
1779135369.98197,10783,977,505
1779135369.9920247,10784,976,507
1779135369.9920392,10785,977,505
1779135370.0031857,10786,977,506
1779135370.011911,10787,977,506
1779135370.0256627,10788,977,506
1779135370.0343714,10789,977,507
1779135370.0606773,10790,977,505
1779135370.0618656,10791,977,506
1779135370.08696,10792,977,505
1779135370.0881069,10793,977,506
1779135370.0893476,10794,977,505
1779135370.096859,10795,977,505
1779135370.1106112,10796,977,505
1779135370.1156695,10797,977,505
1779135370.1268544,10798,977,504
1779135370.140614,10799,977,505
1779135370.1506333,10800,977,505
1779135370.1618938,10801,976,504
1779135370.1619234,10802,977,504
1779135370.1706414,10803,977,504
1779135370.1843631,10804,976,504
1779135370.1931105,10805,976,504
1779135370.2043674,10806,976,504
1779135370.2131193,10807,976,505
1779135370.226854,10808,976,504
1779135370.2356124,10809,976,503
1779135370.2468584,10810,976,504
1779135370.255637,10811,976,504
1779135370.2693722,10812,976,504
1779135370.2769065,10813,976,504
1779135370.2881198,10814,976,504
1779135370.3018892,10815,976,505
1779135370.3119435,10816,931,504
1779135370.311967,10817,747,504
1779135370.3235068,10818,571,504
1779135370.336887,10819,411,504
1779135370.3432667,10820,273,502
1779135370.357002,10821,159,503
1779135370.3632057,10822,70,503
1779135370.3997023,10823,3,503
1779135370.4007084,10824,1,503
1779135370.4019608,10825,0,503
1779135370.4032009,10826,1,503
1779135370.428156,10827,1,503
1779135370.4294136,10828,1,502
1779135370.448161,10829,0,502
1779135370.4493637,10830,0,502
1779135370.464463,10831,1,502
1779135370.471946,10832,0,502
1779135370.4831388,10833,0,502
1779135370.4831588,10834,0,502
1779135370.4970157,10835,1,502
1779135370.5018964,10836,1,502
1779135370.515649,10837,0,502
1779135370.5243733,10838,1,501
1779135370.5331533,10839,1,502
1779135370.5470574,10840,1,501
1779135370.5556905,10841,1,502
1779135370.5669835,10842,28,501
1779135370.5757253,10843,52,501
1779135370.5856647,10844,73,500
1779135370.5995176,10845,92,500
1779135370.608286,10846,109,499
1779135370.6218839,10847,121,500
1779135370.6321537,10848,128,500
1779135370.6321685,10849,133,500
1779135370.6432288,10850,135,500
1779135370.6519713,10851,135,500
1779135370.665732,10852,133,500
1779135370.6744947,10853,129,499
1779135370.6868985,10854,125,499
1779135370.6956155,10855,121,499
1779135370.7094364,10856,118,499
1779135370.7181332,10857,115,499
1779135370.7294655,10858,112,498
1779135370.7381802,10859,109,499
1779135370.7519765,10860,105,498
1779135370.7606547,10861,102,499
1779135370.7956414,10862,101,499
1779135370.7968943,10863,100,499
1779135370.8194156,10864,98,499
1779135370.820635,10865,95,500
1779135370.8206458,10866,92,500
1779135370.821866,10867,89,500
1779135370.8231256,10868,87,499
1779135370.836974,10869,86,502
1779135370.8432515,10870,89,501
1779135370.851926,10871,100,501
1779135370.865664,10872,130,502
1779135370.8745396,10873,193,502
1779135370.885678,10874,300,503
1779135370.8956482,10875,458,503
1779135370.9043612,10876,668,504
1779135370.918135,10877,927,504
1779135370.9243977,10878,976,504
1779135370.938127,10879,976,504
1779135370.9531648,10880,976,505
1779135370.953189,10881,976,505
1779135370.9644237,10882,976,505
1779135370.973152,10883,976,506
1779135370.9870071,10884,976,507
1779135370.9981463,10885,977,507
1779135371.0043619,10886,977,508
1779135371.036978,10887,977,507
1779135371.0381243,10888,977,507
1779135371.0394928,10889,977,507
1779135371.045731,10890,977,508
1779135371.0594864,10891,977,508
1779135371.068144,10892,977,507
1779135371.0769112,10893,977,507
1779135371.0882118,10894,977,507
1779135371.0993707,10895,977,507
1779135371.1144207,10896,977,507
1779135371.1144397,10897,977,506
1779135371.1206312,10898,977,506
1779135371.134373,10899,977,506
1779135371.1631997,10900,977,506
1779135371.164385,10901,977,505
1779135371.1844368,10902,977,504
1779135371.1856813,10903,977,504
1779135371.1868887,10904,977,504
1779135371.2019103,10905,977,504
1779135371.2031317,10906,977,503
1779135371.2181404,10907,977,503
1779135371.2268841,10908,977,502
1779135371.2356517,10909,977,501
1779135371.24688,10910,977,500
1779135371.255634,10911,976,500
1779135371.2706609,10912,976,501
1779135371.2706804,10913,977,499
1779135371.2819028,10914,976,499
1779135371.2906299,10915,976,499
1779135371.3043916,10916,976,499
1779135371.3132493,10917,976,499
1779135371.3244503,10918,976,498
1779135371.3332665,10919,976,497
1779135371.347082,10920,976,497
1779135371.3559031,10921,976,498
1779135371.3669643,10922,976,497
1779135371.3757756,10923,976,496
1779135371.3895378,10924,871,496
1779135371.398377,10925,666,496
1779135371.4107387,10926,478,495
1779135371.4194217,10927,311,495
1779135371.434592,10928,173,494
1779135371.4346201,10929,63,494
1779135371.4407368,10930,1,494
1779135371.4546146,10931,1,493
1779135371.4632218,10932,0,494
1779135371.4720738,10933,0,494
1779135371.4838912,10934,0,494
1779135371.4921641,10935,1,494
1779135371.5057733,10936,0,493
1779135371.5307682,10937,0,493
1779135371.5320637,10938,0,493
1779135371.5534053,10939,1,492
1779135371.5545464,10940,0,493
1779135371.5557208,10941,1,493
1779135371.5719814,10942,1,493
1779135371.5732834,10943,1,493
1779135371.5908265,10944,0,492
1779135371.590845,10945,0,493
1779135371.602034,10946,1,492
1779135371.6107972,10947,0,493
1779135371.6220129,10948,1,493
1779135371.6357894,10949,0,493
1779135371.6419592,10950,19,493
1779135371.6770532,10951,47,493
1779135371.6781545,10952,72,493
1779135371.6794934,10953,94,492
1779135371.6857555,10954,108,492
1779135371.694595,10955,118,493
1779135371.7082565,10956,124,492
1779135371.716986,10957,127,492
1779135371.7282996,10958,129,492
1779135371.7419438,10959,129,492
1779135371.7519464,10960,126,492
1779135371.7519655,10961,121,492
1779135371.7632914,10962,118,492
1779135371.7720275,10963,116,492
1779135371.7857964,10964,112,492
1779135371.794709,10965,110,492
1779135371.8056808,10966,108,492
1779135371.8145316,10967,107,492
1779135371.8283417,10968,103,492
1779135371.8359375,10969,102,493
1779135371.8469646,10970,101,493
1779135371.8556905,10971,99,493
1779135371.8694575,10972,99,494
1779135371.8956804,10973,103,494
1779135371.8969243,10974,111,494
1779135371.9181645,10975,131,494
1779135371.9207642,10976,170,495
1779135371.9207752,10977,241,495
1779135371.921985,10978,355,495
1779135371.9369328,10979,519,496
1779135371.9381776,10980,735,496
1779135371.9519598,10981,975,496
1779135371.9632196,10982,976,496
1779135371.977014,10983,976,496
1779135371.9832454,10984,976,498
1779135371.996936,10985,976,497
1779135372.0032222,10986,976,497
1779135372.0169356,10987,976,497
1779135372.0256858,10988,976,498
1779135372.034509,10989,976,497
1779135372.045835,10990,977,497
1779135372.0544667,10991,976,498
1779135372.0746722,10992,977,498
1779135372.074701,10993,977,497
1779135372.080645,10994,977,497
1779135372.0944173,10995,977,497
1779135372.103173,10996,977,497
1779135372.1119192,10997,977,497
1779135372.1231837,10998,977,497
1779135372.1319292,10999,977,496
1779135372.145799,11000,977,496
1779135372.1545367,11001,977,496
1779135372.1657486,11002,977,496
1779135372.1795077,11003,977,496
1779135372.1845074,11004,977,496
1779135372.198171,11005,977,496
1779135372.205673,11006,977,495
1779135372.2195323,11007,977,494
1779135372.2345648,11008,977,494
1779135372.234585,11009,977,493
1779135372.240742,11010,977,493
1779135372.2656844,11011,977,493
1779135372.2669346,11012,977,492
1779135372.2882204,11013,976,492
1779135372.2894819,11014,976,492
1779135372.2907224,11015,976,491
1779135372.3170023,11016,976,491
1779135372.3181982,11017,976,491
1779135372.327171,11018,976,490
1779135372.340756,11019,976,491
1779135372.3419409,11020,976,489
1779135372.3557582,11021,976,489
1779135372.3632147,11022,976,489
1779135372.377033,11023,976,491
1779135372.3921225,11024,976,489
1779135372.3921697,11025,976,488
1779135372.4032938,11026,967,488
1779135372.412004,11027,762,488
1779135372.425816,11028,578,488
1779135372.4347203,11029,412,488
1779135372.4458683,11030,268,487
1779135372.4547682,11031,149,487
1779135372.465843,11032,56,487
1779135372.4795456,11033,1,486
1779135372.4857993,11034,1,486
1779135372.499541,11035,1,487
1779135372.508348,11036,1,486
1779135372.5170038,11037,1,486
1779135372.5282426,11038,1,486
1779135372.542021,11039,1,486
1779135372.5520256,11040,1,485
1779135372.5520446,11041,0,486
1779135372.5670817,11042,1,486
1779135372.5719788,11043,1,485
1779135372.5858335,11044,1,486
1779135372.5946631,11045,0,486
1779135372.6058302,11046,1,484
1779135372.6520593,11047,1,484
1779135372.653253,11048,18,484
1779135372.654479,11049,46,484
1779135372.6556814,11050,73,483
1779135372.6569548,11051,97,484
1779135372.6757572,11052,120,484
1779135372.6769714,11053,139,484
1779135372.688278,11054,152,484
1779135372.7021039,11055,162,484
1779135372.7121031,11056,167,484
1779135372.71217,11057,168,485
1779135372.7232406,11058,166,485
1779135372.737011,11059,163,486
1779135372.743248,11060,161,486
1779135372.7569768,11061,162,485
1779135372.7631993,11062,170,486
1779135372.7784476,11063,197,487
1779135372.7845342,11064,254,487
1779135372.798401,11065,354,487
1779135372.8045878,11066,505,487
1779135372.8183694,11067,703,488
1779135372.8269584,11068,940,488
1779135372.8357928,11069,976,488
1779135372.8519511,11070,976,489
1779135372.8531618,11071,976,489
1779135372.8707662,11072,976,489
1779135372.8707938,11073,976,490
1779135372.8819463,11074,976,491
1779135372.8906882,11075,977,490
1779135372.9045365,11076,976,490
1779135372.9134285,11077,977,491
1779135372.924536,11078,977,491
1779135372.9569387,11079,977,492
1779135372.9581766,11080,977,491
1779135372.9594316,11081,977,491
1779135372.965693,11082,977,491
1779135372.974426,11083,977,491
1779135373.0059266,11084,977,491
1779135373.0069237,11085,977,491
1779135373.0244324,11086,977,491
1779135373.025697,11087,977,490
1779135373.0357788,11088,977,491
1779135373.0357916,11089,977,491
1779135373.0419238,11090,977,490
1779135373.0556867,11091,977,492
1779135373.0619514,11092,977,490
1779135373.0757294,11093,977,490
1779135373.0820968,11094,977,489
1779135373.0932229,11095,977,490
1779135373.1069767,11096,976,489
1779135373.1132402,11097,976,489
1779135373.1244586,11098,977,489
1779135373.1381989,11099,976,489
1779135373.1432133,11100,976,489
1779135373.1570053,11101,976,489
1779135373.165706,11102,976,490
1779135373.1744804,11103,976,489
1779135373.1933603,11104,976,488
1779135373.1933815,11105,976,489
1779135373.2045965,11106,976,488
1779135373.21338,11107,856,488
1779135373.2269468,11108,688,489
1779135373.2358484,11109,532,488
1779135373.2470582,11110,391,487
1779135373.2558954,11111,268,487
1779135373.269629,11112,168,487
1779135373.2784529,11113,87,487
1779135373.2894611,11114,25,487
1779135373.2983031,11115,1,487
1779135373.3119783,11116,1,488
1779135373.320718,11117,1,488
1779135373.3320491,11118,0,488
1779135373.3409424,11119,1,488
1779135373.341012,11120,0,488
1779135373.3844981,11121,1,488
1779135373.3857076,11122,0,488
1779135373.3869476,11123,0,488
1779135373.3881955,11124,0,488
1779135373.396958,11125,0,489
1779135373.4058576,11126,1,489
1779135373.4170582,11127,1,489
1779135373.425705,11128,1,489
1779135373.4394486,11129,1,489
1779135373.4482083,11130,1,489
1779135373.4594762,11131,1,489
1779135373.4682026,11132,0,489
1779135373.4819891,11133,1,489
1779135373.4907422,11134,1,489
1779135373.5044777,11135,15,489
1779135373.5132396,11136,34,488
1779135373.5132813,11137,52,489
1779135373.5219395,11138,71,489
1779135373.5357196,11139,87,489
1779135373.5419762,11140,101,489
1779135373.5557034,11141,112,491
1779135373.5644882,11142,120,490
1779135373.5969617,11143,127,491
1779135373.5981994,11144,130,491
1779135373.599444,11145,131,491
1779135373.6108,11146,128,492
1779135373.6157355,11147,126,493
1779135373.627063,11148,127,492
1779135373.6408467,11149,142,493
1779135373.6458373,11150,178,494
1779135373.6594725,11151,248,493
1779135373.6757836,11152,366,494
1779135373.675798,11153,537,495
1779135373.6845107,11154,759,495
1779135373.6933095,11155,976,496
1779135373.7045581,11156,976,496
1779135373.7520742,11157,976,496
1779135373.7532446,11158,976,496
1779135373.7544837,11159,976,497
1779135373.7557273,11160,977,498
1779135373.7569582,11161,977,499
1779135373.7719758,11162,977,498
1779135373.7732108,11163,977,499
1779135373.7894793,11164,977,498
1779135373.7983599,11165,977,499
1779135373.806994,11166,977,499
1779135373.8208048,11167,977,500
1779135373.832003,11168,977,499
1779135373.8320403,11169,977,499
1779135373.840721,11170,977,499
1779135373.8545158,11171,977,499
1779135373.8607814,11172,977,499
1779135373.8745332,11173,977,499
1779135373.883216,11174,977,499
1779135373.8970969,11175,977,499
1779135373.9032972,11176,977,500
1779135373.920772,11177,977,500
1779135373.9219873,11178,977,499
1779135373.9358654,11179,977,500
1779135373.9469886,11180,977,499
1779135373.9556994,11181,977,499
1779135373.96947,11182,977,499
1779135373.9782395,11183,977,499
1779135373.994518,11184,977,499
1779135373.9945433,11185,977,499
1779135374.0032446,11186,977,498
1779135374.0119874,11187,977,498
1779135374.0244842,11188,977,498
1779135374.03328,11189,977,499
1779135374.047019,11190,976,498
1779135374.0557306,11191,976,499
1779135374.06708,11192,976,498
1779135374.0758326,11193,976,498
1779135374.1183038,11194,976,497
1779135374.1195211,11195,976,498
1779135374.1208282,11196,976,498
1779135374.122027,11197,976,497
1779135374.13325,11198,899,497
1779135374.1420038,11199,706,497
1779135374.153342,11200,525,498
1779135374.1533628,11201,362,498
1779135374.1620183,11202,219,497
1779135374.17581,11203,99,498
1779135374.181975,11204,6,497
1779135374.195822,11205,0,498
1779135374.2045903,11206,1,497
1779135374.239553,11207,1,498
1779135374.2407687,11208,0,498
1779135374.242033,11209,0,497
1779135374.2469945,11210,0,497
1779135374.2608783,11211,0,498
1779135374.2670887,11212,1,496
1779135374.2807753,11213,1,497
1779135374.286997,11214,1,497
1779135374.3009129,11215,1,496
1779135374.3121185,11216,1,497
1779135374.3121355,11217,0,497
1779135374.3207314,11218,0,496
1779135374.3346097,11219,1,496
1779135374.3433568,11220,1,496
1779135374.35205,11221,0,497
1779135374.3658767,11222,0,496
1779135374.3746343,11223,1,496
1779135374.3858297,11224,1,496
1779135374.394579,11225,1,496
1779135374.408361,11226,0,497
1779135374.4173052,11227,1,496
1779135374.4283378,11228,1,496
1779135374.4371383,11229,1,496
1779135374.472086,11230,30,496
1779135374.4732363,11231,54,496
1779135374.494606,11232,74,496
1779135374.4946442,11233,93,496
1779135374.4958456,11234,108,496
1779135374.4970002,11235,119,496
1779135374.5083137,11236,125,497
1779135374.5170233,11237,126,497
1779135374.5258853,11238,121,497
1779135374.5347621,11239,116,497
1779135374.5457942,11240,109,497
1779135374.555814,11241,103,498
1779135374.5696437,11242,100,498
1779135374.5757983,11243,104,499
1779135374.5870266,11244,129,499
1779135374.6007786,11245,189,499
1779135374.607004,11246,293,500
1779135374.620865,11247,457,500
1779135374.6321604,11248,677,500
1779135374.6321876,11249,947,500
1779135374.6409175,11250,976,501
1779135374.6545775,11251,976,501
1779135374.6633337,11252,976,502
1779135374.6720915,11253,976,502
1779135374.6858304,11254,977,502
1779135374.6946013,11255,977,503
1779135374.7058692,11256,977,503
1779135374.7146506,11257,977,503
1779135374.7283857,11258,977,504
1779135374.737024,11259,977,504
1779135374.748422,11260,977,504
1779135374.7570114,11261,977,504
1779135374.7684093,11262,977,505
1779135374.7821074,11263,977,504
1779135374.7932854,11264,977,503
1779135374.7933066,11265,977,504
1779135374.801997,11266,977,503
1779135374.852032,11267,977,503
1779135374.8534296,11268,977,503
1779135374.8833387,11269,977,502
1779135374.8845723,11270,977,502
1779135374.888387,11271,977,503
1779135374.8895018,11272,977,501
1779135374.8907623,11273,977,503
1779135374.8920057,11274,977,501
1779135374.898266,11275,977,501
1779135374.909527,11276,977,500
1779135374.91827,11277,977,499
1779135374.9271111,11278,977,499
1779135374.9357555,11279,977,499
1779135374.9558728,11280,977,498
1779135374.955892,11281,977,497
1779135374.9607546,11282,977,497
1779135374.972076,11283,977,497
1779135374.9833524,11284,977,496
1779135374.9920945,11285,977,496
1779135375.005791,11286,977,495
1779135375.014559,11287,976,495
1779135375.0257998,11288,976,495
1779135375.0345147,11289,976,494
1779135375.0484009,11290,976,496
1779135375.0570548,11291,976,494
1779135375.0684843,11292,976,495
1779135375.0770433,11293,833,494
1779135375.0907786,11294,632,494
1779135375.0995462,11295,448,493
1779135375.11587,11296,285,492
1779135375.1158838,11297,152,492
1779135375.1245124,11298,48,492
1779135375.1332784,11299,0,492
1779135375.1445062,11300,0,492
1779135375.1582634,11301,0,492
1779135375.1645572,11302,1,492
1779135375.1757934,11303,1,492
1779135375.2246163,11304,0,491
1779135375.2258549,11305,0,491
1779135375.2270925,11306,0,491
1779135375.2284777,11307,0,491
1779135375.229606,11308,0,491
1779135375.2395232,11309,0,491
1779135375.248388,11310,0,490
1779135375.2620559,11311,1,490
1779135375.2758727,11312,1,490
1779135375.2759008,11313,0,490
1779135375.2845101,11314,0,490
1779135375.2932415,11315,1,489
1779135375.30452,11316,0,490
1779135375.3133512,11317,0,490
1779135375.3271058,11318,1,491
1779135375.3358119,11319,0,489
1779135375.34726,11320,0,490
1779135375.3608744,11321,1,491
1779135375.3658652,11322,1,490
1779135375.3807757,11323,1,490
1779135375.3870432,11324,0,490
1779135375.4007645,11325,0,491
1779135375.4095232,11326,1,491
1779135375.423283,11327,1,490
1779135375.4345605,11328,24,490
1779135375.4345846,11329,44,489
1779135375.4433017,11330,61,489
1779135375.452136,11331,77,489
1779135375.4632835,11332,91,488
1779135375.4720142,11333,101,488
1779135375.483282,11334,107,489
1779135375.5170896,11335,110,489
1779135375.5182827,11336,112,488
1779135375.51952,11337,113,488
1779135375.5270553,11338,110,489
1779135375.5357718,11339,106,490
1779135375.54705,11340,99,489
1779135375.579642,11341,95,491
1779135375.5808306,11342,91,491
1779135375.5958338,11343,93,492
1779135375.5983074,11344,108,492
1779135375.5983245,11345,145,492
1779135375.599518,11346,218,492
1779135375.6134398,11347,338,492
1779135375.624566,11348,515,493
1779135375.6382973,11349,743,494
1779135375.6433074,11350,976,494
1779135375.657311,11351,976,494
1779135375.663288,11352,976,494
1779135375.6771307,11353,976,495
1779135375.6858647,11354,976,495
1779135375.6995628,11355,977,496
1779135375.708359,11356,977,496
1779135375.7170575,11357,977,497
1779135375.7308724,11358,977,497
1779135375.7396553,11359,977,497
1779135375.7558713,11360,977,498
1779135375.7558935,11361,977,497
1779135375.764574,11362,977,497
1779135375.7732842,11363,977,497
1779135375.7845666,11364,977,497
1779135375.7932868,11365,977,498
1779135375.8071408,11366,977,497
1779135375.8159,11367,977,497
1779135375.8270845,11368,977,497
1779135375.8359704,11369,977,497
1779135375.8495476,11370,977,497
1779135375.8582711,11371,977,497
1779135375.86956,11372,977,497
1779135375.8783529,11373,977,497
1779135375.8896298,11374,977,497
1779135375.9033625,11375,977,497
1779135375.9145904,11376,977,497
1779135375.9146292,11377,977,497
1779135375.9396048,11378,977,499
1779135375.9409037,11379,977,497
1779135375.9596128,11380,977,497
1779135375.9609408,11381,977,497
1779135375.9620857,11382,977,497
1779135375.9759672,11383,977,498
1779135375.987151,11384,977,497
1779135375.9960055,11385,977,497
1779135376.009582,11386,977,497
1779135376.0183556,11387,977,498
1779135376.0296068,11388,976,498
1779135376.0383675,11389,977,498
1779135376.05216,11390,977,498
1779135376.065926,11391,976,498
1779135376.0670707,11392,976,499
1779135376.0683203,11393,976,498
1779135376.0833862,11394,976,498
1779135376.092103,11395,879,498
1779135376.1008956,11396,691,498
1779135376.1146002,11397,515,498
1779135376.123361,11398,359,497
1779135376.1571276,11399,225,497
1779135376.1582973,11400,115,497
1779135376.1595883,11401,31,497
1779135376.1696393,11402,0,496
1779135376.1759026,11403,1,497
1779135376.1871324,11404,0,497
1779135376.1983528,11405,1,497
1779135376.2120805,11406,0,497
1779135376.2170799,11407,1,497
1779135376.2233226,11408,1,497
1779135376.2370765,11409,0,497
1779135376.242066,11410,0,496
1779135376.255911,11411,1,497
1779135376.2620487,11412,0,497
1779135376.2759285,11413,1,497
1779135376.3046083,11414,0,497
1779135376.3058724,11415,21,497
1779135376.330956,11416,53,498
1779135376.3320348,11417,83,497
1779135376.337052,11418,111,498
1779135376.3382933,11419,135,497
1779135376.3496025,11420,154,497
1779135376.3633096,11421,166,497
1779135376.3682723,11422,175,496
1779135376.3820643,11423,179,497
1779135376.3933513,11424,181,498
1779135376.3933814,11425,180,498
1779135376.4059143,11426,175,498
1779135376.4145775,11427,169,498
1779135376.4259174,11428,164,498
1779135376.434625,11429,155,499
1779135376.4485836,11430,145,498
1779135376.4571984,11431,137,499
1779135376.4685268,11432,127,499
1779135376.4771733,11433,121,500
1779135376.491039,11434,124,500
1779135376.4996321,11435,141,500
1779135376.5121584,11436,189,499
1779135376.5209222,11437,279,501
1779135376.5302424,11438,416,501
1779135376.5434666,11439,603,502
1779135376.5546856,11440,832,502
1779135376.5546973,11441,976,502
1779135376.5633547,11442,976,502
1779135376.5770955,11443,976,502
1779135376.5858824,11444,976,503
1779135376.5971825,11445,977,503
1779135376.605887,11446,977,503
1779135376.6171546,11447,977,504
1779135376.6309266,11448,977,503
1779135376.6370487,11449,977,503
1779135376.6509671,11450,977,503
1779135376.6909952,11451,977,504
1779135376.6922078,11452,977,504
1779135376.6934144,11453,977,504
1779135376.6946576,11454,977,503
1779135376.7095542,11455,977,503
1779135376.710843,11456,977,503
1779135376.7108583,11457,977,503
1779135376.7245767,11458,977,503
1779135376.7333126,11459,977,502
1779135376.742114,11460,977,502
1779135376.755882,11461,977,503
1779135376.7633262,11462,977,502
1779135376.797102,11463,977,502
1779135376.7983177,11464,977,502
1779135376.799574,11465,977,501
1779135376.8058934,11466,977,502
1779135376.81457,11467,977,501
1779135376.828367,11468,977,500
1779135376.8358786,11469,977,502
1779135376.8470528,11470,977,500
1779135376.8559518,11471,976,499
1779135376.8709135,11472,977,500
1779135376.8709497,11473,976,499
1779135376.8820846,11474,976,499
1779135376.8909726,11475,976,499
1779135376.9046223,11476,976,499
1779135376.9133477,11477,968,498
1779135376.9246075,11478,783,499
1779135376.933472,11479,616,499
1779135376.9446917,11480,464,499
1779135376.953439,11481,329,499
1779135376.9696085,11482,216,499
1779135376.9709618,11483,121,499
1779135376.9846048,11484,47,499
1779135376.998313,11485,0,499
1779135377.004582,11486,0,499
1779135377.01831,11487,0,499
1779135377.045968,11488,0,499
1779135377.045984,11489,0,499
1779135377.0671167,11490,0,499
1779135377.0683198,11491,0,499
1779135377.0695744,11492,0,499
1779135377.0708456,11493,0,499
1779135377.0872133,11494,0,499
1779135377.0959337,11495,0,500
1779135377.1046271,11496,0,499
1779135377.118423,11497,0,499
1779135377.1246758,11498,1,499
1779135377.138407,11499,1,500
1779135377.1509778,11500,0,499
1779135377.1558576,11501,0,500
1779135377.1671834,11502,0,500
1779135377.1759074,11503,1,499
1779135377.1909137,11504,19,500
1779135377.190935,11505,48,500
1779135377.202071,11506,78,500
1779135377.2109816,11507,108,500
1779135377.224598,11508,134,500
1779135377.233405,11509,159,499
1779135377.2446902,11510,181,499
1779135377.2533844,11511,200,499
1779135377.2660553,11512,215,498
1779135377.2746232,11513,225,499
1779135377.2859037,11514,231,498
1779135377.2946193,11515,231,498
1779135377.3083713,11516,225,497
1779135377.317238,11517,214,497
1779135377.3284628,11518,197,498
1779135377.342144,11519,175,497
1779135377.3521872,11520,149,499
1779135377.352339,11521,123,499
1779135377.3621862,11522,95,498
1779135377.375904,11523,67,499
1779135377.3846595,11524,40,499
1779135377.4096556,11525,14,498
1779135377.4109132,11526,0,499
1779135377.4434118,11527,1,500
1779135377.4446254,11528,0,500
1779135377.469673,11529,1,500
1779135377.4709032,11530,0,500
1779135377.4959514,11531,1,501
1779135377.497074,11532,96,501
1779135377.4983792,11533,257,502
1779135377.4996123,11534,476,502
1779135377.501087,11535,742,503
1779135377.5159817,11536,976,504
1779135377.5160117,11537,976,503
1779135377.5221899,11538,976,503
1779135377.5359542,11539,976,503
1779135377.5422297,11540,976,503
1779135377.5559974,11541,977,504
1779135377.5622523,11542,977,504
1779135377.5722966,11543,977,505
1779135377.5860426,11544,977,504
1779135377.594692,11545,977,504
1779135377.6059158,11546,977,504
1779135377.6146474,11547,977,504
1779135377.6284091,11548,977,504
1779135377.63709,11549,977,504
1779135377.648671,11550,977,503
1779135377.6621878,11551,977,503
1779135377.6721363,11552,977,503
1779135377.672166,11553,977,503
1779135377.680875,11554,977,502
1779135377.6946394,11555,977,502
1779135377.703336,11556,977,502
1779135377.7171009,11557,977,501
1779135377.7233436,11558,977,501
1779135377.737183,11559,977,500
1779135377.7459507,11560,977,500
1779135377.7735293,11561,977,500
1779135377.7747264,11562,977,499
1779135377.7995923,11563,977,499
1779135377.8008866,11564,977,499
1779135377.808351,11565,977,498
1779135377.8095746,11566,977,498
1779135377.8247294,11567,977,498
1779135377.832157,11568,977,498
1779135377.83221,11569,976,497
1779135377.8433592,11570,977,497
1779135377.8521106,11571,977,497
1779135377.8658905,11572,976,496
1779135377.874634,11573,976,498
1779135377.884611,11574,976,496
1779135377.8933513,11575,976,497
1779135377.9072022,11576,976,497
1779135377.9161274,11577,849,496
1779135377.9272494,11578,666,497
1779135377.935877,11579,498,496
1779135377.9496663,11580,348,496
1779135377.9583554,11581,219,496
1779135377.969665,11582,114,496
1779135377.9870894,11583,30,496
1779135377.989596,11584,0,496
1779135377.9896145,11585,0,496
1779135378.005908,11586,0,496
1779135378.014604,11587,1,496
1779135378.0233738,11588,0,496
1779135378.0370972,11589,0,496
1779135378.0433621,11590,1,496
1779135378.0773356,11591,0,496
1779135378.0785227,11592,0,496
1779135378.0797913,11593,0,496
1779135378.0859714,11594,0,496
1779135378.0971205,11595,1,496
1779135378.1059742,11596,0,495
1779135378.1197221,11597,0,496
1779135378.144708,11598,0,496
1779135378.1460466,11599,1,496
1779135378.1659434,11600,0,496
1779135378.1659675,11601,0,495
1779135378.1672385,11602,1,495
1779135378.1721208,11603,0,496
1779135378.1859636,11604,0,495
1779135378.1922047,11605,14,496
1779135378.2020946,11606,38,496
1779135378.215931,11607,58,495
1779135378.2248373,11608,76,495
1779135378.238403,11609,91,496
1779135378.244675,11610,102,495
1779135378.253408,11611,109,495
1779135378.267157,11612,114,496
1779135378.2760246,11613,116,495
1779135378.2871683,11614,116,495
1779135378.2959623,11615,112,495
1779135378.3109198,11616,109,495
1779135378.3109667,11617,105,495
1779135378.3222184,11618,103,495
1779135378.335928,11619,98,495
1779135378.342207,11620,94,495
1779135378.3559248,11621,90,496
1779135378.3621693,11622,88,496
1779135378.3761923,11623,86,496
1779135378.3846667,11624,85,496
1779135378.3935652,11625,86,496
1779135378.4047341,11626,87,496
1779135378.4134219,11627,87,496
1779135378.4272177,11628,90,497
1779135378.4359288,11629,92,498
1779135378.447182,11630,96,497
1779135378.456055,11631,106,498
1779135378.471168,11632,130,498
1779135378.471243,11633,177,499
1779135378.482183,11634,264,499
1779135378.508577,11635,398,499
1779135378.509641,11636,584,500
1779135378.5346696,11637,816,500
1779135378.5358698,11638,976,500
1779135378.5609646,11639,976,501
1779135378.56218,11640,976,502
1779135378.5672882,11641,976,502
1779135378.5684671,11642,976,503
1779135378.57599,11643,977,504
1779135378.584684,11644,977,504
1779135378.598383,11645,976,504
1779135378.604736,11646,977,504
1779135378.6184862,11647,976,504
1779135378.6334817,11648,977,504
1779135378.63353,11649,977,506
1779135378.6447136,11650,977,505
1779135378.6536074,11651,977,505
1779135378.6672583,11652,977,505
1779135378.6760283,11653,977,505
1779135378.6872869,11654,977,505
1779135378.7172525,11655,977,505
1779135378.7184231,11656,977,504
1779135378.7196727,11657,977,504
1779135378.7286956,11658,977,504
1779135378.7373073,11659,977,505
1779135378.7511704,11660,977,504
1779135378.759777,11661,977,504
1779135378.7708669,11662,977,503
1779135378.7848737,11663,977,503
1779135378.793483,11664,977,502
1779135378.793505,11665,977,502
1779135378.802146,11666,977,502
1779135378.8134463,11667,977,502
1779135378.822189,11668,977,501
1779135378.837237,11669,977,500
1779135378.8433971,11670,977,499
1779135378.8546655,11671,977,500
1779135378.8796396,11672,976,499
1779135378.8808556,11673,976,500
1779135378.899641,11674,976,499
1779135378.9009175,11675,976,499
1779135378.9058764,11676,976,499
1779135378.9197145,11677,976,499
1779135378.9259107,11678,976,499
1779135378.9383583,11679,976,498
1779135378.9535117,11680,976,498
1779135378.9535396,11681,976,498
1779135378.9623585,11682,775,497
1779135378.973528,11683,576,497
1779135378.982236,11684,395,496
1779135378.9959393,11685,238,497
1779135379.0046713,11686,108,496
1779135379.0159314,11687,6,496
1779135379.024704,11688,0,496
1779135379.0384288,11689,0,496
1779135379.0459554,11690,0,496
1779135379.0571806,11691,1,496
1779135379.0660207,11692,0,496
1779135379.0797617,11693,0,496
1779135379.088547,11694,1,496
1779135379.1047268,11695,0,495
1779135379.112279,11696,0,495
1779135379.112306,11697,1,495
1779135379.1209245,11698,0,495
1779135379.1323507,11699,0,494
1779135379.1472085,11700,0,494
1779135379.1483986,11701,1,493
1779135379.1622,11702,0,493
1779135379.1734598,11703,0,493
1779135379.1822693,11704,1,492
1779135379.1959336,11705,0,492
1779135379.2047415,11706,1,492
1779135379.2159052,11707,1,492
1779135379.2421756,11708,0,491
1779135379.2434902,11709,0,491
1779135379.2684917,11710,1,491
1779135379.2696612,11711,1,491
1779135379.2784255,11712,1,489
1779135379.2784543,11713,1,489
1779135379.27962,11714,32,488
1779135379.2959158,11715,56,488
1779135379.3046312,11716,79,488
1779135379.313393,11717,98,488
1779135379.3273005,11718,114,488
1779135379.3573046,11719,126,488
1779135379.3584597,11720,135,488
1779135379.363432,11721,138,488
1779135379.3647132,11722,139,487
1779135379.3809614,11723,135,487
1779135379.3872814,11724,131,488
1779135379.4009984,11725,125,489
1779135379.4096882,11726,121,488
1779135379.4209135,11727,120,489
1779135379.4259093,11728,123,489
1779135379.4346893,11729,139,489
1779135379.443589,11730,181,489
1779135379.454809,11731,262,489
1779135379.4635165,11732,391,489
1779135379.4735017,11733,571,490
1779135379.4872563,11734,796,491
1779135379.4983716,11735,976,492
1779135379.5072267,11736,976,490
1779135379.5209963,11737,976,491
1779135379.5297854,11738,976,491
1779135379.540989,11739,976,492
1779135379.5546665,11740,976,491
1779135379.5596344,11741,977,492
1779135379.5735524,11742,977,491
1779135379.5822809,11743,977,492
1779135379.5910544,11744,977,491
1779135379.5910692,11745,977,491
1779135379.6221948,11746,977,493
1779135379.6234374,11747,977,492
1779135379.6359177,11748,977,492
1779135379.6371856,11749,977,492
1779135379.6459906,11750,977,491
1779135379.6548584,11751,977,492
1779135379.666005,11752,977,491
1779135379.6746209,11753,977,491
1779135379.6884892,11754,977,491
1779135379.6971395,11755,977,491
1779135379.7084897,11756,977,491
1779135379.7171478,11757,977,489
1779135379.7309704,11758,977,489
1779135379.739642,11759,977,488
1779135379.7559438,11760,977,488
1779135379.755997,11761,977,487
1779135379.7646894,11762,977,487
1779135379.777183,11763,976,487
1779135379.783586,11764,976,486
1779135379.7973156,11765,977,486
1779135379.8059602,11766,976,485
1779135379.8147595,11767,977,485
1779135379.825926,11768,976,484
1779135379.8346648,11769,976,484
1779135379.8485835,11770,976,484
1779135379.8571985,11771,976,483
1779135379.8685143,11772,976,483
1779135379.8771935,11773,976,483
1779135379.8884594,11774,976,482
1779135379.90223,11775,976,482
1779135379.9034853,11776,944,483
1779135379.9135332,11777,774,482
1779135379.9222589,11778,611,481
1779135379.935932,11779,463,481
1779135379.9421809,11780,332,480
1779135379.9559424,11781,220,480
1779135379.9923124,11782,130,479
1779135379.9934971,11783,59,479
1779135380.018446,11784,7,479
1779135380.0196683,11785,1,479
1779135380.044727,11786,1,478
1779135380.045939,11787,1,478
1779135380.0534275,11788,1,477
1779135380.0547001,11789,0,478
1779135380.0559115,11790,1,478
1779135380.0571475,11791,1,477
1779135380.0773244,11792,1,477
1779135380.0773418,11793,0,477
1779135380.078455,11794,0,477
1779135380.0923016,11795,1,476
1779135380.1035142,11796,0,476
1779135380.1122594,11797,0,476
1779135380.1260643,11798,1,475
1779135380.1346612,11799,23,475
1779135380.1459303,11800,48,476
1779135380.1597054,11801,71,475
1779135380.164746,11802,95,476
1779135380.1784248,11803,113,476
1779135380.1846807,11804,127,476
1779135380.1960244,11805,139,476
1779135380.2096913,11806,146,476
1779135380.218547,11807,150,476
1779135380.2197528,11808,152,477
1779135380.234719,11809,154,477
1779135380.2435093,11810,160,478
1779135380.2574296,11811,178,478
1779135380.2634816,11812,217,479
1779135380.2722437,11813,287,479
1779135380.2859201,11814,401,480
1779135380.2972753,11815,560,480
1779135380.3035471,11816,762,480
1779135380.3173008,11817,976,480
1779135380.325969,11818,976,481
1779135380.3661058,11819,976,481
1779135380.3672163,11820,976,482
1779135380.3685288,11821,976,482
1779135380.3697007,11822,976,483
1779135380.3784873,11823,977,483
1779135380.3847551,11824,977,483
1779135380.398494,11825,977,483
1779135380.3997362,11826,977,483
1779135380.4135296,11827,977,484
1779135380.4247868,11828,977,484
1779135380.43349,11829,977,484
1779135380.4472866,11830,977,484
1779135380.4560533,11831,977,484
1779135380.4672801,11832,977,484
1779135380.4760172,11833,977,484
1779135380.4898083,11834,977,484
1779135380.4985163,11835,977,484
1779135380.508619,11836,977,484
1779135380.5222652,11837,977,483
1779135380.5285656,11838,977,483
1779135380.542212,11839,977,484
1779135380.5434542,11840,977,483
1779135380.55853,11841,977,483
1779135380.55971,11842,977,483
1779135380.5739517,11843,977,483
1779135380.584784,11844,976,483
1779135380.5935984,11845,977,482
1779135380.6085415,11846,976,481
1779135380.637277,11847,976,483
1779135380.638499,11848,976,481
1779135380.6397195,11849,976,481
1779135380.649742,11850,976,481
1779135380.6584334,11851,976,483
1779135380.6697063,11852,976,480
1779135380.6784866,11853,976,481
1779135380.6922905,11854,896,481
1779135380.7184541,11855,731,481
1779135380.7198026,11856,575,481
1779135380.744739,11857,433,480
1779135380.7459085,11858,313,480
1779135380.749674,11859,212,480
1779135380.7509425,11860,132,480
1779135380.758432,11861,71,480
1779135380.767238,11862,27,481
1779135380.776057,11863,1,480
1779135380.7872021,11864,0,480
1779135380.795986,11865,0,481
1779135380.8109848,11866,1,480
1779135380.8159647,11867,1,481
1779135380.8321974,11868,0,481
1779135380.8334515,11869,0,480
1779135380.8472998,11870,1,481
1779135380.8609507,11871,1,481
1779135380.8622022,11872,0,480
1779135380.8722057,11873,0,481
1779135380.8809757,11874,1,481
1779135380.8946872,11875,0,482
1779135380.9009595,11876,1,482
1779135380.914691,11877,0,481
1779135380.923459,11878,1,482
1779135380.9372618,11879,1,481
1779135380.9434526,11880,1,482
1779135380.9573073,11881,15,482
1779135380.9660623,11882,31,481
1779135380.9747672,11883,47,481
1779135380.986044,11884,64,482
1779135380.994724,11885,80,482
1779135381.0084834,11886,95,482
1779135381.0197797,11887,106,483
1779135381.020974,11888,117,483
1779135381.039598,11889,127,483
1779135381.0449998,11890,134,483
1779135381.0537124,11891,137,483
1779135381.094929,11892,138,484
1779135381.0960398,11893,136,484
1779135381.105992,11894,133,485
1779135381.1072426,11895,129,485
1779135381.1085374,11896,134,485
1779135381.118438,11897,156,486
1779135381.1272564,11898,209,486
1779135381.1359942,11899,308,486
1779135381.1472993,11900,460,487
1779135381.1559684,11901,663,487
1779135381.1697137,11902,909,487
1779135381.183466,11903,976,488
1779135381.1847212,11904,976,490
1779135381.1947026,11905,976,489
1779135381.2034848,11906,976,489
1779135381.212211,11907,977,491
1779135381.2235942,11908,977,490
1779135381.2347915,11909,977,489
1779135381.2435622,11910,977,490
1779135381.277196,11911,977,491
1779135381.2784224,11912,977,491
1779135381.2796974,11913,977,491
1779135381.2897332,11914,977,492
1779135381.2959814,11915,977,492
1779135381.3073115,11916,977,491
1779135381.3161047,11917,977,492
1779135381.329857,11918,977,491
1779135381.3385289,11919,977,491
1779135381.3397279,11920,977,491
1779135381.3537006,11921,977,491
1779135381.3673408,11922,977,491
1779135381.3723273,11923,977,492
1779135381.3885322,11924,977,492
1779135381.3972182,11925,977,491
1779135381.4059434,11926,977,491
1779135381.4197295,11927,977,493
1779135381.4260454,11928,977,491
1779135381.4523258,11929,977,491
1779135381.4534595,11930,977,491
1779135381.4748142,11931,977,491
1779135381.4760542,11932,977,492
1779135381.47745,11933,977,491
1779135381.4923444,11934,977,492
1779135381.5010314,11935,977,491
1779135381.5022326,11936,977,491
1779135381.5122187,11937,977,492
1779135381.5211062,11938,977,492
1779135381.534852,11939,977,491
1779135381.5435042,11940,976,492
1779135381.5521915,11941,976,492
1779135381.5622501,11942,976,492
1779135381.5760355,11943,976,492
1779135381.5848665,11944,976,492
1779135381.5935023,11945,828,492
1779135381.6072543,11946,638,492
1779135381.6161077,11947,463,492
1779135381.6272511,11948,308,492
1779135381.6360188,11949,177,492
1779135381.6497781,11950,72,492
1779135381.6585424,11951,1,492
1779135381.65979,11952,0,492
1779135381.6736014,11953,1,492
1779135381.6873214,11954,0,492
1779135381.6923077,11955,1,492
1779135381.703578,11956,0,492
1779135381.7173314,11957,0,492
1779135381.7260945,11958,1,492
1779135381.7347484,11959,1,492
1779135381.7460601,11960,1,492
1779135381.7547495,11961,0,492
1779135381.769842,11962,1,492
1779135381.7759867,11963,1,492
1779135381.787311,11964,0,492
1779135381.795988,11965,0,492
1779135381.8209975,11966,0,492
1779135381.822212,11967,1,491
1779135381.8447552,11968,1,492
1779135381.844773,11969,0,492
1779135381.845976,11970,1,491
1779135381.8597484,11971,1,492
1779135381.8609521,11972,1,492
1779135381.873464,11973,0,492
1779135381.8822255,11974,1,492
1779135381.9173093,11975,0,493
1779135381.9184709,11976,19,493
1779135381.9198346,11977,47,493
1779135381.9260619,11978,72,493
1779135381.9397361,11979,92,494
1779135381.9459872,11980,109,494
1779135381.9548175,11981,119,494
1779135381.968644,11982,126,495
1779135381.9835637,11983,133,494
1779135381.9847627,11984,150,494
1779135381.9947708,11985,188,494
1779135382.0035892,11986,267,495
1779135382.017347,11987,394,495
1779135382.0234787,11988,576,495
1779135382.0373907,11989,807,496
1779135382.043559,11990,976,496
1779135382.0572245,11991,976,496
1779135382.0635967,11992,976,496
1779135382.0773687,11993,977,496
1779135382.0847201,11994,977,496
1779135382.0985591,11995,977,497
1779135382.1048055,11996,977,497
1779135382.1185248,11997,977,497
1779135382.1273253,11998,977,499
1779135382.136009,11999,977,497
1779135382.1422815,12000,977,498
1779135382.1560361,12001,977,497
1779135382.1609774,12002,977,497
1779135382.1947556,12003,977,497
1779135382.1959703,12004,977,498
1779135382.212306,12005,977,496
1779135382.2135127,12006,977,497
1779135382.2148237,12007,977,496
1779135382.2310443,12008,977,496
1779135382.2322206,12009,977,495
1779135382.246013,12010,977,496
1779135382.2547793,12011,977,494
1779135382.266039,12012,977,494
1779135382.2748184,12013,977,494
1779135382.2860541,12014,977,495
1779135382.2997699,12015,977,493
1779135382.3160706,12016,977,493
1779135382.3161108,12017,977,492
1779135382.3247912,12018,977,492
1779135382.3335495,12019,977,492
1779135382.3448198,12020,977,492
1779135382.3536587,12021,977,492
1779135382.3673582,12022,977,491
1779135382.3761423,12023,977,491
1779135382.389756,12024,977,491
1779135382.3949578,12025,976,492
1779135382.408586,12026,977,490
1779135382.4173732,12027,977,490
1779135382.428594,12028,976,490
1779135382.4373882,12029,976,490
1779135382.4511094,12030,928,492
1779135382.45989,12031,736,491
1779135382.461085,12032,552,490
1779135382.4761603,12033,386,490
1779135382.4848533,12034,244,489
1779135382.493559,12035,126,490
1779135382.5060663,12036,35,489
1779135382.514872,12037,0,489
1779135382.528798,12038,1,489
1779135382.5610845,12039,0,490
1779135382.5622497,12040,1,489
1779135382.5874176,12041,1,490
1779135382.5885036,12042,1,490
1779135382.6110907,12043,0,490
1779135382.6123753,12044,1,490
1779135382.6136258,12045,0,489
1779135382.6148462,12046,1,490
1779135382.6235614,12047,1,490
1779135382.6398168,12048,0,489
1779135382.6410606,12049,0,490
1779135382.6410885,12050,1,490
1779135382.6547813,12051,0,490
1779135382.6610432,12052,1,490
1779135382.6747797,12053,0,491
1779135382.6835396,12054,1,490
1779135382.6924033,12055,1,490
1779135382.7036612,12056,0,490
1779135382.7135825,12057,0,491
1779135382.7273345,12058,1,490
1779135382.733561,12059,1,490
1779135382.7447944,12060,0,489
1779135382.7535694,12061,1,489
1779135382.767324,12062,1,489
1779135382.776162,12063,1,489
1779135382.7772944,12064,1,490
1779135382.7923224,12065,27,490
1779135382.8011491,12066,50,490
1779135382.8148346,12067,71,490
1779135382.8235567,12068,88,490
1779135382.8323288,12069,100,490
1779135382.8461597,12070,107,491
1779135382.8549275,12071,110,491
1779135382.8661659,12072,111,492
1779135382.8798106,12073,112,492
1779135382.8860533,12074,121,492
1779135382.9210923,12075,151,492
1779135382.9222863,12076,212,492
1779135382.9473555,12077,318,492
1779135382.948533,12078,479,493
1779135382.9522994,12079,691,493
1779135382.9548023,12080,948,494
1779135382.9548206,12081,976,494
1779135382.9648445,12082,976,494
1779135382.9735656,12083,976,494
1779135382.9848418,12084,977,496
1779135382.9936168,12085,977,495
1779135383.0074527,12086,977,495
1779135383.016043,12087,977,495
1779135383.0261736,12088,977,496
1779135383.034769,12089,977,495
1779135383.0485637,12090,977,496
1779135383.0573344,12091,977,496
1779135383.068564,12092,977,496
1779135383.0773733,12093,977,496
1779135383.0910742,12094,977,496
1779135383.0997803,12095,977,496
1779135383.1010618,12096,977,496
1779135383.1160295,12097,977,496
1779135383.124893,12098,977,496
1779135383.1336095,12099,977,496
1779135383.1449025,12100,977,496
1779135383.158759,12101,977,496
1779135383.1648953,12102,977,496
1779135383.1974487,12103,977,496
1779135383.1987305,12104,977,495
1779135383.1998203,12105,977,495
1779135383.2099595,12106,977,494
1779135383.218741,12107,977,493
1779135383.229825,12108,977,494
1779135383.241192,12109,977,494
1779135383.2497895,12110,977,493
1779135383.2637026,12111,977,493
1779135383.2637541,12112,977,492
1779135383.3074572,12113,977,492
1779135383.308515,12114,977,492
1779135383.309791,12115,977,491
1779135383.311073,12116,977,492
1779135383.317295,12117,977,491
1779135383.3313234,12118,976,491
1779135383.3323374,12119,976,491
1779135383.347467,12120,976,491
1779135383.3560998,12121,924,491
1779135383.3649385,12122,742,491
1779135383.3786445,12123,569,490
1779135383.3873827,12124,415,490
1779135383.3987136,12125,281,489
1779135383.4075127,12126,168,489
1779135383.4212396,12127,77,489
1779135383.422448,12128,8,489
1779135383.4340534,12129,0,489
1779135383.4424005,12130,1,489
1779135383.4536977,12131,1,489
1779135383.462393,12132,1,488
1779135383.478719,12133,0,489
1779135383.4798074,12134,1,489
1779135383.4937754,12135,1,488
1779135383.5079732,12136,0,488
1779135383.5139775,12137,1,488
1779135383.5273082,12138,1,488
1779135383.5361395,12139,1,488
1779135383.5448425,12140,0,488
1779135383.556098,12141,1,488
1779135383.5649035,12142,0,487
1779135383.5787923,12143,1,487
1779135383.579828,12144,1,487
1779135383.5961397,12145,0,487
1779135383.6048,12146,1,489
1779135383.613619,12147,1,489
1779135383.6277163,12148,1,489
1779135383.633603,12149,0,489
1779135383.6623871,12150,1,489
1779135383.6635904,12151,9,490
1779135383.6799278,12152,35,489
1779135383.6810195,12153,57,490
1779135383.6860754,12154,81,491
1779135383.6997879,12155,103,492
1779135383.7085485,12156,136,491
1779135383.7198944,12157,188,491
1779135383.7285464,12158,272,492
1779135383.7424057,12159,400,492
1779135383.7435853,12160,575,493
1779135383.7548833,12161,793,493
1779135383.763681,12162,976,494
1779135383.774913,12163,976,494
1779135383.7886333,12164,976,496
1779135383.7948766,12165,977,495
1779135383.8085396,12166,977,495
1779135383.8373568,12167,977,496
1779135383.8385162,12168,977,496
1779135383.8397477,12169,977,496
1779135383.8497546,12170,977,498
1779135383.858582,12171,977,496
1779135383.8673267,12172,977,497
1779135383.8786108,12173,977,497
1779135383.8873525,12174,977,497
1779135383.9011059,12175,977,498
1779135383.9022827,12176,977,497
1779135383.913627,12177,977,497
1779135383.922292,12178,977,498
1779135383.9360428,12179,977,497
1779135383.9449794,12180,977,497
1779135383.9561517,12181,977,497
1779135383.9649508,12182,977,497
1779135383.978767,12183,977,496
1779135383.9850085,12184,977,496
1779135384.0010443,12185,977,496
1779135384.032333,12186,977,496
1779135384.0335722,12187,977,496
1779135384.0473154,12188,977,496
1779135384.048544,12189,977,496
1779135384.0497973,12190,977,495
1779135384.0648904,12191,977,496
1779135384.0660803,12192,977,495
1779135384.0723615,12193,977,495
1779135384.0860305,12194,976,496
1779135384.0910587,12195,977,496
1779135384.1048684,12196,976,495
1779135384.113537,12197,976,496
1779135384.1222882,12198,908,496
1779135384.1360104,12199,736,496
1779135384.1449904,12200,575,496
1779135384.1562455,12201,428,496
1779135384.1649523,12202,299,495
1779135384.1785705,12203,190,496
1779135384.1910286,12204,103,495
1779135384.1923082,12205,35,495
1779135384.2073693,12206,0,495
1779135384.2160923,12207,0,496
1779135384.2224023,12208,1,495
1779135384.2337205,12209,0,495
1779135384.242337,12210,1,495
1779135384.2560954,12211,1,495
1779135384.2649605,12212,0,494
1779135384.2760587,12213,0,495
1779135384.2910762,12214,1,495
1779135384.2922978,12215,0,495
1779135384.3060665,12216,0,494
1779135384.317558,12217,0,495
1779135384.3262835,12218,1,495
1779135384.3399472,12219,0,494
1779135384.348664,12220,0,494
1779135384.359937,12221,0,494
1779135384.3687434,12222,0,494
1779135384.39626,12223,1,494
1779135384.4174335,12224,0,494
1779135384.4174683,12225,1,494
1779135384.4185855,12226,0,494
1779135384.4198945,12227,0,494
1779135384.4210482,12228,1,493
1779135384.4374864,12229,0,493
1779135384.4461727,12230,0,494
1779135384.4774268,12231,1,494
1779135384.4786181,12232,0,494
1779135384.4798844,12233,0,494
1779135384.4899251,12234,1,494
1779135384.4973843,12235,13,493
1779135384.5062737,12236,34,493
1779135384.5174093,12237,53,493
1779135384.5312445,12238,72,492
1779135384.5374415,12239,86,493
1779135384.5436244,12240,98,494
1779135384.5549808,12241,105,494
1779135384.5637157,12242,109,494
1779135384.5775177,12243,108,495
1779135384.5862248,12244,104,495
1779135384.5999846,12245,98,495
1779135384.6049902,12246,91,495
1779135384.6186304,12247,83,496
1779135384.6274855,12248,76,495
1779135384.6386368,12249,71,496
1779135384.6473894,12250,77,496
1779135384.6611462,12251,102,497
1779135384.6699526,12252,164,497
1779135384.6811547,12253,275,498
1779135384.695055,12254,448,498
1779135384.7049847,12255,679,499
1779135384.7136335,12256,959,499
1779135384.7136698,12257,976,500
1779135384.7250304,12258,976,499
1779135384.7337234,12259,977,500
1779135384.7636013,12260,977,500
1779135384.76494,12261,977,500
1779135384.782516,12262,977,501
1779135384.7836823,12263,977,502
1779135384.784965,12264,977,501
1779135384.7985685,12265,977,502
1779135384.807416,12266,977,501
1779135384.8160598,12267,977,500
1779135384.8298793,12268,977,501
1779135384.8385415,12269,977,500
1779135384.849862,12270,977,500
1779135384.8636575,12271,977,500
1779135384.8649583,12272,977,500
1779135384.873681,12273,977,500
1779135384.8849561,12274,977,499
1779135384.89368,12275,977,499
1779135384.907324,12276,977,499
1779135384.9160693,12277,977,499
1779135384.9249783,12278,977,499
1779135384.938585,12279,977,499
1779135384.947305,12280,977,498
1779135384.9561357,12281,977,498
1779135384.9673452,12282,977,498
1779135384.9760704,12283,977,497
1779135384.9900818,12284,977,499
1779135384.9985588,12285,977,497
1779135385.0098803,12286,977,497
1779135385.0235994,12287,977,497
1779135385.027341,12288,977,496
1779135385.0323555,12289,977,496
1779135385.043604,12290,977,496
1779135385.052334,12291,977,495
1779135385.0660956,12292,977,495
1779135385.0748754,12293,977,495
1779135385.0860722,12294,977,496
1779135385.1173837,12295,977,495
1779135385.1185675,12296,977,496
1779135385.1436982,12297,977,495
1779135385.1449578,12298,977,495
1779135385.16864,12299,977,495
1779135385.1698835,12300,976,495
1779135385.1710787,12301,976,494
1779135385.1723003,12302,932,495
1779135385.1873844,12303,719,495
1779135385.187419,12304,519,495
1779135385.188624,12305,341,494
1779135385.2023294,12306,190,494
1779135385.213589,12307,67,494
1779135385.2224004,12308,1,494
1779135385.238597,12309,0,494
1779135385.2398934,12310,0,494
1779135385.2560828,12311,0,494
1779135385.2649143,12312,0,494
1779135385.2735808,12313,0,494
1779135385.287355,12314,0,494
1779135385.2935524,12315,0,493
1779135385.3073404,12316,0,494
1779135385.3160655,12317,0,494
1779135385.324914,12318,1,493
1779135385.3361418,12319,0,493
1779135385.3423738,12320,0,492
1779135385.3511763,12321,0,493
1779135385.3650115,12322,1,494
1779135385.3710713,12323,0,492
1779135385.384899,12324,0,493
1779135385.3936052,12325,0,494
1779135385.4024565,12326,1,494
1779135385.413663,12327,0,493
1779135385.4223156,12328,1,493
1779135385.4360602,12329,0,494
1779135385.4448938,12330,0,494
1779135385.4560971,12331,1,493
1779135385.4648914,12332,1,493
1779135385.5110831,12333,0,493
1779135385.5123105,12334,12,492
1779135385.5135846,12335,32,493
1779135385.516075,12336,52,494
1779135385.5160947,12337,67,494
1779135385.5248604,12338,79,495
1779135385.5335882,12339,87,495
1779135385.544925,12340,93,495
1779135385.5535932,12341,95,495
1779135385.56753,12342,98,496
1779135385.5737863,12343,97,496
1779135385.5874536,12344,94,496
1779135385.6010711,12345,92,497
1779135385.6061978,12346,99,497
1779135385.6223702,12347,126,496
1779135385.6310909,12348,187,497
1779135385.6399531,12349,297,496
1779135385.6535912,12350,464,497
1779135385.662375,12351,688,497
1779135385.671109,12352,959,496
1779135385.671125,12353,976,496
1779135385.6849024,12354,976,496
1779135385.6935806,12355,977,496
1779135385.7048702,12356,977,495
1779135385.7135923,12357,977,496
1779135385.7273505,12358,977,495
1779135385.760027,12359,977,496
1779135385.7611132,12360,977,495
1779135385.762313,12361,977,494
1779135385.763697,12362,977,494
1779135385.7773592,12363,977,494
1779135385.7885787,12364,977,493
1779135385.7973623,12365,977,493
1779135385.8111959,12366,977,493
1779135385.8249302,12367,977,492
1779135385.826111,12368,977,492
1779135385.831107,12369,977,491
1779135385.9272008,12370,977,492
1779135385.9272544,12371,977,491
1779135385.9272637,12372,977,491
1779135385.927297,12373,977,490
1779135385.927341,12374,977,490
1779135385.9275787,12375,977,490
1779135385.9276004,12376,977,489
1779135385.9276068,12377,977,489
1779135385.9276116,12378,977,491
1779135385.9348795,12379,977,489
1779135385.9461198,12380,977,489
1779135385.9606884,12381,977,488
1779135385.9688907,12382,977,488
1779135385.9802349,12383,977,487
1779135385.9875607,12384,977,487
1779135385.9944627,12385,977,487
1779135386.0072072,12386,977,487
1779135386.0183306,12387,977,487
1779135386.0273747,12388,977,487
1779135386.0367355,12389,977,487
1779135386.059769,12390,977,487
1779135386.059865,12391,977,487
1779135386.0673811,12392,976,487
1779135386.0803626,12393,976,487
1779135386.0917754,12394,976,488
1779135386.1172533,12395,843,487
1779135386.1174595,12396,644,487
1779135386.1365116,12397,461,486
1779135386.1365502,12398,296,486
1779135386.146971,12399,156,486
1779135386.146998,12400,43,485
1779135386.166623,12401,1,486
1779135386.166976,12402,0,486
1779135386.1804764,12403,1,486
1779135386.1925392,12404,0,486
1779135386.2173743,12405,1,486
1779135386.2306697,12406,1,486
1779135386.2308626,12407,0,487
1779135386.2548277,12408,0,487
1779135386.254894,12409,0,487
1779135386.2561252,12410,0,486
1779135386.2588243,12411,0,487
1779135386.2692037,12412,0,486
1779135386.2861383,12413,0,487
1779135386.2964225,12414,1,487
1779135386.2965107,12415,1,487
1779135386.3174276,12416,0,487
1779135386.3174634,12417,0,487
1779135386.321151,12418,0,487
1779135386.3368993,12419,1,487
1779135386.341449,12420,0,488
1779135386.3549275,12421,1,487
1779135386.3639185,12422,0,487
1779135386.4026978,12423,1,488
1779135386.4027805,12424,0,487
1779135386.4060519,12425,0,487
1779135386.4060924,12426,0,487
1779135386.4199858,12427,1,487
1779135386.4250252,12428,1,487
1779135386.4418178,12429,0,487
1779135386.4496171,12430,1,487
1779135386.4597497,12431,1,487
1779135386.4624264,12432,13,488
1779135386.4762428,12433,37,487
1779135386.4812183,12434,60,487
1779135386.4949253,12435,79,487
1779135386.5036557,12436,94,488
1779135386.512426,12437,103,488
1779135386.526192,12438,111,489
1779135386.5349267,12439,116,489
1779135386.546235,12440,121,489
1779135386.5550592,12441,138,489
1779135386.5686846,12442,180,489
1779135386.6162517,12443,264,489
1779135386.6173909,12444,400,491
1779135386.6186476,12445,592,491
1779135386.6198637,12446,833,493
1779135386.6211417,12447,976,492
1779135386.6461003,12448,976,492
1779135386.6461563,12449,976,493
1779135386.646169,12450,977,492
1779135386.6531205,12451,977,492
1779135386.6642287,12452,977,493
1779135386.67334,12453,977,492
1779135386.6928518,12454,977,493
1779135386.6952815,12455,977,493
1779135386.7066903,12456,977,493
1779135386.714961,12457,977,493
1779135386.7250304,12458,977,494
1779135386.7391276,12459,977,493
1779135386.7485175,12460,977,493
1779135386.7566836,12461,977,493
1779135386.7717443,12462,977,492
1779135386.77974,12463,977,492
1779135386.7798686,12464,977,492
1779135386.7952015,12465,977,492
1779135386.8042915,12466,977,491
1779135386.8128088,12467,977,491
1779135386.826058,12468,977,492
1779135386.834335,12469,977,491
1779135386.8483016,12470,977,490
1779135386.856337,12471,977,490
1779135386.8674707,12472,977,489
1779135386.8762102,12473,977,489
1779135386.8899267,12474,977,487
1779135386.8987722,12475,977,487
1779135386.9117846,12476,977,487
1779135386.9187033,12477,977,487
1779135386.9314165,12478,977,486
1779135386.9578784,12479,977,486
1779135386.9579477,12480,977,485
1779135386.9589398,12481,977,485
1779135386.9842033,12482,977,486
1779135386.9851248,12483,977,484
1779135387.0111146,12484,976,484
1779135387.0111804,12485,976,484
1779135387.0407298,12486,976,483
1779135387.0428917,12487,976,484
1779135387.0453866,12488,873,483
1779135387.0461416,12489,689,484
1779135387.0499227,12490,517,483
1779135387.0590556,12491,361,483
1779135387.0675666,12492,227,482
1779135387.079516,12493,117,482
1779135387.0882797,12494,31,482
1779135387.100666,12495,1,482
1779135387.1124408,12496,0,482
1779135387.1124978,12497,1,482
1779135387.1211915,12498,1,481
1779135387.1349177,12499,1,481
1779135387.1424274,12500,0,482
1779135387.1588097,12501,1,481
1779135387.160164,12502,1,482
1779135387.1738846,12503,1,482
1779135387.1830971,12504,0,482
1779135387.2001913,12505,1,482
1779135387.2009158,12506,1,481
1779135387.2137897,12507,1,481
1779135387.2280383,12508,1,481
1779135387.2348483,12509,0,481
1779135387.2479272,12510,0,481
1779135387.2568817,12511,0,481
1779135387.2619772,12512,1,482
1779135387.272968,12513,1,483
1779135387.2826064,12514,1,483
1779135387.294987,12515,1,483
1779135387.303913,12516,0,483
1779135387.348871,12517,0,484
1779135387.3500926,12518,8,484
1779135387.3563752,12519,30,485
1779135387.3575158,12520,52,486
1779135387.3590539,12521,79,486
1779135387.3661742,12522,117,487
1779135387.3750582,12523,175,487
1779135387.3886855,12524,268,487
1779135387.3949142,12525,406,488
1779135387.408829,12526,594,489
1779135387.4174416,12527,825,489
1779135387.418679,12528,976,490
1779135387.4349465,12529,976,490
1779135387.4437354,12530,977,491
1779135387.452424,12531,977,492
1779135387.4624388,12532,977,492
1779135387.473782,12533,977,492
1779135387.4874752,12534,977,493
1779135387.4938364,12535,977,493
1779135387.507421,12536,977,494
1779135387.5137486,12537,977,494
1779135387.5275126,12538,977,494
1779135387.5362332,12539,977,494
1779135387.5453315,12540,977,496
1779135387.5562553,12541,977,496
1779135387.5651498,12542,977,495
1779135387.5788188,12543,977,496
1779135387.579962,12544,977,496
1779135387.5963533,12545,977,495
1779135387.6050086,12546,977,496
1779135387.6138403,12547,977,496
1779135387.6277978,12548,977,496
1779135387.6337116,12549,977,496
1779135387.647821,12550,977,496
1779135387.680029,12551,977,496
1779135387.681189,12552,977,497
1779135387.7063656,12553,977,496
1779135387.7075484,12554,977,497
1779135387.7262394,12555,977,495
1779135387.7273872,12556,977,495
1779135387.7286417,12557,977,495
1779135387.7299151,12558,977,496
1779135387.7449937,12559,977,495
1779135387.7461898,12560,977,496
1779135387.752384,12561,977,495
1779135387.7662072,12562,977,495
1779135387.7712328,12563,977,495
1779135387.7825742,12564,976,494
1779135387.7937775,12565,976,495
1779135387.8025181,12566,806,496
1779135387.8161895,12567,634,495
1779135387.8250256,12568,476,494
1779135387.8363185,12569,335,494
1779135387.8450603,12570,218,494
1779135387.8586729,12571,123,494
1779135387.8676417,12572,49,494
1779135387.8786871,12573,1,494
1779135387.887436,12574,1,494
1779135387.9016378,12575,1,493
1779135387.9028795,12576,1,494
1779135387.9139404,12577,1,494
1779135387.922386,12578,1,494
1779135387.9362195,12579,1,494
1779135387.9449751,12580,0,494
1779135387.9562838,12581,0,494
1779135387.9650216,12582,1,494
1779135387.9786975,12583,0,495
1779135387.9875536,12584,1,494
1779135387.997482,12585,1,495
1779135388.0063076,12586,1,495
1779135388.0198996,12587,1,495
1779135388.0286417,12588,0,495
1779135388.039986,12589,1,494
1779135388.0775585,12590,0,495
1779135388.078769,12591,1,495
1779135388.088732,12592,0,495
1779135388.0887463,12593,0,495
1779135388.0899231,12594,0,494
1779135388.091242,12595,1,494
1779135388.1024985,12596,1,494
1779135388.1137388,12597,1,494
1779135388.1225023,12598,0,494
1779135388.1362612,12599,1,494
1779135388.1450074,12600,1,495
1779135388.1562893,12601,1,495
1779135388.1649237,12602,28,496
1779135388.1787238,12603,47,495
1779135388.1874328,12604,64,496
1779135388.199903,12605,75,496
1779135388.208751,12606,84,497
1779135388.2225246,12607,89,497
1779135388.2237287,12608,93,497
1779135388.234987,12609,102,498
1779135388.2436795,12610,126,499
1779135388.2574513,12611,179,499
1779135388.266189,12612,274,499
1779135388.2774172,12613,424,500
1779135388.2861416,12614,635,501
1779135388.3211753,12615,897,502
1779135388.3224387,12616,976,503
1779135388.3236706,12617,976,503
1779135388.3286467,12618,977,504
1779135388.342529,12619,977,505
1779135388.3474662,12620,977,506
1779135388.3637493,12621,977,507
1779135388.3649848,12622,977,508
1779135388.3787093,12623,977,508
1779135388.379935,12624,977,510
1779135388.3961916,12625,977,511
1779135388.406224,12626,977,511
1779135388.450022,12627,977,512
1779135388.451228,12628,977,513
1779135388.4549208,12629,977,513
1779135388.456289,12630,977,514
1779135388.4575121,12631,977,515
1779135388.4713302,12632,977,515
1779135388.4725387,12633,977,515
1779135388.4874666,12634,977,517
1779135388.496195,12635,977,516
1779135388.512457,12636,977,516
1779135388.5137227,12637,977,517
1779135388.5287068,12638,977,516
1779135388.5424755,12639,977,517
1779135388.5436938,12640,977,516
1779135388.5549426,12641,977,517
1779135388.5686502,12642,977,515
1779135388.5750263,12643,977,515
1779135388.5886967,12644,977,514
1779135388.5950434,12645,977,513
1779135388.6087587,12646,977,512
1779135388.6164079,12647,977,513
1779135388.6299527,12648,977,512
1779135388.6363328,12649,977,511
1779135388.649949,12650,977,510
1779135388.6587014,12651,977,510
1779135388.667513,12652,977,509
1779135388.6786869,12653,977,508
1779135388.6875463,12654,977,508
1779135388.7012265,12655,977,507
1779135388.7024503,12656,977,506
1779135388.7137055,12657,976,506
1779135388.7224526,12658,976,505
1779135388.7377827,12659,976,505
1779135388.7437062,12660,800,505
1779135388.7550142,12661,602,504
1779135388.7686744,12662,422,504
1779135388.7737138,12663,264,502
1779135388.7987216,12664,131,502
1779135388.8000135,12665,22,502
1779135388.8250296,12666,1,501
1779135388.8261793,12667,0,501
1779135388.851221,12668,0,501
1779135388.85247,12669,0,500
1779135388.8536735,12670,1,499
1779135388.8551977,12671,1,500
1779135388.871225,12672,0,500
1779135388.8712635,12673,0,499
1779135388.8862007,12674,1,498
1779135388.8912141,12675,1,498
1779135388.905633,12676,0,498
1779135388.9136693,12677,1,497
1779135388.92246,12678,1,498
1779135388.9474936,12679,1,498
1779135388.9487154,12680,0,497
1779135388.9649994,12681,0,497
1779135388.9662561,12682,0,497
1779135388.9799423,12683,0,496
1779135388.9849567,12684,0,495
1779135388.9966202,12685,1,496
1779135389.0101218,12686,0,496
1779135389.0165627,12687,0,496
1779135389.0224664,12688,1,496
1779135389.0363154,12689,1,496
1779135389.0412343,12690,1,497
1779135389.054972,12691,1,497
1779135389.06379,12692,0,497
1779135389.0750396,12693,3,497
1779135389.0837688,12694,31,498
1779135389.0975485,12695,52,497
1779135389.1063592,12696,75,499
1779135389.1175508,12697,101,498
1779135389.1262703,12698,141,498
1779135389.14005,12699,205,499
1779135389.1650903,12700,310,499
1779135389.1663113,12701,469,499
1779135389.1913128,12702,681,499
1779135389.1925488,12703,941,499
1779135389.217526,12704,976,498
1779135389.218705,12705,977,498
1779135389.222449,12706,977,499
1779135389.2236667,12707,977,498
1779135389.2249484,12708,977,498
1779135389.2412324,12709,977,499
1779135389.2450309,12710,977,500
1779135389.254087,12711,977,499
1779135389.2675517,12712,977,499
1779135389.2737138,12713,977,499
1779135389.2874486,12714,977,499
1779135389.2963333,12715,977,499
1779135389.3049612,12716,977,499
1779135389.31626,12717,977,498
1779135389.3299923,12718,977,498
1779135389.3363566,12719,977,498
1779135389.3415654,12720,977,499
1779135389.3525836,12721,977,498
1779135389.3612761,12722,977,499
1779135389.3750677,12723,977,497
1779135389.3854167,12724,977,496
1779135389.395015,12725,977,496
1779135389.4039645,12726,977,496
1779135389.4175231,12727,977,496
1779135389.4263153,12728,977,496
1779135389.4375498,12729,977,495
1779135389.4462473,12730,977,495
1779135389.4566655,12731,977,495
1779135389.4700449,12732,977,496
1779135389.4787495,12733,977,494
1779135389.4875414,12734,977,494
1779135389.5012462,12735,977,493
1779135389.502429,12736,977,494
1779135389.513793,12737,977,493
1779135389.555027,12738,977,493
1779135389.5562525,12739,977,492
1779135389.5599957,12740,977,493
1779135389.5612175,12741,977,492
1779135389.5624661,12742,977,492
1779135389.5976343,12743,976,492
1779135389.5987458,12744,858,492
1779135389.5999937,12745,671,492
1779135389.604977,12746,497,492
1779135389.6187098,12747,339,492
1779135389.6275315,12748,203,492
1779135389.6387293,12749,94,492
1779135389.6474693,12750,8,492
1779135389.6600394,12751,1,491
1779135389.6612437,12752,0,492
1779135389.6725225,12753,1,492
1779135389.6812334,12754,0,492
1779135389.695071,12755,0,492
1779135389.7039793,12756,0,492
1779135389.7149937,12757,0,492
1779135389.7288063,12758,1,491
1779135389.7339485,12759,0,492
1779135389.7475164,12760,0,491
1779135389.753729,12761,0,491
1779135389.766597,12762,0,492
1779135389.7801235,12763,1,491
1779135389.784979,12764,1,491
1779135389.796257,12765,0,491
1779135389.8100462,12766,1,491
1779135389.816311,12767,1,491
1779135389.8224611,12768,0,490
1779135389.8337111,12769,0,490
1779135389.8424928,12770,1,489
1779135389.8562882,12771,1,488
1779135389.8649523,12772,1,489
1779135389.8749864,12773,1,488
1779135389.911248,12774,0,489
1779135389.9124436,12775,1,489
1779135389.927561,12776,1,489
1779135389.928728,12777,0,489
1779135389.929963,12778,1,489
1779135389.9399827,12779,6,489
1779135389.9488845,12780,27,491
1779135389.9599934,12781,47,490
1779135389.9689121,12782,65,491
1779135389.9817686,12783,86,491
1779135389.9824414,12784,116,491
1779135389.993759,12785,172,491
1779135390.002505,12786,267,492
1779135390.016232,12787,409,492
1779135390.024985,12788,608,493
1779135390.0362315,12789,857,493
1779135390.0450075,12790,976,493
1779135390.0587838,12791,977,494
1779135390.0674632,12792,977,495
1779135390.078774,12793,977,494
1779135390.0877209,12794,977,494
1779135390.1012347,12795,977,495
1779135390.1100347,12796,977,495
1779135390.121228,12797,977,496
1779135390.130036,12798,977,495
1779135390.143936,12799,977,496
1779135390.1439543,12800,977,496
1779135390.1525035,12801,977,495
1779135390.1644413,12802,977,495
1779135390.177446,12803,977,495
1779135390.1837718,12804,977,496
1779135390.193756,12805,977,494
1779135390.2050564,12806,977,494
1779135390.2375896,12807,977,494
1779135390.2387333,12808,977,494
1779135390.24008,12809,977,494
1779135390.246335,12810,977,494
1779135390.2725024,12811,977,495
1779135390.273729,12812,977,493
1779135390.298822,12813,977,492
1779135390.2999685,12814,977,492
1779135390.323755,12815,977,491
1779135390.3250008,12816,977,491
1779135390.3262515,12817,977,490
1779135390.3275702,12818,977,490
1779135390.3425336,12819,977,489
1779135390.343804,12820,977,489
1779135390.3525534,12821,977,488
1779135390.3638558,12822,977,488
1779135390.377546,12823,977,488
1779135390.3837688,12824,977,487
1779135390.3950257,12825,977,487
1779135390.4064298,12826,977,487
1779135390.4150596,12827,977,487
1779135390.4288018,12828,976,487
1779135390.4376082,12829,868,487
1779135390.448769,12830,695,487
1779135390.462531,12831,533,486
1779135390.4637208,12832,386,485
1779135390.4725533,12833,258,485
1779135390.4840128,12834,153,485
1779135390.4924982,12835,68,484
1779135390.5050337,12836,4,485
1779135390.5138,12837,1,484
1779135390.5250258,12838,0,483
1779135390.533855,12839,1,484
1779135390.5475955,12840,0,484
1779135390.5563297,12841,1,484
1779135390.5675514,12842,0,484
1779135390.5813239,12843,0,484
1779135390.586315,12844,0,484
1779135390.5975883,12845,0,484
1779135390.6088536,12846,1,484
1779135390.635062,12847,0,484
1779135390.6362808,12848,0,484
1779135390.662627,12849,0,483
1779135390.6638021,12850,1,483
1779135390.6649947,12851,1,482
1779135390.6662533,12852,0,483
1779135390.6800592,12853,0,483
1779135390.681281,12854,1,483
1779135390.6962695,12855,1,483
1779135390.7037773,12856,0,483
1779135390.7176473,12857,0,484
1779135390.7238433,12858,1,484
1779135390.737585,12859,1,484
1779135390.7463562,12860,1,485
1779135390.755071,12861,18,485
1779135390.7662785,12862,40,486
1779135390.7750545,12863,62,486
1779135390.7812648,12864,91,486
1779135390.7949862,12865,142,487
1779135390.8012927,12866,230,487
1779135390.8138242,12867,366,487
1779135390.8225877,12868,557,487
1779135390.836377,12869,796,488
1779135390.8425367,12870,976,488
1779135390.8775272,12871,977,489
1779135390.8787487,12872,977,489
1779135390.879992,12873,977,489
1779135390.8862827,12874,977,489
1779135390.8950558,12875,977,489
1779135390.9125493,12876,977,490
1779135390.9137428,12877,977,490
1779135390.930029,12878,977,490
1779135390.9387915,12879,977,491
1779135390.9400046,12880,977,491
1779135390.953807,12881,977,492
1779135390.965016,12882,977,492
1779135390.9738083,12883,977,492
1779135391.0101185,12884,977,492
1779135391.0112698,12885,977,492
1779135391.0300221,12886,977,492
1779135391.0312612,12887,977,491
1779135391.0324824,12888,977,492
1779135391.0337403,12889,977,491
1779135391.050042,12890,977,492
1779135391.058871,12891,977,492
1779135391.0675268,12892,977,492
1779135391.081287,12893,977,492
1779135391.0875754,12894,977,493
1779135391.1013074,12895,977,492
1779135391.1025538,12896,977,492
1779135391.1115508,12897,977,492
1779135391.1225414,12898,977,492
1779135391.1363509,12899,977,492
1779135391.1425362,12900,977,492
1779135391.1564114,12901,977,493
1779135391.1625826,12902,977,492
1779135391.1765962,12903,977,492
1779135391.1851091,12904,977,493
1779135391.19381,12905,977,492
1779135391.2050717,12906,977,492
1779135391.2138484,12907,828,492
1779135391.2312791,12908,652,492
1779135391.2324672,12909,493,492
1779135391.2487895,12910,352,492
1779135391.2575397,12911,234,491
1779135391.258739,12912,137,491
1779135391.272627,12913,62,491
1779135391.2837877,12914,5,492
1779135391.2926266,12915,0,491
1779135391.3063874,12916,0,492
1779135391.3150904,12917,1,492
1779135391.3265955,12918,1,492
1779135391.3350954,12919,0,492
1779135391.3487773,12920,0,492
1779135391.3914518,12921,0,492
1779135391.3925798,12922,1,492
1779135391.393846,12923,1,491
1779135391.3950813,12924,0,492
1779135391.3962731,12925,1,492
1779135391.412619,12926,0,492
1779135391.4138448,12927,0,492
1779135391.4387898,12928,0,492
1779135391.4388132,12929,0,492
1779135391.440075,12930,1,492
1779135391.4551117,12931,1,492
1779135391.4640138,12932,0,493
1779135391.4726486,12933,0,492
1779135391.483831,12934,0,493
1779135391.5175905,12935,0,493
1779135391.5187995,12936,1,492
1779135391.5200722,12937,1,492
1779135391.526407,12938,1,493
1779135391.5351484,12939,1,492
1779135391.545082,12940,0,492
1779135391.5588002,12941,0,492
1779135391.5651796,12942,0,492
1779135391.578882,12943,1,491
1779135391.5801349,12944,0,493
1779135391.5940444,12945,0,492
1779135391.605144,12946,9,493
1779135391.6138892,12947,30,492
1779135391.627698,12948,48,493
1779135391.6364064,12949,64,494
1779135391.647524,12950,73,493
1779135391.6564066,12951,79,494
1779135391.6700768,12952,80,495
1779135391.6789222,12953,84,495
1779135391.6900795,12954,99,495
1779135391.6988754,12955,138,496
1779135391.712659,12956,215,496
1779135391.7464223,12957,348,496
1779135391.7476382,12958,544,497
1779135391.7701106,12959,800,499
1779135391.7701502,12960,976,498
1779135391.7713196,12961,976,497
1779135391.772626,12962,977,498
1779135391.7742171,12963,977,499
1779135391.788863,12964,977,499
1779135391.7900622,12965,977,500
1779135391.8039055,12966,977,502
1779135391.8150272,12967,977,500
1779135391.8238106,12968,977,500
1779135391.837591,12969,977,500
1779135391.8463912,12970,977,500
1779135391.856316,12971,977,501
1779135391.8650763,12972,977,503
1779135391.8789668,12973,977,502
1779135391.8875642,12974,977,503
1779135391.8987932,12975,977,502
1779135391.9038336,12976,977,502
1779135391.9125254,12977,977,501
1779135391.9263785,12978,977,502
1779135391.932546,12979,977,502
1779135391.9462998,12980,977,502
1779135391.9550822,12981,977,502
1779135391.963893,12982,977,503
1779135391.9750676,12983,977,502
1779135391.983887,12984,977,502
1779135391.9975617,12985,977,502
1779135392.0063462,12986,977,502
1779135392.0175655,12987,977,502
1779135392.0263488,12988,977,502
1779135392.0401378,12989,977,501
1779135392.0488408,12990,977,501
1779135392.0600874,12991,977,502
1779135392.0663912,12992,977,500
1779135392.071357,12993,977,500
1779135392.085096,12994,977,501
1779135392.110051,12995,977,500
1779135392.1112797,12996,977,501
1779135392.1300466,12997,977,500
1779135392.1312659,12998,977,500
1779135392.1576872,12999,977,500
1779135392.15888,13000,977,500
1779135392.1601398,13001,977,500
1779135392.1689749,13002,976,500
1779135392.175204,13003,888,500
1779135392.188882,13004,683,500
1779135392.1951518,13005,495,500
1779135392.2089322,13006,325,499
1779135392.215109,13007,180,499
1779135392.2238038,13008,61,499
1779135392.232528,13009,0,499
1779135392.2463353,13010,0,499
1779135392.2525373,13011,1,499
1779135392.2689123,13012,0,499
1779135392.2700708,13013,1,499
1779135392.2838743,13014,0,499
1779135392.2951186,13015,0,499
1779135392.3038201,13016,1,499
1779135392.3176153,13017,0,499
1779135392.3263683,13018,0,499
1779135392.3376687,13019,1,499
1779135392.3463511,13020,0,499
1779135392.3601446,13021,0,499
1779135392.3688366,13022,1,499
1779135392.3789308,13023,0,498
1779135392.3844762,13024,0,498
1779135392.392716,13025,0,499
1779135392.4013376,13026,0,499
1779135392.4176846,13027,0,498
1779135392.418883,13028,0,499
1779135392.43259,13029,0,499
1779135392.4463446,13030,0,499
1779135392.4526753,13031,1,498
1779135392.4775686,13032,0,497
1779135392.478862,13033,1,497
1779135392.501372,13034,1,497
1779135392.5026171,13035,0,498
1779135392.504095,13036,1,499
1779135392.518823,13037,0,499
1779135392.525113,13038,0,499
1779135392.5363765,13039,1,499
1779135392.5451329,13040,0,499
1779135392.553944,13041,1,499
1779135392.5626364,13042,1,499
1779135392.5739684,13043,1,500
1779135392.5851624,13044,0,499
1779135392.5990999,13045,1,500
1779135392.6039503,13046,1,500
1779135392.615121,13047,58,500
1779135392.6289198,13048,171,500
1779135392.6351004,13049,344,500
1779135392.6489084,13050,577,500
1779135392.6550937,13051,863,501
1779135392.668886,13052,976,501
1779135392.6776533,13053,977,501
1779135392.6863866,13054,977,501
1779135392.697599,13055,977,502
1779135392.7064064,13056,977,501
1779135392.7113333,13057,977,500
1779135392.7251294,13058,977,501
1779135392.731357,13059,977,500
1779135392.7451649,13060,977,499
1779135392.7540057,13061,977,499
1779135392.76272,13062,977,499
1779135392.805219,13063,977,499
1779135392.806418,13064,977,499
1779135392.8076513,13065,977,498
1779135392.8089623,13066,977,497
1779135392.8151114,13067,977,497
1779135392.8414154,13068,977,498
1779135392.8426018,13069,977,496
1779135392.867663,13070,977,496
1779135392.868887,13071,977,495
1779135392.891359,13072,977,496
1779135392.8926551,13073,977,494
1779135392.8939807,13074,977,494
1779135392.8950965,13075,977,494
1779135392.9101324,13076,977,494
1779135392.9113913,13077,977,492
1779135392.9252362,13078,977,492
1779135392.9364827,13079,977,492
1779135392.9452014,13080,977,491
1779135392.9589417,13081,977,491
1779135392.9676435,13082,977,491
1779135392.9789834,13083,977,490
1779135392.9876647,13084,977,489
1779135393.0014126,13085,977,490
1779135393.01015,13086,977,489
1779135393.0213509,13087,977,490
1779135393.0351856,13088,977,489
1779135393.0352,13089,977,488
1779135393.0439913,13090,977,489
1779135393.0550587,13091,977,488
1779135393.0638945,13092,944,489
1779135393.0775564,13093,749,488
1779135393.0876002,13094,562,488
1779135393.0938857,13095,392,488
1779135393.1076636,13096,244,488
1779135393.1163185,13097,121,487
1779135393.130117,13098,23,487
1779135393.1364055,13099,1,487
1779135393.150052,13100,0,487
1779135393.1639645,13101,1,487
1779135393.1688986,13102,0,487
1779135393.18506,13103,0,487
1779135393.186351,13104,0,487
1779135393.2113898,13105,0,487
1779135393.212699,13106,0,487
1779135393.237696,13107,1,487
1779135393.2389297,13108,0,487
1779135393.2614503,13109,0,487
1779135393.2625747,13110,1,487
1779135393.2639914,13111,0,487
1779135393.2651687,13112,0,487
1779135393.2802289,13113,0,487
1779135393.285173,13114,0,487
1779135393.3000789,13115,0,487
1779135393.305217,13116,0,486
1779135393.3189433,13117,0,486
1779135393.3277879,13118,0,486
1779135393.3389218,13119,1,487
1779135393.3439524,13120,0,487
1779135393.3526492,13121,0,486
1779135393.3666284,13122,0,486
1779135393.3726182,13123,1,485
1779135393.3863997,13124,1,485
1779135393.395066,13125,0,485
1779135393.4050956,13126,0,485
1779135393.4375877,13127,1,485
1779135393.4388802,13128,0,485
1779135393.440109,13129,0,486
1779135393.448923,13130,1,486
1779135393.4601111,13131,1,485
1779135393.4688816,13132,0,486
1779135393.482931,13133,1,486
1779135393.491345,13134,1,486
1779135393.5039823,13135,1,486
1779135393.5048628,13136,1,487
1779135393.51774,13137,28,487
1779135393.5226128,13138,63,487
1779135393.5366867,13139,126,487
1779135393.5439007,13140,233,487
1779135393.5691082,13141,396,488
1779135393.570081,13142,617,489
1779135393.5951223,13143,888,489
1779135393.5963333,13144,976,490
1779135393.6113632,13145,977,490
1779135393.6126158,13146,977,491
1779135393.6138837,13147,977,490
1779135393.6301668,13148,977,491
1779135393.6393218,13149,977,491
1779135393.6477547,13150,977,491
1779135393.6613562,13151,977,492
1779135393.6626182,13152,977,493
1779135393.672589,13153,977,492
1779135393.681373,13154,977,492
1779135393.6951475,13155,977,492
1779135393.7014184,13156,977,492
1779135393.7113528,13157,977,492
1779135393.7252223,13158,977,491
1779135393.7339165,13159,977,491
1779135393.7452383,13160,977,492
1779135393.7590022,13161,977,492
1779135393.7651727,13162,977,491
1779135393.7789552,13163,977,491
1779135393.7852108,13164,977,490
1779135393.7989638,13165,977,489
1779135393.8076255,13166,977,489
1779135393.816389,13167,977,488
1779135393.8226457,13168,977,488
1779135393.831359,13169,977,488
1779135393.8451998,13170,977,487
1779135393.853959,13171,977,488
1779135393.8653069,13172,977,486
1779135393.8740585,13173,977,486
1779135393.887667,13174,977,485
1779135393.8964458,13175,977,484
1779135393.9101126,13176,977,484
1779135393.9151294,13177,977,484
1779135393.9415104,13178,977,485
1779135393.9426496,13179,977,483
1779135393.9676938,13180,977,483
1779135393.9689646,13181,977,483
1779135393.9940221,13182,977,484
1779135393.9952078,13183,976,483
1779135393.9989243,13184,908,483
1779135394.000086,13185,727,483
1779135394.0013604,13186,555,482
1779135394.0142138,13187,399,482
1779135394.0251205,13188,260,481
1779135394.0339916,13189,145,481
1779135394.047622,13190,51,480
1779135394.0726643,13191,1,481
1779135394.0739503,13192,0,481
1779135394.0851777,13193,0,480
1779135394.086399,13194,1,481
1779135394.1001792,13195,0,481
1779135394.1064909,13196,0,481
1779135394.1201293,13197,1,481
1779135394.128954,13198,0,482
1779135394.142765,13199,1,480
1779135394.1439984,13200,1,481
1779135394.1540473,13201,0,481
1779135394.1677325,13202,1,480
1779135394.1727955,13203,1,481
1779135394.184001,13204,0,480
1779135394.1976242,13205,0,480
1779135394.2063808,13206,0,480
1779135394.2152162,13207,1,479
1779135394.2263331,13208,0,480
1779135394.235136,13209,1,479
1779135394.249009,13210,0,480
1779135394.2576349,13211,1,480
1779135394.2688951,13212,1,479
1779135394.277646,13213,1,480
1779135394.291531,13214,1,480
1779135394.3163395,13215,1,481
1779135394.3175814,13216,0,482
1779135394.3427024,13217,0,482
1779135394.3440013,13218,1,483
1779135394.366409,13219,26,483
1779135394.3676019,13220,82,484
1779135394.3688767,13221,169,484
1779135394.3701353,13222,303,485
1779135394.3763716,13223,492,485
1779135394.3877506,13224,729,486
1779135394.3939164,13225,976,486
1779135394.4077353,13226,976,486
1779135394.416746,13227,977,487
1779135394.4288638,13228,977,487
1779135394.437632,13229,977,487
1779135394.446363,13230,977,488
1779135394.460124,13231,977,488
1779135394.4613402,13232,977,489
1779135394.4763417,13233,977,491
1779135394.4851534,13234,977,489
1779135394.49391,13235,977,489
1779135394.5051181,13236,977,490
1779135394.5189238,13237,977,490
1779135394.5251112,13238,977,491
1779135394.5363827,13239,977,492
1779135394.5476358,13240,977,491
1779135394.556396,13241,977,491
1779135394.5701244,13242,977,491
1779135394.5788949,13243,977,491
1779135394.5902255,13244,977,491
1779135394.5992556,13245,977,491
1779135394.612622,13246,977,491
1779135394.6213477,13247,977,491
1779135394.6226287,13248,977,492
1779135394.632667,13249,977,493
1779135394.641376,13250,977,492
1779135394.655137,13251,977,492
1779135394.6851444,13252,977,492
1779135394.686346,13253,977,491
1779135394.71775,13254,977,491
1779135394.718913,13255,977,491
1779135394.7440615,13256,977,491
1779135394.7451441,13257,977,491
1779135394.7701085,13258,977,491
1779135394.7714493,13259,977,492
1779135394.7776988,13260,976,491
1779135394.7789233,13261,943,491
1779135394.78009,13262,763,491
1779135394.7814476,13263,595,491
1779135394.7825994,13264,444,490
1779135394.7976878,13265,315,490
1779135394.7988496,13266,206,490
1779135394.8126664,13267,119,490
1779135394.8239086,13268,50,490
1779135394.8325794,13269,2,490
1779135394.8476264,13270,1,490
1779135394.8526826,13271,1,491
1779135394.8690038,13272,1,491
1779135394.870147,13273,1,491
1779135394.883922,13274,1,491
1779135394.8977034,13275,1,491
1779135394.903954,13276,0,491
1779135394.9176915,13277,1,491
1779135394.9264352,13278,0,491
1779135394.9352145,13279,1,491
1779135394.9414237,13280,1,492
1779135394.9514287,13281,0,492
1779135394.9651735,13282,1,492
1779135394.9738925,13283,1,492
1779135394.9851363,13284,0,492
1779135394.9939573,13285,0,491
1779135395.0078483,13286,1,492
1779135395.0165694,13287,0,492
1779135395.0540168,13288,1,492
1779135395.0552874,13289,1,492
1779135395.0802376,13290,1,492
1779135395.0813658,13291,0,492
1779135395.0864205,13292,1,492
1779135395.0876968,13293,0,492
1779135395.0890346,13294,0,492
1779135395.102759,13295,0,492
1779135395.1039848,13296,1,493
1779135395.1139956,13297,1,494
1779135395.1227014,13298,1,492
1779135395.1364853,13299,1,494
1779135395.14276,13300,1,494
1779135395.156376,13301,1,494
1779135395.1652377,13302,0,495
1779135395.1788986,13303,1,495
1779135395.1852174,13304,1,496
1779135395.1988785,13305,20,496
1779135395.2077453,13306,60,497
1779135395.2213778,13307,132,497
1779135395.2276146,13308,249,496
1779135395.2363408,13309,427,498
1779135395.2501073,13310,664,499
1779135395.2626598,13311,954,499
1779135395.2638772,13312,976,499
1779135395.2739744,13313,977,499
1779135395.2826736,13314,977,500
1779135395.2964895,13315,977,501
1779135395.3027139,13316,977,502
1779135395.3164442,13317,977,501
1779135395.3253183,13318,977,502
1779135395.3578522,13319,977,502
1779135395.3589215,13320,977,504
1779135395.3601813,13321,977,503
1779135395.3690097,13322,977,503
1779135395.3777025,13323,977,504
1779135395.3889842,13324,977,504
1779135395.4202847,13325,977,504
1779135395.4214284,13326,977,503
1779135395.4402614,13327,977,503
1779135395.4413927,13328,977,503
1779135395.4426694,13329,977,504
1779135395.443899,13330,977,503
1779135395.4577963,13331,977,504
1779135395.4639094,13332,977,503
1779135395.4727907,13333,977,503
1779135395.4864697,13334,977,503
1779135395.4952245,13335,977,502
1779135395.5065935,13336,977,502
1779135395.5153472,13337,977,502
1779135395.528983,13338,977,502
1779135395.5755315,13339,977,502
1779135395.575587,13340,977,501
1779135395.575633,13341,977,501
1779135395.5756562,13342,977,501
1779135395.5790484,13343,977,502
1779135395.5801413,13344,977,501
1779135395.5952532,13345,977,500
1779135395.6040142,13346,977,501
1779135395.6127222,13347,977,501
1779135395.623944,13348,977,501
1779135395.6326864,13349,977,501
1779135395.6464312,13350,977,503
1779135395.6551738,13351,977,502
1779135395.6663895,13352,976,502
1779135395.6757302,13353,976,502
1779135395.6863887,13354,870,502
1779135395.695204,13355,670,502
1779135395.7115157,13356,483,502
1779135395.7127326,13357,316,502
1779135395.7264,13358,173,501
1779135395.7402177,13359,56,501
1779135395.7413952,13360,1,501
1779135395.7563734,13361,1,502
1779135395.7838624,13362,0,502
1779135395.8088772,13363,1,501
1779135395.8104274,13364,0,501
1779135395.8139253,13365,1,501
1779135395.8151574,13366,0,501
1779135395.817419,13367,1,501
1779135395.8326607,13368,1,501
1779135395.833914,13369,1,501
1779135395.8476593,13370,1,500
1779135395.8564491,13371,1,500
1779135395.8677354,13372,0,500
1779135395.8764029,13373,1,499
1779135395.8902082,13374,1,500
1779135395.8964598,13375,1,500
1779135395.9026344,13376,1,499
1779135395.916444,13377,1,500
1779135395.9226444,13378,1,499
1779135395.931417,13379,1,498
1779135395.9476864,13380,1,499
1779135395.9488976,13381,0,498
1779135395.9627175,13382,1,499
1779135396.0004954,13383,1,499
1779135396.0014045,13384,1,499
1779135396.0026636,13385,1,499
1779135396.0039086,13386,0,499
1779135396.0177505,13387,1,499
1779135396.0240371,13388,1,499
1779135396.037766,13389,1,500
1779135396.0464232,13390,1,500
1779135396.0603497,13391,1,499
1779135396.0614614,13392,0,500
1779135396.0764306,13393,1,501
1779135396.085132,13394,1,501
1779135396.0939248,13395,92,501
1779135396.1051672,13396,251,501
1779135396.1139119,13397,472,501
1779135396.127671,13398,751,502
1779135396.1528542,13399,976,502
1779135396.1538854,13400,977,504
1779135396.178959,13401,977,503
1779135396.180207,13402,977,503
1779135396.1927497,13403,977,503
1779135396.193911,13404,977,504
1779135396.1953,13405,977,504
1779135396.2102356,13406,977,504
1779135396.2189646,13407,977,504
1779135396.220149,13408,977,504
1779135396.2351947,13409,977,504
1779135396.2439272,13410,977,505
1779135396.252716,13411,977,505
1779135396.263925,13412,977,506
1779135396.277725,13413,977,505
1779135396.283939,13414,977,505
1779135396.2976916,13415,977,505
1779135396.3039346,13416,977,505
1779135396.3202424,13417,977,506
1779135396.3214164,13418,977,504
1779135396.3364549,13419,977,506
1779135396.347728,13420,977,504
1779135396.3565004,13421,977,504
1779135396.3702495,13422,977,504
1779135396.3789706,13423,977,504
1779135396.3801668,13424,977,503
1779135396.3953063,13425,977,503
1779135396.4045951,13426,977,502
1779135396.4126954,13427,977,502
1779135396.4241674,13428,977,503
1779135396.4327035,13429,977,501
1779135396.446502,13430,977,500
1779135396.4552557,13431,977,500
1779135396.4664984,13432,977,500
1779135396.480217,13433,977,499
1779135396.4851952,13434,977,500
1779135396.5127742,13435,977,499
1779135396.5139496,13436,977,498
1779135396.5389907,13437,976,498
1779135396.5402133,13438,977,498
1779135396.5502276,13439,976,497
1779135396.5514503,13440,839,497
1779135396.55266,13441,646,497
1779135396.5677404,13442,466,496
1779135396.5729868,13443,306,496
1779135396.5839841,13444,169,495
1779135396.5927925,13445,59,495
1779135396.6064837,13446,1,494
1779135396.64156,13447,1,494
1779135396.6427624,13448,1,494
1779135396.6439204,13449,0,493
1779135396.64522,13450,0,493
1779135396.6590643,13451,1,493
1779135396.665221,13452,1,492
1779135396.679049,13453,0,491
1779135396.6877728,13454,1,492
1779135396.6965234,13455,1,492
1779135396.7027876,13456,1,491
1779135396.711513,13457,0,491
1779135396.7252734,13458,1,491
1779135396.7327554,13459,0,489
1779135396.7440202,13460,1,490
1779135396.7527142,13461,1,490
1779135396.7664924,13462,1,490
1779135396.775244,13463,1,489
1779135396.7864714,13464,0,490
1779135396.7951798,13465,1,489
1779135396.808985,13466,1,487
1779135396.8177087,13467,1,488
1779135396.8289397,13468,1,487
1779135396.8377483,13469,0,488
1779135396.8515534,13470,1,487
1779135396.8601894,13471,1,488
1779135396.8614714,13472,1,488
1779135396.890216,13473,1,488
1779135396.8914263,13474,1,488
1779135396.9165683,13475,1,488
1779135396.9177556,13476,1,488
1779135396.9389622,13477,0,489
1779135396.9402604,13478,1,489
1779135396.9441066,13479,1,490
1779135396.9453154,13480,1,490
1779135396.9602025,13481,1,490
1779135396.9615138,13482,1,491
1779135396.9752266,13483,106,491
1779135396.9864552,13484,257,491
1779135396.9952567,13485,470,492
1779135397.008954,13486,737,492
1779135397.017658,13487,976,492
1779135397.0189204,13488,976,494
1779135397.0339353,13489,977,494
1779135397.0427926,13490,977,494
1779135397.053931,13491,977,494
1779135397.065168,13492,977,494
1779135397.0739374,13493,977,495
1779135397.0876741,13494,977,495
1779135397.096464,13495,977,495
1779135397.107714,13496,977,496
1779135397.1164653,13497,977,496
1779135397.1302032,13498,977,496
1779135397.13904,13499,977,496
1779135397.150204,13500,977,497
1779135397.1589909,13501,977,496
1779135397.1728017,13502,977,496
1779135397.181545,13503,977,496
1779135397.187778,13504,977,496
1779135397.1940663,13505,977,496
1779135397.20283,13506,977,496
1779135397.2166626,13507,977,496
1779135397.222837,13508,977,495
1779135397.2477725,13509,977,495
1779135397.24897,13510,977,495
1779135397.2815297,13511,977,495
1779135397.2826698,13512,977,496
1779135397.3078184,13513,977,495
1779135397.3089116,13514,977,495
1779135397.3165336,13515,977,494
1779135397.3177216,13516,977,494
1779135397.3189344,13517,977,493
1779135397.3290024,13518,977,492
1779135397.3377469,13519,977,492
1779135397.3440948,13520,977,492
1779135397.352708,13521,977,492
1779135397.3664842,13522,977,491
1779135397.3727202,13523,977,492
1779135397.389027,13524,977,491
1779135397.3902447,13525,977,491
1779135397.4039786,13526,977,491
1779135397.4177241,13527,976,490
1779135397.424004,13528,863,490
1779135397.4377387,13529,681,490
1779135397.446469,13530,511,489
1779135397.4552484,13531,359,489
1779135397.4664814,13532,228,488
1779135397.47526,13533,122,488
1779135397.4890223,13534,37,487
1779135397.4977117,13535,1,487
1779135397.49895,13536,1,486
1779135397.5140228,13537,1,486
1779135397.522826,13538,0,485
1779135397.5365248,13539,1,486
1779135397.5427718,13540,1,486
1779135397.5565202,13541,0,486
1779135397.5652893,13542,1,486
1779135397.576538,13543,1,486
1779135397.587753,13544,1,486
1779135397.5968935,13545,1,486
1779135397.638998,13546,1,486
1779135397.640207,13547,1,485
1779135397.641453,13548,1,484
1779135397.642695,13549,1,484
1779135397.6527627,13550,1,484
1779135397.6618419,13551,1,484
1779135397.6627197,13552,1,484
1779135397.6755652,13553,1,484
1779135397.683987,13554,1,484
1779135397.6927233,13555,1,484
1779135397.704004,13556,1,484
1779135397.7127843,13557,9,484
1779135397.726588,13558,28,484
1779135397.735244,13559,48,484
1779135397.7469606,13560,64,485
1779135397.755428,13561,77,484
1779135397.768987,13562,89,485
1779135397.7777457,13563,105,486
1779135397.7852113,13564,134,485
1779135397.7990108,13565,191,486
1779135397.8077865,13566,292,486
1779135397.8214955,13567,451,487
1779135397.8226976,13568,665,487
1779135397.8327475,13569,926,487
1779135397.8465002,13570,977,487
1779135397.8514986,13571,977,488
1779135397.8677568,13572,977,489
1779135397.86898,13573,977,489
1779135397.8827648,13574,977,489
1779135397.9177697,13575,977,490
1779135397.918993,13576,977,489
1779135397.9202073,13577,977,491
1779135397.925255,13578,977,492
1779135397.9391196,13579,977,491
1779135397.9452486,13580,977,493
1779135397.954019,13581,977,492
1779135397.980265,13582,977,493
1779135397.981725,13583,977,492
1779135398.0065315,13584,977,493
1779135398.0079248,13585,977,492
1779135398.0328224,13586,977,493
1779135398.0344117,13587,977,493
1779135398.0414972,13588,977,493
1779135398.0427203,13589,977,494
1779135398.0439377,13590,977,492
1779135398.0578582,13591,977,492
1779135398.0640097,13592,977,493
1779135398.077824,13593,977,493
1779135398.0865335,13594,977,494
1779135398.0965521,13595,977,492
1779135398.1077833,13596,977,492
1779135398.1165721,13597,977,491
1779135398.1302564,13598,977,492
1779135398.139033,13599,977,491
1779135398.1402545,13600,977,491
1779135398.1552646,13601,977,492
1779135398.1640446,13602,977,490
1779135398.172898,13603,977,490
1779135398.1840594,13604,976,491
1779135398.1928298,13605,890,490
1779135398.2027237,13606,720,491
1779135398.2164834,13607,563,490
1779135398.2278266,13608,422,489
1779135398.2364805,13609,298,489
1779135398.2502728,13610,195,489
1779135398.2590437,13611,112,489
1779135398.2702756,13612,46,489
1779135398.2790358,13613,1,489
1779135398.2928069,13614,1,489
1779135398.3015814,13615,1,488
1779135398.302785,13616,0,489
1779135398.3127794,13617,1,489
1779135398.321567,13618,1,489
1779135398.3465996,13619,1,490
1779135398.3477273,13620,1,489
1779135398.3728263,13621,0,489
1779135398.374049,13622,1,489
1779135398.384159,13623,1,489
1779135398.385274,13624,1,488
1779135398.3955326,13625,1,489
1779135398.4040303,13626,1,489
1779135398.417803,13627,1,488
1779135398.4239938,13628,1,489
1779135398.4377484,13629,0,489
1779135398.4515293,13630,1,489
1779135398.4565706,13631,1,490
1779135398.4627812,13632,1,489
1779135398.4765508,13633,0,489
1779135398.4815702,13634,1,488
1779135398.495321,13635,1,488
1779135398.501519,13636,1,489
1779135398.5130773,13637,0,489
1779135398.5266125,13638,1,489
1779135398.5577862,13639,1,489
1779135398.5590208,13640,0,490
1779135398.5602381,13641,0,490
1779135398.5654554,13642,1,490
1779135398.57905,13643,1,491
1779135398.5853453,13644,1,491
1779135398.5990715,13645,16,492
1779135398.6052904,13646,35,492
1779135398.6165316,13647,63,492
1779135398.6177413,13648,112,493
1779135398.632826,13649,198,492
1779135398.6416793,13650,335,493
1779135398.6552835,13651,530,494
1779135398.6615467,13652,784,495
1779135398.6753426,13653,976,496
1779135398.6840296,13654,977,495
1779135398.697801,13655,977,495
1779135398.740317,13656,977,495
1779135398.741749,13657,977,496
1779135398.7502577,13658,977,496
1779135398.7516053,13659,977,497
1779135398.7527285,13660,977,496
1779135398.7540026,13661,977,497
1779135398.7690444,13662,977,497
1779135398.7828314,13663,977,497
1779135398.7840095,13664,977,498
1779135398.7940671,13665,977,498
1779135398.802791,13666,977,498
1779135398.8164983,13667,977,497
1779135398.8227901,13668,977,497
1779135398.8334222,13669,977,498
1779135398.8466363,13670,977,498
1779135398.8552654,13671,977,498
1779135398.8665376,13672,977,499
1779135398.8753037,13673,977,498
1779135398.8890405,13674,977,497
1779135398.8978355,13675,977,498
1779135398.9090722,13676,977,498
1779135398.9177306,13677,977,497
1779135398.9315643,13678,977,498
1779135398.93901,13679,977,497
1779135398.9402766,13680,977,497
1779135398.9553335,13681,977,497
1779135398.9639997,13682,977,497
1779135398.9727829,13683,977,497
1779135398.9839933,13684,977,497
1779135398.9927914,13685,977,497
1779135399.0065517,13686,977,497
1779135399.0153058,13687,977,497
1779135399.026611,13688,977,498
1779135399.0355608,13689,977,496
1779135399.046714,13690,977,496
1779135399.0556047,13691,977,496
1779135399.1102579,13692,977,496
1779135399.1114824,13693,977,496
1779135399.1127214,13694,975,496
1779135399.1144755,13695,765,496
1779135399.1152575,13696,572,496
1779135399.1164663,13697,398,496
1779135399.1265478,13698,245,495
1779135399.1352618,13699,118,496
1779135399.1478333,13700,15,496
1779135399.156627,13701,1,496
1779135399.1702943,13702,1,496
1779135399.197948,13703,1,496
1779135399.2000012,13704,1,496
1779135399.2003422,13705,0,496
1779135399.2103574,13706,1,496
1779135399.2164962,13707,1,496
1779135399.2278523,13708,1,495
1779135399.2365224,13709,0,496
1779135399.2502706,13710,1,496
1779135399.256552,13711,1,495
1779135399.2627943,13712,1,496
1779135399.2765539,13713,0,496
1779135399.2815905,13714,1,496
1779135399.295395,13715,1,496
1779135399.3040733,13716,1,495
1779135399.3127923,13717,0,496
1779135399.3267376,13718,1,496
1779135399.3354118,13719,1,496
1779135399.3465996,13720,0,496
1779135399.3567858,13721,0,495
1779135399.36538,13722,1,495
1779135399.3790872,13723,1,495
1779135399.39029,13724,1,495
1779135399.3990946,13725,1,495
1779135399.4128525,13726,1,496
1779135399.421667,13727,1,496
1779135399.4227881,13728,1,496
1779135399.4328523,13729,0,496
1779135399.4628968,13730,1,496
1779135399.464117,13731,1,496
1779135399.4878418,13732,1,496
1779135399.488999,13733,1,497
1779135399.4903555,13734,1,496
1779135399.495434,13735,1,497
1779135399.5065851,13736,1,497
1779135399.5153098,13737,1,498
1779135399.5290763,13738,120,498
1779135399.537884,13739,301,499
1779135399.549,13740,546,498
1779135399.5578125,13741,846,499
1779135399.5690415,13742,977,499
1779135399.5828218,13743,977,499
1779135399.5839677,13744,977,499
1779135399.5940905,13745,977,500
1779135399.607866,13746,977,500
1779135399.612882,13747,977,501
1779135399.6240525,13748,977,501
1779135399.637879,13749,977,502
1779135399.6466098,13750,977,501
1779135399.6603618,13751,977,502
1779135399.6665547,13752,977,502
1779135399.6754339,13753,977,502
1779135399.6891875,13754,977,503
1779135399.6978855,13755,977,502
1779135399.709023,13756,977,503
1779135399.7177784,13757,977,502
1779135399.731541,13758,977,500
1779135399.740299,13759,977,501
1779135399.741528,13760,977,502
1779135399.7565558,13761,977,500
1779135399.7653284,13762,977,500
1779135399.7766063,13763,977,499
1779135399.787848,13764,977,499
1779135399.796598,13765,977,499
1779135399.8253524,13766,977,498
1779135399.826629,13767,977,497
1779135399.8516908,13768,977,497
1779135399.8528512,13769,977,497
1779135399.8779,13770,977,495
1779135399.8790286,13771,977,495
1779135399.8866763,13772,977,494
1779135399.887883,13773,977,495
1779135399.8890564,13774,977,494
1779135399.9029632,13775,977,493
1779135399.9041257,13776,977,494
1779135399.9141586,13777,977,492
1779135399.9229348,13778,977,492
1779135399.9365985,13779,977,493
1779135399.9428532,13780,977,491
1779135399.9566178,13781,977,491
1779135399.965289,13782,976,491
1779135399.9790108,13783,774,492
1779135399.9853194,13784,578,491
1779135399.9966295,13785,403,491
1779135400.0106852,13786,249,491
1779135400.0190976,13787,124,490
1779135400.0304365,13788,22,491
1779135400.0390706,13789,1,491
1779135400.052882,13790,1,490
1779135400.061672,13791,1,491
1779135400.0628703,13792,0,490
1779135400.0728464,13793,0,490
1779135400.0817084,13794,1,491
1779135400.0928364,13795,1,491
1779135400.1041172,13796,0,491
1779135400.1128814,13797,0,491
1779135400.1266077,13798,0,491
1779135400.1352978,13799,1,491
1779135400.1465604,13800,1,491
1779135400.1605916,13801,1,490
1779135400.166969,13802,0,492
1779135400.1917057,13803,1,492
1779135400.2166946,13804,1,492
1779135400.2178798,13805,0,491
1779135400.2428734,13806,1,492
1779135400.2441375,13807,1,492
1779135400.2453609,13808,1,492
1779135400.2466245,13809,0,493
1779135400.247946,13810,0,492
1779135400.25663,13811,1,493
1779135400.2627935,13812,0,492
1779135400.276732,13813,0,492
1779135400.2855844,13814,1,492
1779135400.2953162,13815,1,492
1779135400.3066099,13816,0,492
1779135400.315298,13817,0,492
1779135400.329071,13818,1,493
1779135400.3381078,13819,1,494
1779135400.349167,13820,1,493
1779135400.362942,13821,0,494
1779135400.3679197,13822,0,494
1779135400.3816156,13823,1,494
1779135400.3828077,13824,1,494
1779135400.3928173,13825,1,495
1779135400.4015822,13826,1,495
1779135400.4154084,13827,1,496
1779135400.4215817,13828,0,496
1779135400.4353447,13829,1,497
1779135400.4441507,13830,1,497
1779135400.477859,13831,49,497
1779135400.4790819,13832,258,498
1779135400.4802823,13833,535,499
1779135400.4903498,13834,860,499
1779135400.496576,13835,976,499
1779135400.5040596,13836,977,500
1779135400.5179517,13837,977,500
1779135400.5265422,13838,977,502
1779135400.5578089,13839,977,501
1779135400.559029,13840,977,502
1779135400.5841024,13841,977,502
1779135400.5852761,13842,977,502
1779135400.5890758,13843,977,502
1779135400.5903785,13844,977,504
1779135400.5953794,13845,977,503
1779135400.6066418,13846,977,503
1779135400.6152635,13847,977,504
1779135400.6265402,13848,977,503
1779135400.6353865,13849,977,502
1779135400.649112,13850,977,502
1779135400.6578043,13851,977,503
1779135400.6690636,13852,977,502
1779135400.6778948,13853,977,502
1779135400.6916304,13854,977,502
1779135400.7003684,13855,977,501
1779135400.7016082,13856,977,501
1779135400.7178957,13857,977,501
1779135400.722916,13858,977,500
1779135400.736571,13859,977,500
1779135400.742791,13860,977,499
1779135400.7565348,13861,977,499
1779135400.7653253,13862,977,497
1779135400.7741818,13863,977,497
1779135400.7853365,13864,977,497
1779135400.7940814,13865,977,496
1779135400.8079064,13866,977,495
1779135400.820306,13867,977,495
1779135400.8265543,13868,977,494
1779135400.8353581,13869,977,494
1779135400.849078,13870,977,495
1779135400.857903,13871,977,493
1779135400.859079,13872,977,493
1779135400.8741386,13873,977,492
1779135400.8833432,13874,977,492
1779135400.8966365,13875,976,491
1779135400.9028537,13876,919,490
1779135400.9303784,13877,730,491
1779135400.9315746,13878,551,489
1779135400.9567246,13879,389,489
1779135400.9578762,13880,247,488
1779135400.9806306,13881,128,488
1779135400.9815626,13882,33,487
1779135400.9828672,13883,1,487
1779135400.984017,13884,1,487
1779135400.9991224,13885,0,487
1779135401.0078955,13886,0,486
1779135401.0216231,13887,1,487
1779135401.0228648,13888,1,487
1779135401.0315423,13889,0,486
1779135401.0453453,13890,0,486
1779135401.0541487,13891,1,486
1779135401.0653744,13892,1,486
1779135401.0741305,13893,1,486
1779135401.0879717,13894,1,484
1779135401.112918,13895,1,485
1779135401.1141624,13896,0,484
1779135401.1253183,13897,1,484
1779135401.1265306,13898,1,483
1779135401.137881,13899,1,483
1779135401.1490371,13900,1,484
1779135401.1578863,13901,1,484
1779135401.1715794,13902,1,484
1779135401.1803472,13903,1,484
1779135401.1815577,13904,1,484
1779135401.1966257,13905,0,484
1779135401.205325,13906,1,485
1779135401.2192101,13907,1,484
1779135401.2254016,13908,1,485
1779135401.2366624,13909,1,486
1779135401.2454007,13910,1,486
1779135401.2592547,13911,1,486
1779135401.265414,13912,75,486
1779135401.29168,13913,200,487
1779135401.2929428,13914,379,487
1779135401.3179486,13915,610,488
1779135401.3191266,13916,886,488
1779135401.3441956,13917,977,488
1779135401.345334,13918,977,488
1779135401.3503084,13919,977,489
1779135401.3516319,13920,977,489
1779135401.3528736,13921,977,491
1779135401.3686392,13922,977,489
1779135401.373141,13923,977,491
1779135401.3842816,13924,977,489
1779135401.3929598,13925,977,489
1779135401.4067388,13926,977,489
1779135401.415345,13927,977,491
1779135401.4266734,13928,977,492
1779135401.4353669,13929,977,490
1779135401.445427,13930,977,489
1779135401.459186,13931,977,489
1779135401.4679198,13932,977,490
1779135401.4816937,13933,977,490
1779135401.486649,13934,977,490
1779135401.5003548,13935,977,490
1779135401.501558,13936,977,491
1779135401.5166254,13937,977,490
1779135401.5254154,13938,977,490
1779135401.534122,13939,977,490
1779135401.5479844,13940,977,491
1779135401.5566525,13941,977,490
1779135401.5703526,13942,977,490
1779135401.575414,13943,977,492
1779135401.5866165,13944,977,490
1779135401.600349,13945,977,490
1779135401.6067195,13946,977,490
1779135401.6204033,13947,977,491
1779135401.6265974,13948,977,490
1779135401.6403441,13949,977,491
1779135401.6893208,13950,977,490
1779135401.6904397,13951,976,490
1779135401.6916704,13952,896,490
1779135401.6931336,13953,723,490
1779135401.6942053,13954,559,490
1779135401.6954043,13955,412,490
1779135401.7117217,13956,285,490
1779135401.7129135,13957,180,490
1779135401.7267134,13958,96,489
1779135401.7604587,13959,32,490
1779135401.7615714,13960,1,490
1779135401.7628725,13961,1,491
1779135401.7644215,13962,1,491
1779135401.7779624,13963,0,491
1779135401.784432,13964,1,491
1779135401.7979074,13965,1,492
1779135401.8066866,13966,1,492
1779135401.8203304,13967,1,492
1779135401.8216884,13968,0,492
1779135401.83659,13969,0,493
1779135401.84539,13970,1,493
1779135401.85418,13971,1,493
1779135401.8653567,13972,1,493
1779135401.8741543,13973,0,494
1779135401.8879712,13974,0,494
1779135401.8966818,13975,0,494
1779135401.9080157,13976,1,494
1779135401.9217136,13977,1,495
1779135401.926586,13978,0,495
1779135401.9404109,13979,1,494
1779135401.9467006,13980,1,495
1779135401.9603534,13981,1,495
1779135401.9716718,13982,1,494
1779135401.985407,13983,1,494
1779135401.9854243,13984,0,495
1779135401.991557,13985,1,495
1779135402.0054367,13986,1,496
1779135402.0332844,13987,1,496
1779135402.0340526,13988,1,496
1779135402.059394,13989,1,497
1779135402.0603719,13990,1,497
1779135402.0666382,13991,1,498
1779135402.067997,13992,1,499
1779135402.0766613,13993,14,499
1779135402.085442,13994,26,499
1779135402.0940638,13995,38,500
1779135402.107891,13996,58,500
1779135402.114059,13997,100,501
1779135402.1279652,13998,176,501
1779135402.1366837,13999,303,502
1779135402.1379318,14000,490,503
1779135402.1541526,14001,736,504
1779135402.1629505,14002,976,504
1779135402.1779437,14003,976,505
1779135402.1829474,14004,977,504
1779135402.1990921,14005,977,505
1779135402.2003267,14006,977,505
1779135402.2140753,14007,977,506
1779135402.2278771,14008,977,506
1779135402.2341137,14009,977,507
1779135402.2478657,14010,977,507
1779135402.2566805,14011,977,507
1779135402.2654889,14012,977,507
1779135402.2791424,14013,977,508
1779135402.2879934,14014,977,507
1779135402.2966428,14015,977,508
1779135402.3028858,14016,977,507
1779135402.3141484,14017,977,507
1779135402.3280292,14018,977,507
1779135402.333001,14019,977,507
1779135402.3467538,14020,977,506
1779135402.353003,14021,977,507
1779135402.366682,14022,977,506
1779135402.4016535,14023,977,507
1779135402.4029093,14024,977,506
1779135402.4291868,14025,977,507
1779135402.4292488,14026,977,506
1779135402.4482222,14027,977,506
1779135402.4496527,14028,977,506
1779135402.4506333,14029,977,506
1779135402.4515896,14030,977,505
1779135402.4666798,14031,977,505
1779135402.4678886,14032,977,506
1779135402.4741046,14033,977,505
1779135402.4841573,14034,977,505
1779135402.492988,14035,977,505
1779135402.5068004,14036,977,504
1779135402.5130136,14037,977,504
1779135402.5268352,14038,977,504
1779135402.535628,14039,977,504
1779135402.549223,14040,977,504
1779135402.5554104,14041,977,504
1779135402.5691576,14042,977,504
1779135402.5831237,14043,976,504
1779135402.5892005,14044,790,505
1779135402.6003866,14045,601,505
1779135402.6091716,14046,434,505
1779135402.6230946,14047,290,505
1779135402.6242251,14048,175,505
1779135402.6354187,14049,87,505
1779135402.6442187,14050,24,506
1779135402.65798,14051,1,506
1779135402.6667159,14052,1,507
1779135402.6779377,14053,1,508
1779135402.686699,14054,1,509
1779135402.6968353,14055,1,508
1779135402.7104943,14056,1,510
1779135402.7179894,14057,0,510
1779135402.7317092,14058,1,511
1779135402.7404773,14059,1,512
1779135402.7681046,14060,1,512
1779135402.7691355,14061,1,512
1779135402.7891636,14062,0,512
1779135402.7905073,14063,1,512
1779135402.791712,14064,1,513
1779135402.7929726,14065,1,513
1779135402.8042204,14066,1,514
1779135402.8131113,14067,1,514
1779135402.826803,14068,1,514
1779135402.833004,14069,1,514
1779135402.846715,14070,1,514
1779135402.8555286,14071,1,515
1779135402.8691735,14072,1,514
1779135402.8753319,14073,1,515
1779135402.8891432,14074,1,516
1779135402.8979821,14075,1,516
1779135402.909195,14076,1,517
1779135402.9203885,14077,1,518
1779135402.9291701,14078,1,517
1779135402.942914,14079,1,518
1779135402.94409,14080,1,519
1779135402.9554627,14081,1,519
1779135402.9642391,14082,1,519
1779135402.977898,14083,1,519
1779135402.9866192,14084,17,519
1779135402.9978812,14085,96,519
1779135403.0065894,14086,225,520
1779135403.0403848,14087,410,520
1779135403.0416138,14088,650,521
1779135403.0428808,14089,935,521
1779135403.050329,14090,977,522
1779135403.0641184,14091,977,521
1779135403.0690694,14092,977,521
1779135403.0804574,14093,977,522
1779135403.089154,14094,977,523
1779135403.1029792,14095,977,522
1779135403.104241,14096,977,522
1779135403.138007,14097,977,521
1779135403.139181,14098,977,521
1779135403.1603832,14099,977,521
1779135403.1616166,14100,977,521
1779135403.1628623,14101,977,520
1779135403.1641114,14102,977,519
1779135403.1792123,14103,977,519
1779135403.185488,14104,977,518
1779135403.1967468,14105,977,517
1779135403.2054532,14106,977,518
1779135403.2191043,14107,977,516
1779135403.2291427,14108,977,517
1779135403.2378697,14109,977,515
1779135403.251629,14110,977,514
1779135403.25662,14111,977,514
1779135403.2629094,14112,977,514
1779135403.274198,14113,977,513
1779135403.2828846,14114,977,513
1779135403.2966316,14115,977,512
1779135403.3054054,14116,977,512
1779135403.3166177,14117,977,511
1779135403.3254468,14118,977,511
1779135403.3354845,14119,977,511
1779135403.3491468,14120,977,510
1779135403.3566859,14121,977,510
1779135403.370515,14122,977,508
1779135403.3791523,14123,977,508
1779135403.3928702,14124,977,507
1779135403.3990793,14125,977,506
1779135403.4079854,14126,977,507
1779135403.4217339,14127,977,505
1779135403.422984,14128,976,504
1779135403.4329503,14129,809,505
1779135403.4467435,14130,625,504
1779135403.4516788,14131,455,504
1779135403.4654553,14132,305,504
1779135403.4741032,14133,180,504
1779135403.5229173,14134,78,503
1779135403.5241468,14135,3,503
1779135403.532911,14136,1,503
1779135403.5341856,14137,1,502
1779135403.5355232,14138,1,503
1779135403.5367374,14139,1,503
1779135403.5504022,14140,0,502
1779135403.5566223,14141,1,502
1779135403.570401,14142,1,503
1779135403.576633,14143,1,503
1779135403.5816479,14144,1,504
1779135403.5928543,14145,1,504
1779135403.6016788,14146,1,503
1779135403.6153555,14147,1,504
1779135403.6242602,14148,0,503
1779135403.6355307,14149,1,504
1779135403.6442347,14150,0,504
1779135403.6779315,14151,1,504
1779135403.6792676,14152,1,504
1779135403.680368,14153,0,504
1779135403.6878939,14154,1,504
1779135403.6966538,14155,1,503
1779135403.7103965,14156,1,503
1779135403.716715,14157,0,503
1779135403.7304957,14158,1,503
1779135403.739131,14159,1,504
1779135403.7403686,14160,1,504
1779135403.7541397,14161,1,504
1779135403.7628937,14162,1,504
1779135403.7766612,14163,1,504
1779135403.7854185,14164,1,504
1779135403.7966282,14165,0,505
1779135403.8053803,14166,1,506
1779135403.8192155,14167,1,506
1779135403.8279912,14168,1,507
1779135403.8392823,14169,1,508
1779135403.8643486,14170,49,507
1779135403.865531,14171,147,507
1779135403.8907032,14172,293,508
1779135403.8916655,14173,494,508
1779135403.9169095,14174,747,508
1779135403.9182918,14175,976,509
1779135403.9183004,14176,977,510
1779135403.9241173,14177,977,510
1779135403.925381,14178,977,510
1779135403.9354143,14179,977,511
1779135403.9441197,14180,977,511
1779135403.952923,14181,977,511
1779135403.9616272,14182,977,511
1779135403.9754875,14183,977,511
1779135403.9842103,14184,977,511
1779135403.9980152,14185,977,511
1779135404.0067186,14186,977,511
1779135404.0156155,14187,977,512
1779135404.0292645,14188,977,511
1779135404.037993,14189,977,510
1779135404.0491302,14190,977,511
1779135404.060446,14191,977,510
1779135404.0616856,14192,977,510
1779135404.0754967,14193,977,511
1779135404.0817661,14194,977,510
1779135404.09536,14195,977,509
1779135404.104139,14196,977,509
1779135404.1128907,14197,977,508
1779135404.124139,14198,977,508
1779135404.1328998,14199,977,508
1779135404.1467247,14200,977,507
1779135404.1555245,14201,977,506
1779135404.1655066,14202,977,505
1779135404.174275,14203,977,505
1779135404.1880536,14204,977,504
1779135404.196702,14205,977,504
1779135404.2080173,14206,977,504
1779135404.2579901,14207,977,503
1779135404.259197,14208,977,503
1779135404.2605066,14209,977,502
1779135404.2616844,14210,977,502
1779135404.2629442,14211,977,501
1779135404.264242,14212,977,500
1779135404.2755136,14213,976,500
1779135404.286747,14214,943,499
1779135404.3184097,14215,765,500
1779135404.3191993,14216,595,499
1779135404.3204887,14217,441,498
1779135404.3267112,14218,306,497
1779135404.3404987,14219,193,497
1779135404.349253,14220,103,496
1779135404.3580477,14221,33,496
1779135404.369277,14222,1,496
1779135404.3817387,14223,1,495
1779135404.3829453,14224,0,495
1779135404.3917203,14225,1,495
1779135404.4029915,14226,1,494
1779135404.4117885,14227,1,494
1779135404.425468,14228,0,494
1779135404.4342184,14229,1,494
1779135404.4455252,14230,1,493
1779135404.454342,14231,1,492
1779135404.4679458,14232,1,492
1779135404.4767637,14233,1,492
1779135404.4842384,14234,1,491
1779135404.4980128,14235,1,491
1779135404.5067706,14236,1,491
1779135404.5205455,14237,1,490
1779135404.5266728,14238,0,491
1779135404.5405245,14239,1,491
1779135404.5416577,14240,1,491
1779135404.5554285,14241,1,490
1779135404.5617754,14242,2,491
1779135404.5755227,14243,26,491
1779135404.6268928,14244,46,491
1779135404.6280246,14245,64,492
1779135404.6292133,14246,84,492
1779135404.6305003,14247,105,492
1779135404.631775,14248,139,492
1779135404.6329572,14249,193,492
1779135404.6491811,14250,285,492
1779135404.6503768,14251,429,493
1779135404.6641943,14252,627,493
1779135404.6779594,14253,872,494
1779135404.6842077,14254,977,493
1779135404.695497,14255,977,494
1779135404.7004426,14256,977,494
1779135404.7142224,14257,977,493
1779135404.725414,14258,977,494
1779135404.7342331,14259,977,494
1779135404.7479377,14260,977,494
1779135404.7567322,14261,977,494
1779135404.7679186,14262,977,494
1779135404.7766807,14263,977,494
1779135404.790384,14264,977,495
1779135404.79918,14265,977,494
1779135404.8104162,14266,977,496
1779135404.8192222,14267,977,494
1779135404.8329763,14268,977,494
1779135404.841758,14269,977,494
1779135404.8530357,14270,977,494
1779135404.8618531,14271,977,494
1779135404.8618774,14272,977,494
1779135404.8754563,14273,977,493
1779135404.8842185,14274,977,493
1779135404.8954017,14275,977,493
1779135404.9041672,14276,977,493
1779135404.9180217,14277,977,493
1779135404.9267998,14278,977,493
1779135404.9579833,14279,977,492
1779135404.9591422,14280,977,492
1779135404.9854405,14281,977,492
1779135404.986703,14282,977,491
1779135405.0053856,14283,977,491
1779135405.009157,14284,977,491
1779135405.0103903,14285,977,491
1779135405.011657,14286,977,491
1779135405.0229595,14287,977,491
1779135405.0241575,14288,977,490
1779135405.032922,14289,976,491
1779135405.0467157,14290,818,490
1779135405.053026,14291,648,490
1779135405.0667686,14292,494,490
1779135405.0755763,14293,357,490
1779135405.0844152,14294,241,489
1779135405.095527,14295,146,489
1779135405.1041799,14296,72,488
1779135405.1155393,14297,13,489
1779135405.1292505,14298,0,489
1779135405.135512,14299,1,488
1779135405.1491723,14300,0,489
1779135405.1579387,14301,0,488
1779135405.1718018,14302,0,489
1779135405.1780946,14303,1,489
1779135405.1830168,14304,1,489
1779135405.1917725,14305,1,489
1779135405.2054987,14306,1,489
1779135405.2154531,14307,1,489
1779135405.224268,14308,1,489
1779135405.2329385,14309,1,489
1779135405.2466779,14310,1,489
1779135405.2529466,14311,1,489
1779135405.2667205,14312,1,489
1779135405.2754698,14313,1,489
1779135405.2841864,14314,1,489
1779135405.295509,14315,1,489
1779135405.3042831,14316,1,489
1779135405.347987,14317,1,489
1779135405.3492086,14318,1,489
1779135405.3630784,14319,1,488
1779135405.3643901,14320,1,487
1779135405.365404,14321,0,488
1779135405.3670304,14322,1,488
1779135405.37793,14323,1,489
1779135405.3867238,14324,1,489
1779135405.395457,14325,1,489
1779135405.4043176,14326,0,489
1779135405.4156206,14327,1,490
1779135405.4280374,14328,1,490
1779135405.4367561,14329,1,491
1779135405.4454625,14330,1,491
1779135405.4568403,14331,1,491
1779135405.4654539,14332,23,492
1779135405.479189,14333,59,491
1779135405.4879596,14334,124,492
1779135405.499204,14335,234,492
1779135405.5004237,14336,401,493
1779135405.5142462,14337,628,494
1779135405.5229528,14338,910,494
1779135405.5329206,14339,977,496
1779135405.5467136,14340,977,495
1779135405.555489,14341,977,495
1779135405.564221,14342,977,496
1779135405.5980043,14343,977,496
1779135405.599257,14344,977,496
1779135405.6004243,14345,977,497
1779135405.6091545,14346,977,497
1779135405.6154103,14347,977,497
1779135405.63169,14348,977,497
1779135405.6328921,14349,977,499
1779135405.6466913,14350,977,498
1779135405.657924,14351,977,498
1779135405.664258,14352,977,498
1779135405.6729167,14353,977,498
1779135405.6979868,14354,977,498
1779135405.699275,14355,977,498
1779135405.7242193,14356,977,498
1779135405.7254324,14357,977,498
1779135405.736801,14358,977,499
1779135405.738007,14359,977,498
1779135405.7479727,14360,977,498
1779135405.7567093,14361,977,498
1779135405.7655587,14362,977,498
1779135405.7767196,14363,977,498
1779135405.7903996,14364,977,498
1779135405.796683,14365,977,498
1779135405.810488,14366,977,498
1779135405.816716,14367,977,498
1779135405.8254125,14368,977,498
1779135405.8342328,14369,977,498
1779135405.8429902,14370,977,498
1779135405.8545542,14371,977,499
1779135405.862944,14372,977,497
1779135405.8767805,14373,977,497
1779135405.885546,14374,977,497
1779135405.89675,14375,977,498
1779135405.90548,14376,977,497
1779135405.9192576,14377,977,498
1779135405.92804,14378,977,497
1779135405.939243,14379,977,498
1779135405.9479396,14380,977,498
1779135405.961737,14381,908,497
1779135405.9704762,14382,704,498
1779135405.9867945,14383,513,498
1779135405.9879906,14384,342,497
1779135405.9892426,14385,195,497
1779135406.003164,14386,74,497
1779135406.0143356,14387,1,497
1779135406.02308,14388,1,497
1779135406.036999,14389,1,497
1779135406.0455558,14390,0,497
1779135406.095499,14391,1,497
1779135406.0967207,14392,1,497
1779135406.0979483,14393,0,497
1779135406.0991955,14394,1,497
1779135406.1004527,14395,1,496
1779135406.1079428,14396,1,497
1779135406.1167274,14397,0,496
1779135406.1304789,14398,1,497
1779135406.1392548,14399,1,496
1779135406.1455705,14400,1,496
1779135406.154193,14401,1,496
1779135406.1630569,14402,1,496
1779135406.1793146,14403,0,496
1779135406.1805232,14404,0,496
1779135406.1943603,14405,0,496
1779135406.2080336,14406,1,496
1779135406.238152,14407,1,496
1779135406.2392843,14408,1,495
1779135406.240515,14409,0,495
1779135406.2492876,14410,0,494
1779135406.258122,14411,0,495
1779135406.2693057,14412,1,496
1779135406.2780442,14413,1,496
1779135406.291842,14414,0,495
1779135406.3005812,14415,1,496
1779135406.30672,14416,1,496
1779135406.3155653,14417,0,496
1779135406.324288,14418,0,497
1779135406.3356433,14419,1,496
1779135406.3444188,14420,1,497
1779135406.3580987,14421,0,497
1779135406.3706894,14422,1,496
1779135406.3716946,14423,1,498
1779135406.3868666,14424,65,497
1779135406.3955588,14425,231,497
1779135406.4093928,14426,459,498
1779135406.4156394,14427,743,499
1779135406.4593654,14428,977,499
1779135406.4605641,14429,977,499
1779135406.461831,14430,977,500
1779135406.463042,14431,977,499
1779135406.4642887,14432,977,499
1779135406.475458,14433,977,500
1779135406.4817176,14434,977,500
1779135406.492969,14435,977,500
1779135406.5017183,14436,977,501
1779135406.5154648,14437,977,503
1779135406.5242426,14438,977,501
1779135406.5355384,14439,977,502
1779135406.5442255,14440,977,502
1779135406.5579913,14441,977,502
1779135406.5667164,14442,977,502
1779135406.5766976,14443,977,502
1779135406.5854676,14444,977,502
1779135406.5992444,14445,977,502
1779135406.6079981,14446,977,502
1779135406.6192913,14447,977,502
1779135406.6205444,14448,977,502
1779135406.634202,14449,977,503
1779135406.642976,14450,977,504
1779135406.6542308,14451,977,503
1779135406.6629515,14452,977,503
1779135406.6767702,14453,977,503
1779135406.6855419,14454,977,503
1779135406.6968105,14455,977,503
1779135406.7054427,14456,977,503
1779135406.7193017,14457,977,503
1779135406.7280114,14458,977,503
1779135406.7392075,14459,977,503
1779135406.7480035,14460,977,503
1779135406.7617545,14461,977,503
1779135406.7704628,14462,977,503
1779135406.7867544,14463,977,503
1779135406.8117194,14464,977,503
1779135406.8129694,14465,977,503
1779135406.8367224,14466,977,504
1779135406.8379655,14467,977,503
1779135406.8392203,14468,977,503
1779135406.8407092,14469,974,502
1779135406.8467343,14470,759,503
1779135406.8781054,14471,562,503
1779135406.8792076,14472,385,502
1779135406.8805108,14473,229,502
1779135406.8855777,14474,100,501
1779135406.8992124,14475,2,500
1779135406.9043279,14476,1,500
1779135406.91801,14477,1,500
1779135406.9267323,14478,0,500
1779135406.938005,14479,0,500
1779135406.9442346,14480,1,499
1779135406.9530065,14481,0,499
1779135406.9668417,14482,0,499
1779135406.9730668,14483,1,499
1779135406.9868982,14484,1,499
1779135406.9956353,14485,1,499
1779135407.006914,14486,1,498
1779135407.0181131,14487,1,498
1779135407.026839,14488,0,497
1779135407.0405202,14489,1,497
1779135407.0492444,14490,1,497
1779135407.0604804,14491,0,496
1779135407.0692222,14492,0,496
1779135407.083113,14493,0,496
1779135407.0917199,14494,1,496
1779135407.1080663,14495,1,496
1779135407.108085,14496,1,495
1779135407.109237,14497,1,496
1779135407.1255958,14498,0,495
1779135407.134351,14499,1,495
1779135407.1455574,14500,1,495
1779135407.1542563,14501,0,495
1779135407.1943767,14502,0,495
1779135407.1955113,14503,1,494
1779135407.1967185,14504,1,495
1779135407.1979675,14505,0,493
1779135407.2129953,14506,1,494
1779135407.2142017,14507,1,494
1779135407.2279959,14508,0,494
1779135407.23673,14509,0,492
1779135407.250468,14510,1,493
1779135407.2592533,14511,1,492
1779135407.2605042,14512,1,493
1779135407.275479,14513,1,493
1779135407.284215,14514,1,492
1779135407.29301,14515,1,493
1779135407.3042605,14516,0,493
1779135407.3130584,14517,0,493
1779135407.328105,14518,0,493
1779135407.3330486,14519,1,493
1779135407.3493142,14520,1,493
1779135407.3580601,14521,1,494
1779135407.3668404,14522,1,495
1779135407.3805816,14523,1,494
1779135407.3868797,14524,42,495
1779135407.4005883,14525,131,495
1779135407.4092393,14526,273,495
1779135407.4180446,14527,479,496
1779135407.4242587,14528,748,496
1779135407.4367762,14529,976,498
1779135407.4455423,14530,977,497
1779135407.4543662,14531,977,498
1779135407.465548,14532,977,497
1779135407.4742937,14533,977,499
1779135407.488147,14534,977,499
1779135407.5180933,14535,977,499
1779135407.5192606,14536,977,499
1779135407.5205684,14537,977,499
1779135407.5468218,14538,977,499
1779135407.5480673,14539,977,501
1779135407.5693436,14540,977,499
1779135407.5705888,14541,977,500
1779135407.571903,14542,977,499
1779135407.58596,14543,977,499
1779135407.586066,14544,977,499
1779135407.591853,14545,977,499
1779135407.6056073,14546,977,499
1779135407.6143336,14547,977,499
1779135407.6230774,14548,977,499
1779135407.6368492,14549,977,499
1779135407.6456199,14550,977,499
1779135407.6542647,14551,977,499
1779135407.6680202,14552,977,498
1779135407.6742513,14553,977,498
1779135407.688001,14554,977,498
1779135407.6967318,14555,977,498
1779135407.7055094,14556,977,497
1779135407.716778,14557,977,496
1779135407.7256286,14558,977,496
1779135407.7393303,14559,977,496
1779135407.7405517,14560,977,496
1779135407.756836,14561,977,495
1779135407.7631493,14562,977,494
1779135407.7768037,14563,977,495
1779135407.7856016,14564,977,494
1779135407.7968464,14565,977,493
1779135407.8055437,14566,977,495
1779135407.819301,14567,977,493
1779135407.8282275,14568,977,492
1779135407.8392725,14569,977,492
1779135407.8481052,14570,977,492
1779135407.8618166,14571,977,492
1779135407.870471,14572,977,493
1779135407.8817763,14573,977,492
1779135407.9067955,14574,977,492
1779135407.908077,14575,943,492
1779135407.9080856,14576,734,492
1779135407.93302,14577,535,491
1779135407.9342852,14578,355,491
1779135407.9581409,14579,200,490
1779135407.959304,14580,73,489
1779135407.9606807,14581,1,489
1779135407.9618704,14582,1,489
1779135407.9767535,14583,1,489
1779135407.9855342,14584,0,488
1779135407.9943144,14585,0,488
1779135408.0056255,14586,0,488
1779135408.014344,14587,0,487
1779135408.0280442,14588,1,488
1779135408.0367644,14589,0,487
1779135408.0505204,14590,0,487
1779135408.0555317,14591,1,487
1779135408.06175,14592,0,487
1779135408.0755198,14593,0,487
1779135408.0817633,14594,1,487
1779135408.0955155,14595,1,486
1779135408.1042557,14596,1,485
1779135408.1130207,14597,1,484
1779135408.1242359,14598,0,484
1779135408.1606221,14599,1,484
1779135408.1618502,14600,1,484
1779135408.1632087,14601,1,485
1779135408.164358,14602,1,484
1779135408.179253,14603,1,484
1779135408.1855552,14604,7,484
1779135408.1992626,14605,34,484
1779135408.2055442,14606,57,484
1779135408.2192652,14607,76,484
1779135408.220514,14608,94,485
1779135408.2342846,14609,108,485
1779135408.2455401,14610,124,485
1779135408.254299,14611,151,485
1779135408.3071005,14612,205,486
1779135408.3080628,14613,298,486
1779135408.3092778,14614,444,486
1779135408.3106098,14615,641,487
1779135408.3117898,14616,889,487
1779135408.320618,14617,977,487
1779135408.3268325,14618,977,488
1779135408.34062,14619,977,487
1779135408.349448,14620,977,488
1779135408.3581398,14621,977,489
1779135408.371868,14622,977,489
1779135408.3805563,14623,977,490
1779135408.3818152,14624,977,489
1779135408.3955677,14625,977,490
1779135408.401816,14626,977,492
1779135408.4157484,14627,977,492
1779135408.4243333,14628,977,492
1779135408.433219,14629,977,491
1779135408.4443717,14630,977,492
1779135408.4580934,14631,977,492
1779135408.464331,14632,977,492
1779135408.4805632,14633,977,492
1779135408.481786,14634,977,492
1779135408.4968786,14635,977,492
1779135408.5055938,14636,977,493
1779135408.5193532,14637,977,493
1779135408.5255823,14638,977,493
1779135408.539398,14639,977,493
1779135408.5405965,14640,977,494
1779135408.5544474,14641,977,493
1779135408.5656314,14642,977,494
1779135408.5745008,14643,977,493
1779135408.5856736,14644,977,492
1779135408.5994942,14645,977,493
1779135408.6056376,14646,977,492
1779135408.6194317,14647,977,493
1779135408.667095,14648,977,492
1779135408.6680923,14649,977,492
1779135408.6693423,14650,977,492
1779135408.6705487,14651,977,492
1779135408.6718476,14652,977,493
1779135408.6805966,14653,977,493
1779135408.688095,14654,866,492
1779135408.701933,14655,692,492
1779135408.7029986,14656,531,492
1779135408.7118528,14657,384,492
1779135408.7231796,14658,262,491
1779135408.7318277,14659,162,491
1779135408.74558,14660,82,491
1779135408.754349,14661,19,491
1779135408.7655888,14662,1,491
1779135408.8005936,14663,1,490
1779135408.8019161,14664,0,491
1779135408.8031235,14665,1,491
1779135408.8043494,14666,1,491
1779135408.819297,14667,1,491
1779135408.8281476,14668,0,491
1779135408.8368192,14669,0,491
1779135408.8480256,14670,0,491
1779135408.8568249,14671,1,491
1779135408.8617759,14672,0,491
1779135408.8756819,14673,1,492
1779135408.8818643,14674,0,492
1779135408.8956141,14675,1,491
1779135408.9076836,14676,1,491
1779135408.9118173,14677,0,492
1779135408.9280646,14678,1,492
1779135408.936925,14679,1,491
1779135408.9456203,14680,0,492
1779135408.959262,14681,0,491
1779135408.9655902,14682,1,491
1779135408.9793508,14683,1,491
1779135408.988151,14684,0,491
1779135409.0131855,14685,1,491
1779135409.014384,14686,1,491
1779135409.0393379,14687,1,491
1779135409.0405638,14688,1,492
1779135409.0655699,14689,1,491
1779135409.0669825,14690,1,492
1779135409.0705664,14691,24,492
1779135409.0717874,14692,45,492
1779135409.0730307,14693,63,493
1779135409.0892715,14694,75,493
1779135409.0905197,14695,85,494
1779135409.104398,14696,96,493
1779135409.1155586,14697,111,494
1779135409.126896,14698,146,495
1779135409.1356387,14699,213,495
1779135409.1493235,14700,331,495
1779135409.1582408,14701,509,496
1779135409.1694171,14702,749,496
1779135409.1780322,14703,976,497
1779135409.1831644,14704,977,497
1779135409.1919537,14705,977,497
1779135409.203175,14706,977,498
1779135409.2130933,14707,977,497
1779135409.2268357,14708,977,499
1779135409.2317967,14709,977,499
1779135409.2481666,14710,977,499
1779135409.256897,14711,977,501
1779135409.2655435,14712,977,499
1779135409.2792785,14713,977,499
1779135409.28555,14714,977,501
1779135409.2992756,14715,977,500
1779135409.3081238,14716,977,500
1779135409.3170455,14717,977,500
1779135409.3281507,14718,977,500
1779135409.3420353,14719,977,501
1779135409.343103,14720,977,500
1779135409.3519683,14721,977,500
1779135409.3831282,14722,977,502
1779135409.3843033,14723,977,500
1779135409.4093356,14724,977,500
1779135409.4106703,14725,977,501
1779135409.4118717,14726,977,500
1779135409.4405901,14727,977,499
1779135409.4418995,14728,977,500
1779135409.4630854,14729,977,500
1779135409.4644055,14730,977,499
1779135409.4655855,14731,977,499
1779135409.4668941,14732,977,499
1779135409.480571,14733,977,499
1779135409.4868786,14734,977,499
1779135409.4955604,14735,977,500
1779135409.5018947,14736,977,499
1779135409.5155873,14737,977,499
1779135409.5231462,14738,977,500
1779135409.5319226,14739,977,499
1779135409.545595,14740,977,499
1779135409.5543227,14741,977,499
1779135409.5655644,14742,977,499
1779135409.574341,14743,977,499
1779135409.5881543,14744,977,499
1779135409.5968704,14745,977,501
1779135409.6080792,14746,977,499
1779135409.6168907,14747,863,499
1779135409.626899,14748,663,499
1779135409.6405597,14749,479,499
1779135409.6468904,14750,319,499
1779135409.660558,14751,183,499
1779135409.6618662,14752,75,499
1779135409.6755915,14753,1,498
1779135409.681877,14754,1,499
1779135409.6956813,14755,1,498
1779135409.7043395,14756,1,499
1779135409.7131553,14757,0,498
1779135409.7243934,14758,0,498
1779135409.7506993,14759,1,498
1779135409.7522798,14760,1,498
1779135409.7769275,14761,1,498
1779135409.7780724,14762,0,497
1779135409.7942872,14763,1,497
1779135409.7955275,14764,1,497
1779135409.796881,14765,0,497
1779135409.8131318,14766,0,497
1779135409.8143098,14767,1,497
1779135409.8230839,14768,1,496
1779135409.8330836,14769,0,497
1779135409.8443286,14770,1,497
1779135409.8531222,14771,1,497
1779135409.8669474,14772,1,496
1779135409.8755765,14773,1,496
1779135409.8868735,14774,1,496
1779135409.8955562,14775,1,495
1779135409.9093893,14776,1,495
1779135409.9181085,14777,21,496
1779135409.9293525,14778,47,496
1779135409.938096,14779,69,495
1779135409.9519722,14780,92,496
1779135409.9606922,14781,108,495
1779135409.9719753,14782,120,496
1779135409.985734,14783,125,496
1779135409.9857523,14784,126,496
1779135409.9943311,14785,124,496
1779135410.0031517,14786,129,496
1779135410.0143995,14787,146,496
1779135410.0231318,14788,192,496
1779135410.0368826,14789,280,496
1779135410.0444012,14790,423,497
1779135410.0781684,14791,627,497
1779135410.0793338,14792,884,498
1779135410.080587,14793,977,497
1779135410.086872,14794,977,498
1779135410.1232367,14795,977,497
1779135410.1244276,14796,977,498
1779135410.1380684,14797,977,498
1779135410.1393034,14798,977,499
1779135410.140612,14799,977,499
1779135410.1418695,14800,977,499
1779135410.1543622,14801,977,499
1779135410.1631522,14802,977,498
1779135410.1793098,14803,977,499
1779135410.1806722,14804,977,499
1779135410.1943436,14805,977,499
1779135410.2081091,14806,977,500
1779135410.214362,14807,977,499
1779135410.2281444,14808,977,499
1779135410.236916,14809,977,499
1779135410.245634,14810,977,499
1779135410.256956,14811,977,501
1779135410.265589,14812,977,499
1779135410.279327,14813,977,500
1779135410.2882693,14814,977,499
1779135410.2993443,14815,977,499
1779135410.3006756,14816,977,499
1779135410.3143284,14817,977,499
1779135410.3231115,14818,977,499
1779135410.3344693,14819,977,499
1779135410.343144,14820,977,500
1779135410.3569674,14821,977,499
1779135410.3656943,14822,977,500
1779135410.3769934,14823,977,498
1779135410.385873,14824,977,499
1779135410.3993897,14825,977,499
1779135410.40818,14826,977,498
1779135410.4193838,14827,977,498
1779135410.4282603,14828,977,499
1779135410.4419832,14829,977,499
1779135410.4507787,14830,977,499
1779135410.4819503,14831,977,499
1779135410.5081997,14832,977,500
1779135410.5082495,14833,977,499
1779135410.5093427,14834,977,499
1779135410.5130868,14835,930,501
1779135410.5143347,14836,729,500
1779135410.5155435,14837,538,500
1779135410.5294151,14838,367,500
1779135410.530617,14839,220,500
1779135410.5456889,14840,98,500
1779135410.554365,14841,5,500
1779135410.5655887,14842,0,500
1779135410.576926,14843,0,501
1779135410.5856276,14844,1,502
1779135410.5994039,14845,0,501
1779135410.608184,14846,0,502
1779135410.6193292,14847,1,502
1779135410.6205845,14848,0,502
1779135410.6343472,14849,0,502
1779135410.6431086,14850,0,502
1779135410.6543584,14851,1,502
1779135410.6643229,14852,0,502
1779135410.6780689,14853,0,503
1779135410.6843917,14854,0,502
1779135410.7180889,14855,0,502
1779135410.7193065,14856,0,502
1779135410.7205875,14857,0,502
1779135410.7268562,14858,1,502
1779135410.738083,14859,0,502
1779135410.7468848,14860,0,501
1779135410.7606673,14861,0,501
1779135410.7718613,14862,1,500
1779135410.7780828,14863,1,500
1779135410.784346,14864,0,500
1779135410.793069,14865,0,499
1779135410.8069992,14866,1,499
1779135410.813107,14867,0,499
1779135410.8269744,14868,1,499
1779135410.8731465,14869,0,499
1779135410.8743625,14870,0,499
1779135410.875612,14871,0,497
1779135410.8768804,14872,1,498
1779135410.878084,14873,7,499
1779135410.892018,14874,23,498
1779135410.8983932,14875,36,499
1779135410.9069579,14876,49,499
1779135410.920592,14877,63,498
1779135410.929336,14878,88,499
1779135410.945671,14879,131,499
1779135410.9470966,14880,208,499
1779135410.9531145,14881,328,499
1779135410.961907,14882,503,499
1779135410.9731607,14883,726,500
1779135410.9844646,14884,975,500
1779135410.9932294,14885,977,500
1779135411.0070202,14886,977,500
1779135411.0131261,14887,977,501
1779135411.0269113,14888,977,502
1779135411.0356705,14889,977,501
1779135411.0444076,14890,977,501
1779135411.0556426,14891,977,501
1779135411.0643492,14892,977,501
1779135411.078098,14893,977,502
1779135411.0868554,14894,977,503
1779135411.0981002,14895,977,502
1779135411.1031148,14896,977,502
1779135411.1118796,14897,977,502
1779135411.1256428,14898,977,502
1779135411.1318607,14899,977,502
1779135411.1456149,14900,977,502
1779135411.154464,14901,977,502
1779135411.1682158,14902,977,502
1779135411.1769772,14903,977,503
1779135411.185725,14904,977,502
1779135411.1969805,14905,977,502
1779135411.2372203,14906,977,502
1779135411.238139,14907,977,501
1779135411.2397323,14908,977,501
1779135411.2407925,14909,977,501
1779135411.2543945,14910,977,500
1779135411.2556078,14911,977,501
1779135411.2656195,14912,977,502
1779135411.274396,14913,977,500
1779135411.2831194,14914,977,500
1779135411.2943614,14915,977,500
1779135411.3031228,14916,977,500
1779135411.3170104,14917,977,499
1779135411.3256445,14918,977,499
1779135411.3631585,14919,977,500
1779135411.3644326,14920,977,500
1779135411.365616,14921,977,501
1779135411.366875,14922,977,499
1779135411.3781667,14923,822,500
1779135411.3870013,14924,646,499
1779135411.404398,14925,487,499
1779135411.4056315,14926,348,499
1779135411.4219077,14927,231,499
1779135411.4231396,14928,135,498
1779135411.4319165,14929,62,498
1779135411.4456973,14930,10,498
1779135411.4518871,14931,0,498
1779135411.4657226,14932,0,498
1779135411.4744723,14933,0,499
1779135411.4831436,14934,0,498
1779135411.4944067,14935,1,498
1779135411.503122,14936,0,498
1779135411.5132415,14937,0,498
1779135411.5269837,14938,0,498
1779135411.5382738,14939,0,498
1779135411.5470157,14940,0,497
1779135411.5606897,14941,0,498
1779135411.6043842,14942,1,499
1779135411.605587,14943,0,498
1779135411.606866,14944,0,499
1779135411.608134,14945,0,499
1779135411.6093695,14946,0,499
1779135411.6169047,14947,1,497
1779135411.6256459,14948,28,498
1779135411.6344516,14949,53,496
1779135411.6481154,14950,77,496
1779135411.6543784,14951,95,496
1779135411.6681178,14952,110,496
1779135411.676917,14953,122,496
1779135411.685736,14954,130,495
1779135411.6969068,14955,132,496
1779135411.705683,14956,132,496
1779135411.7193637,14957,127,496
1779135411.728132,14958,120,496
1779135411.739418,14959,111,496
1779135411.740698,14960,102,496
1779135411.7543879,14961,92,495
1779135411.7631423,14962,85,496
1779135411.7744684,14963,79,495
1779135411.7831552,14964,83,496
1779135411.79689,14965,101,495
1779135411.8056078,14966,145,495
1779135411.81696,14967,225,495
1779135411.8282967,14968,350,495
1779135411.83692,14969,521,495
1779135411.85067,14970,733,496
1779135411.8570437,14971,967,496
1779135411.870666,14972,977,496
1779135411.8793945,14973,977,498
1779135411.888134,14974,977,497
1779135411.8993874,14975,977,497
1779135411.9057193,14976,977,497
1779135411.911915,14977,977,497
1779135411.9257317,14978,977,499
1779135411.9719467,14979,977,498
1779135411.9731727,14980,977,498
1779135411.9994075,14981,977,498
1779135412.000678,14982,977,499
1779135412.0018766,14983,977,499
1779135412.0031266,14984,977,500
1779135412.0044227,14985,977,499
1779135412.0056398,14986,977,499
1779135412.0219183,14987,977,499
1779135412.0231197,14988,977,500
1779135412.036952,14989,977,500
1779135412.0456767,14990,977,500
1779135412.0569873,14991,977,500
1779135412.065631,14992,977,500
1779135412.0743937,14993,977,500
1779135412.0831199,14994,977,500
1779135412.0944896,14995,977,500
1779135412.1031773,14996,977,502
1779135412.1169915,14997,977,500
1779135412.1258578,14998,977,500
1779135412.13704,14999,977,499
1779135412.148134,15000,977,500
1779135412.1569824,15001,977,500
1779135412.1706827,15002,892,500
1779135412.1794503,15003,728,500
1779135412.1882658,15004,579,499
1779135412.201931,15005,450,500
1779135412.2106595,15006,342,499
1779135412.227048,15007,253,499
1779135412.2294126,15008,182,499
1779135412.2294343,15009,129,500
1779135412.2431972,15010,93,500
1779135412.2518666,15011,68,499
1779135412.2656865,15012,55,500
1779135412.2744644,15013,49,499
1779135412.2831492,15014,48,500
1779135412.2944586,15015,48,500
1779135412.339489,15016,51,499
1779135412.3406684,15017,53,500
1779135412.3418758,15018,58,500
1779135412.3431017,15019,59,499
1779135412.3443673,15020,58,499
1779135412.3569372,15021,56,499
1779135412.365693,15022,54,500
1779135412.3769577,15023,51,499
1779135412.385712,15024,49,499
1779135412.3944895,15025,45,499
1779135412.403221,15026,43,499
1779135412.414477,15027,41,499
1779135412.4233003,15028,44,499
1779135412.436889,15029,49,500
1779135412.445651,15030,55,500
1779135412.4569058,15031,62,499
1779135412.4644122,15032,69,499
1779135412.4781506,15033,79,499
1779135412.4869273,15034,88,499
1779135412.498156,15035,96,498
1779135412.506912,15036,107,497
1779135412.5206583,15037,114,497
1779135412.5294468,15038,121,497
1779135412.5407255,15039,126,498
1779135412.541993,15040,129,497
1779135412.555744,15041,130,497
1779135412.564461,15042,130,497
1779135412.57574,15043,126,497
1779135412.5843747,15044,120,497
1779135412.5981722,15045,115,497
1779135412.6070116,15046,108,497
1779135412.6381843,15047,101,497
1779135412.6393845,15048,102,497
1779135412.6406722,15049,115,497
1779135412.649378,15050,151,497
1779135412.6581376,15051,218,497
1779135412.6836517,15052,328,497
1779135412.6844265,15053,481,498
1779135412.7144608,15054,675,498
1779135412.7156208,15055,897,498
1779135412.716896,15056,977,498
1779135412.7181382,15057,977,499
1779135412.7269413,15058,977,499
1779135412.733248,15059,977,499
1779135412.7469046,15060,977,500
1779135412.755657,15061,977,499
1779135412.7644498,15062,977,499
1779135412.7731655,15063,977,499
1779135412.7869143,15064,977,499
1779135412.7956874,15065,977,500
1779135412.8094146,15066,977,499
1779135412.8156142,15067,977,499
1779135412.8294094,15068,977,499
1779135412.8382,15069,977,499
1779135412.851969,15070,977,499
1779135412.8606646,15071,977,499
1779135412.871942,15072,977,499
1779135412.8719578,15073,977,498
1779135412.8856578,15074,977,498
1779135412.8919072,15075,977,498
1779135412.9057393,15076,977,497
1779135412.91446,15077,977,497
1779135412.9232543,15078,977,498
1779135412.9344926,15079,977,497
1779135412.9432678,15080,977,497
1779135412.9570358,15081,977,497
1779135412.9657347,15082,977,496
1779135412.9745026,15083,977,496
1779135412.9882362,15084,977,497
1779135412.996987,15085,977,496
1779135413.005665,15086,977,496
1779135413.0169168,15087,977,495
1779135413.0344715,15088,977,495
1779135413.0344877,15089,879,495
1779135413.0594547,15090,713,495
1779135413.0606496,15091,563,495
1779135413.0857775,15092,432,495
1779135413.086986,15093,321,494
1779135413.0883057,15094,234,494
1779135413.1044028,15095,165,494
1779135413.10566,15096,115,493
1779135413.1194606,15097,80,494
1779135413.1283119,15098,58,494
1779135413.1394124,15099,47,493
1779135413.1481714,15100,43,493
1779135413.16192,15101,45,493
1779135413.1706612,15102,51,493
1779135413.1831954,15103,56,492
1779135413.1920187,15104,61,493
1779135413.1920402,15105,65,493
1779135413.2056792,15106,70,493
1779135413.2146115,15107,73,493
1779135413.2257435,15108,77,492
1779135413.234522,15109,77,493
1779135413.2483368,15110,78,492
1779135413.2782545,15111,76,493
1779135413.2793925,15112,76,492
1779135413.283172,15113,74,492
1779135413.284399,15114,74,492
1779135413.298216,15115,73,492
1779135413.3094347,15116,78,492
1779135413.318228,15117,81,492
1779135413.332085,15118,86,492
1779135413.340693,15119,89,492
1779135413.3572931,15120,92,492
1779135413.3573377,15121,93,492
1779135413.3632445,15122,98,492
1779135413.3769948,15123,103,492
1779135413.3832347,15124,110,492
1779135413.3932486,15125,118,491
1779135413.445783,15126,126,492
1779135413.4469247,15127,131,492
1779135413.4482145,15128,134,491
1779135413.449427,15129,133,492
1779135413.4506798,15130,134,491
1779135413.459441,15131,131,491
1779135413.4657702,15132,129,492
1779135413.4795277,15133,125,491
1779135413.488343,15134,122,491
1779135413.4970596,15135,117,491
1779135413.512013,15136,114,491
1779135413.512043,15137,110,491
1779135413.5257723,15138,107,491
1779135413.534527,15139,105,491
1779135413.5458124,15140,105,491
1779135413.5546272,15141,104,491
1779135413.5682762,15142,103,491
1779135413.5770469,15143,103,491
1779135413.5882723,15144,104,491
1779135413.5994258,15145,104,491
1779135413.608207,15146,107,491
1779135413.6219752,15147,107,491
1779135413.6281726,15148,108,492
1779135413.6419053,15149,107,492
1779135413.6506813,15150,108,492
1779135413.6645293,15151,108,492
1779135413.673201,15152,108,493
1779135413.6732273,15153,112,492
1779135413.6869228,15154,132,493
1779135413.6919825,15155,175,494
1779135413.7032168,15156,256,493
1779135413.7119453,15157,382,494
1779135413.7257228,15158,559,494
1779135413.734481,15159,783,495
1779135413.7458467,15160,976,495
1779135413.754806,15161,977,495
1779135413.7681987,15162,977,496
1779135413.7994504,15163,977,496
1779135413.800651,15164,977,496
1779135413.8194509,15165,977,496
1779135413.8206718,15166,977,497
1779135413.8219278,15167,977,497
1779135413.8231595,15168,977,499
1779135413.8334794,15169,977,497
1779135413.8420148,15170,977,498
1779135413.8556921,15171,977,497
1779135413.8619394,15172,977,498
1779135413.8756971,15173,977,497
1779135413.8844304,15174,977,497
1779135413.9206917,15175,977,497
1779135413.921925,15176,977,497
1779135413.9231691,15177,977,497
1779135413.9244268,15178,977,497
1779135413.9381785,15179,977,499
1779135413.949402,15180,977,497
1779135413.9581883,15181,977,497
1779135413.9719396,15182,977,497
1779135413.9806857,15183,977,497
1779135413.9969854,15184,977,497
1779135413.998194,15185,977,497
1779135413.9982128,15186,977,497
1779135414.011966,15187,977,496
1779135414.023173,15188,977,497
1779135414.0319717,15189,977,497
1779135414.045732,15190,977,496
1779135414.0544307,15191,977,496
1779135414.0656798,15192,977,496
1779135414.074447,15193,977,496
1779135414.0881624,15194,977,496
1779135414.096939,15195,977,496
1779135414.1081874,15196,977,496
1779135414.1169548,15197,977,496
1779135414.126966,15198,977,496
1779135414.1733243,15199,977,496
1779135414.174504,15200,977,496
1779135414.1819608,15201,977,497
1779135414.1831942,15202,977,496
1779135414.1843991,15203,977,496
1779135414.1857197,15204,977,497
1779135414.1957147,15205,876,498
1779135414.2044787,15206,687,497
1779135414.2182438,15207,513,497
1779135414.2270412,15208,359,496
1779135414.2356927,15209,229,496
1779135414.2494574,15210,125,497
1779135414.2583973,15211,46,497
1779135414.2694552,15212,0,497
1779135414.2783685,15213,0,497
1779135414.2919981,15214,0,498
1779135414.3057754,15215,1,497
1779135414.3120275,15216,0,498
1779135414.3120723,15217,1,499
1779135414.3257577,15218,0,499
1779135414.3345375,15219,0,499
1779135414.344539,15220,0,499
1779135414.3533185,15221,0,499
1779135414.3669968,15222,0,499
1779135414.3758454,15223,0,500
1779135414.3870904,15224,23,500
1779135414.395783,15225,49,500
1779135414.409512,15226,76,500
1779135414.418238,15227,96,500
1779135414.429503,15228,115,500
1779135414.4383192,15229,130,500
1779135414.446987,15230,141,500
1779135414.4607992,15231,149,500
1779135414.4619684,15232,156,500
1779135414.47704,15233,159,500
1779135414.4832625,15234,159,500
1779135414.4970465,15235,157,499
1779135414.5032325,15236,154,499
1779135414.5308063,15237,149,499
1779135414.531988,15238,144,499
1779135414.560989,15239,136,499
1779135414.5619893,15240,131,498
1779135414.5807478,15241,126,498
1779135414.5819542,15242,121,497
1779135414.5832267,15243,113,498
1779135414.5844948,15244,109,497
1779135414.5996275,15245,106,496
1779135414.60827,15246,104,496
1779135414.6170955,15247,103,496
1779135414.6320982,15248,101,496
1779135414.6321316,15249,99,495
1779135414.645879,15250,100,495
1779135414.6545725,15251,100,495
1779135414.6683373,15252,101,494
1779135414.6732814,15253,103,494
1779135414.6870103,15254,107,495
1779135414.695949,15255,110,493
1779135414.7069862,15256,112,494
1779135414.7157211,15257,113,494
1779135414.7294478,15258,115,494
1779135414.7381947,15259,117,494
1779135414.7494574,15260,117,495
1779135414.7582402,15261,118,495
1779135414.7719843,15262,121,495
1779135414.7857404,15263,134,494
1779135414.786949,15264,167,495
1779135414.791959,15265,230,494
1779135414.8057473,15266,335,495
1779135414.8144588,15267,488,495
1779135414.82583,15268,691,496
1779135414.8345425,15269,936,496
1779135414.8482065,15270,976,496
1779135414.85704,15271,976,496
1779135414.8682988,15272,977,497
1779135414.9195335,15273,977,496
1779135414.9207218,15274,977,497
1779135414.9219594,15275,977,497
1779135414.9231634,15276,977,498
1779135414.9245238,15277,977,498
1779135414.931971,15278,977,498
1779135414.9457679,15279,977,498
1779135414.9520187,15280,977,498
1779135414.9520414,15281,977,499
1779135414.9657264,15282,977,499
1779135414.9757543,15283,977,499
1779135414.984462,15284,977,498
1779135414.995705,15285,977,498
1779135415.004506,15286,977,499
1779135415.01822,15287,977,498
1779135415.026983,15288,977,498
1779135415.0383723,15289,977,497
1779135415.0469878,15290,977,497
1779135415.0608122,15291,977,498
1779135415.0694625,15292,977,497
1779135415.0782237,15293,977,496
1779135415.0920413,15294,977,496
1779135415.1007638,15295,977,497
1779135415.11329,15296,977,496
1779135415.1133373,15297,977,495
1779135415.1220248,15298,977,495
1779135415.1357691,15299,977,495
1779135415.1444724,15300,977,494
1779135415.15574,15301,977,495
1779135415.1645193,15302,977,494
1779135415.2007377,15303,977,493
1779135415.2020018,15304,977,494
1779135415.2032979,15305,977,493
1779135415.2045562,15306,977,492
1779135415.2194977,15307,977,492
1779135415.2282758,15308,977,494
1779135415.2395017,15309,977,492
1779135415.2644994,15310,977,492
1779135415.2657268,15311,977,492
1779135415.2907488,15312,977,492
1779135415.2907913,15313,977,493
1779135415.2919405,15314,977,492
1779135415.2932167,15315,943,492
1779135415.3070061,15316,750,492
1779135415.3132498,15317,567,492
1779135415.327149,15318,403,491
1779135415.3357923,15319,259,491
1779135415.344577,15320,143,490
1779135415.355825,15321,51,491
1779135415.3645778,15322,1,491
1779135415.378311,15323,1,491
1779135415.3870327,15324,0,491
1779135415.3969843,15325,0,490
1779135415.4058642,15326,0,490
1779135415.4196107,15327,1,490
1779135415.437033,15328,0,490
1779135415.438245,15329,0,489
1779135415.4382753,15330,0,490
1779135415.4520347,15331,0,489
1779135415.465821,15332,1,489
1779135415.472071,15333,0,490
1779135415.4857798,15334,1,490
1779135415.4945855,15335,15,490
1779135415.5032332,15336,45,490
1779135415.5145228,15337,75,491
1779135415.5232599,15338,103,491
1779135417.6397126,15549,977,503
1779135417.6507878,15550,977,503
1779135417.6645815,15551,977,504
1779135417.672079,15552,977,504
1779135417.6833522,15553,977,505
1779135417.6833675,15554,977,505
1779135417.6920834,15555,977,505
1779135417.7059937,15556,977,505
1779135417.7145693,15557,977,505
1779135417.7258947,15558,977,507
1779135417.7585764,15559,977,505
1779135417.759622,15560,977,506
1779135417.7609618,15561,977,506
1779135417.7670586,15562,977,506
1779135417.7759871,15563,977,507
1779135417.7898529,15564,977,508
1779135417.7985628,15565,977,507
1779135417.8096092,15566,977,507
1779135417.8459847,15567,977,507
1779135417.8609548,15568,977,507
1779135417.8609898,15569,977,506
1779135417.8620503,15570,977,507
1779135417.8633046,15571,977,506
1779135417.8645434,15572,977,508
1779135417.877095,15573,977,506
1779135417.8833046,15574,977,507
1779135417.8970594,15575,977,505
1779135417.905917,15576,977,506
1779135417.9146972,15577,977,506
1779135417.9258978,15578,977,506
1779135417.934596,15579,977,506
1779135417.9484143,15580,977,505
1779135417.9570727,15581,977,506
1779135417.9683313,15582,977,506
1779135417.980987,15583,811,505
1779135417.9961386,15584,623,505
1779135418.0021422,15585,451,505
1779135418.0021832,15586,300,505
1779135418.01632,15587,172,505
1779135418.02454,15588,69,505
1779135418.0333476,15589,0,504
1779135418.0445495,15590,1,504
1779135418.0533135,15591,0,504
1779135418.067054,15592,1,504
1779135418.0758982,15593,0,504
1779135418.087155,15594,0,504
1779135418.095987,15595,1,504
1779135418.1096017,15596,0,504
1779135418.118386,15597,0,504
1779135418.1295867,15598,1,504
1779135418.143427,15599,1,504
1779135418.1534827,15600,0,504
1779135418.1534982,15601,1,503
1779135418.1645777,15602,1,503
1779135418.1732955,15603,1,503
1779135418.2235491,15604,1,503
1779135418.224577,15605,0,503
1779135418.22961,15606,0,503
1779135418.2309604,15607,0,503
1779135418.2320938,15608,0,502
1779135418.233327,15609,0,502
1779135418.2495606,15610,1,502
1779135418.2559834,15611,0,502
1779135418.269567,15612,1,502
1779135418.2782855,15613,0,502
1779135418.289568,15614,0,502
1779135418.2984266,15615,0,502
1779135418.3121393,15616,1,503
1779135418.3121588,15617,0,503
1779135418.3233654,15618,1,503
1779135418.3372235,15619,1,503
1779135418.3434033,15620,0,503
1779135418.3572116,15621,1,504
1779135418.3633301,15622,1,504
1779135418.4010148,15623,1,504
1779135418.402116,15624,1,504
1779135418.4035301,15625,1,503
1779135418.4045563,15626,55,504
1779135418.4208362,15627,131,504
1779135418.4259813,15628,249,504
1779135418.439713,15629,419,504
1779135418.4465272,15630,638,505
1779135418.4596348,15631,897,506
1779135418.474727,15632,976,505
1779135418.480883,15633,977,505
1779135418.4809136,15634,977,505
1779135418.494691,15635,977,506
1779135418.5034263,15636,977,507
1779135418.5171108,15637,977,507
1779135418.5233634,15638,977,508
1779135418.5371075,15639,977,508
1779135418.5461373,15640,977,509
1779135418.5710084,15641,977,509
1779135418.5720813,15642,977,510
1779135418.5909073,15643,977,510
1779135418.5921075,15644,977,510
1779135418.6009164,15645,977,510
1779135418.6109304,15646,977,511
1779135418.619617,15647,977,510
1779135418.6346767,15648,977,511
1779135418.6408937,15649,977,510
1779135418.6409183,15650,977,511
1779135418.6546044,15651,977,511
1779135418.663435,15652,977,511
1779135418.6771324,15653,977,511
1779135418.683388,15654,977,511
1779135418.6971312,15655,977,511
1779135418.7059972,15656,977,512
1779135418.7196686,15657,977,511
1779135418.7258797,15658,977,512
1779135418.7396126,15659,977,511
1779135418.7483547,15660,977,512
1779135418.7620964,15661,977,512
1779135418.7683873,15662,977,511
1779135418.7822306,15663,977,511
1779135418.792447,15664,977,511
1779135418.7924929,15665,977,511
1779135418.803371,15666,977,512
1779135418.8173568,15667,977,511
1779135418.8235188,15668,977,512
1779135418.8372054,15669,977,512
1779135418.8434484,15670,977,513
1779135418.8572094,15671,977,512
1779135418.8660555,15672,907,512
1779135418.8745966,15673,746,512
1779135418.8860621,15674,594,512
1779135418.8946276,15675,455,512
1779135418.9084785,15676,331,511
1779135418.9612598,15677,223,511
1779135418.962272,15678,133,510
1779135418.9635181,15679,58,511
1779135418.9658527,15680,1,510
1779135418.9677286,15681,0,510
1779135418.9677513,15682,0,510
1779135418.9826658,15683,1,508
1779135418.983458,15684,1,508
1779135418.9972014,15685,1,508
1779135419.0034308,15686,1,508
1779135419.0411084,15687,1,507
1779135419.0422184,15688,0,507
1779135419.043462,15689,0,507
1779135419.0446126,15690,0,506
1779135419.059641,15691,1,505
1779135419.0684838,15692,0,505
1779135419.0772293,15693,0,505
1779135419.0885315,15694,1,504
1779135419.102162,15695,1,503
1779135419.1122046,15696,0,504
1779135419.112223,15697,0,502
1779135419.1234124,15698,0,502
1779135419.1321535,15699,1,501
1779135419.1472337,15700,0,501
1779135419.152158,15701,0,500
1779135419.1684422,15702,1,500
1779135419.1773045,15703,1,500
1779135419.1910615,15704,0,499
1779135419.1959212,15705,0,499
1779135419.2073839,15706,1,498
1779135419.221024,15707,1,497
1779135419.2273052,15708,0,497
1779135419.2410495,15709,0,498
1779135419.2472036,15710,1,497
1779135419.258463,15711,1,497
1779135419.2722876,15712,1,497
1779135419.272326,15713,1,496
1779135419.3222158,15714,35,497
1779135419.3234015,15715,97,496
1779135419.324663,15716,203,496
1779135419.325904,15717,359,496
1779135419.3272173,15718,567,497
1779135419.3372722,15719,817,497
1779135419.3460138,15720,976,497
1779135419.3546898,15721,977,499
1779135419.3659186,15722,977,497
1779135419.3796992,15723,977,497
1779135419.3859413,15724,977,497
1779135419.3997517,15725,977,498
1779135419.4060113,15726,977,497
1779135419.4196844,15727,977,497
1779135419.4347012,15728,977,497
1779135419.440906,15729,977,497
1779135419.440952,15730,977,497
1779135419.4546635,15731,977,497
1779135419.4634376,15732,977,497
1779135419.4772756,15733,977,497
1779135419.48339,15734,977,496
1779135419.497209,15735,977,495
1779135419.5059862,15736,977,495
1779135419.5147076,15737,977,495
1779135419.5260193,15738,977,495
1779135419.534709,15739,977,495
1779135419.5484877,15740,977,496
1779135419.5571678,15741,977,494
1779135419.5672224,15742,977,494
1779135419.575931,15743,977,493
1779135419.5909255,15744,977,493
1779135419.6071665,15745,977,492
1779135419.6084282,15746,977,492
1779135419.6084375,15747,977,492
1779135419.6221542,15748,977,492
1779135419.6359453,15749,977,492
1779135419.6421423,15750,977,493
1779135419.6696763,15751,977,491
1779135419.6708717,15752,977,491
1779135419.695948,15753,977,491
1779135419.6971254,15754,977,491
1779135419.7222462,15755,977,491
1779135419.7233589,15756,848,491
1779135419.7295864,15757,690,491
1779135419.7308884,15758,545,490
1779135419.7358978,15759,416,490
1779135419.744697,15760,305,490
1779135419.7534552,15761,215,489
1779135419.7634406,15762,140,489
1779135419.7723155,15763,80,489
1779135419.786042,15764,37,489
1779135419.7947366,15765,7,489
1779135419.8059678,15766,0,489
1779135419.8146882,15767,0,489
1779135419.8284585,15768,1,490
1779135419.8371687,15769,0,489
1779135419.8485112,15770,1,489
1779135419.8571475,15771,1,490
1779135419.8672104,15772,0,490
1779135419.8809154,15773,1,489
1779135419.8871338,15774,1,490
1779135419.9009194,15775,0,490
1779135419.91591,15776,1,490
1779135419.9221463,15777,0,491
1779135419.9221857,15778,1,490
1779135419.9359283,15779,0,489
1779135419.944652,15780,0,489
1779135419.9533603,15781,0,489
1779135419.9646308,15782,1,489
1779135419.9771667,15783,1,488
1779135419.9862201,15784,9,489
1779135419.9946513,15785,25,489
1779135420.005897,15786,42,489
1779135420.0148306,15787,58,490
1779135420.0584576,15788,72,490
1779135420.0596268,15789,85,490
1779135420.060886,15790,95,491
1779135420.0621078,15791,105,490
1779135420.0771992,15792,112,491
1779135420.0772345,15793,116,491
1779135420.084643,15794,130,491
1779135420.0984251,15795,163,492
1779135420.1034229,15796,224,492
1779135420.1171792,15797,329,492
1779135420.1233764,15798,487,493
1779135420.137163,15799,694,494
1779135420.1459284,15800,944,495
1779135420.1596777,15801,977,494
1779135420.1659424,15802,977,495
1779135420.179665,15803,977,495
1779135420.1896515,15804,977,496
1779135420.1984315,15805,977,497
1779135420.2096136,15806,977,496
1779135420.2235334,15807,977,496
1779135420.2335618,15808,977,496
1779135420.233616,15809,977,496
1779135420.2447264,15810,977,497
1779135420.2535186,15811,977,497
1779135420.2671268,15812,977,497
1779135420.275987,15813,977,497
1779135420.2871408,15814,977,498
1779135420.31849,15815,977,499
1779135420.3196979,15816,977,497
1779135420.3209505,15817,977,498
1779135420.327266,15818,977,497
1779135420.3409498,15819,977,497
1779135420.3497925,15820,977,497
1779135420.3585513,15821,977,497
1779135420.3696554,15822,977,498
1779135420.3835034,15823,977,497
1779135420.4097164,15824,977,497
1779135420.409755,15825,977,496
1779135420.4108768,15826,977,496
1779135420.432255,15827,977,497
1779135420.433401,15828,977,496
1779135420.4346054,15829,977,496
1779135420.445922,15830,977,496
1779135420.4547243,15831,977,496
1779135420.4687278,15832,977,496
1779135420.4772503,15833,977,496
1779135420.4885364,15834,977,496
1779135420.49972,15835,977,495
1779135420.5086997,15836,977,495
1779135420.522234,15837,977,495
1779135420.5285225,15838,977,495
1779135420.5422544,15839,977,496
1779135420.5523508,15840,839,495
1779135420.5523834,15841,659,494
1779135420.5634427,15842,492,494
1779135420.5722387,15843,344,493
1779135420.585998,15844,220,493
1779135420.5946906,15845,119,492
1779135420.6086476,15846,40,492
1779135420.6135192,15847,1,492
1779135420.6274204,15848,1,492
1779135420.6360118,15849,0,492
1779135420.6472075,15850,1,491
1779135420.6559734,15851,1,491
1779135420.669754,15852,1,492
1779135420.6784449,15853,0,491
1779135420.689731,15854,0,492
1779135420.703484,15855,1,491
1779135420.7160661,15856,1,491
1779135420.716128,15857,0,490
1779135420.7221935,15858,0,491
1779135420.735981,15859,1,491
1779135420.744726,15860,0,491
1779135420.7697694,15861,0,490
1779135420.7709174,15862,1,491
1779135420.796056,15863,1,491
1779135420.7972248,15864,0,489
1779135420.8011708,15865,1,489
1779135420.8072248,15866,1,488
1779135420.8234348,15867,1,489
1779135420.8246446,15868,0,488
1779135420.8385098,15869,0,488
1779135420.8496315,15870,1,488
1779135420.8633666,15871,43,489
1779135420.8734388,15872,81,489
1779135420.873459,15873,115,489
1779135420.8846624,15874,143,489
1779135420.8934536,15875,165,490
1779135420.9072764,15876,179,490
1779135420.915922,15877,187,491
1779135420.9297092,15878,195,491
1779135420.9635057,15879,211,492
1779135420.9646764,15880,241,492
1779135420.9660025,15881,287,492
1779135420.9671545,15882,365,493
1779135420.977227,15883,482,493
1779135420.9859405,15884,651,494
1779135420.9996352,15885,875,494
1779135421.0071516,15886,977,495
1779135421.0208588,15887,977,495
1779135421.0308943,15888,977,495
1779135421.0410514,15889,977,496
1779135421.0410683,15890,977,497
1779135421.0547245,15891,977,496
1779135421.0634804,15892,977,496
1779135421.0771964,15893,977,496
1779135421.083414,15894,977,496
1779135421.0971587,15895,977,496
1779135421.1059182,15896,977,496
1779135421.119636,15897,977,496
1779135421.1447542,15898,977,497
1779135421.145894,15899,977,497
1779135421.1697006,15900,977,497
1779135421.1709235,15901,977,496
1779135421.172153,15902,977,496
1779135421.1873214,15903,977,496
1779135421.193463,15904,977,496
1779135421.2022827,15905,977,496
1779135421.202299,15906,977,496
1779135421.2159696,15907,977,496
1779135421.224705,15908,977,496
1779135421.2334206,15909,977,495
1779135421.2459745,15910,977,495
1779135421.254689,15911,977,495
1779135421.2684767,15912,977,495
1779135421.2773201,15913,977,495
1779135421.2885354,15914,977,494
1779135421.2973056,15915,977,494
1779135421.3110416,15916,977,494
1779135421.319686,15917,977,494
1779135421.330997,15918,977,493
1779135421.344809,15919,977,493
1779135421.3523219,15920,977,494
1779135421.3635845,15921,977,494
1779135421.372306,15922,977,493
1779135421.3723342,15923,977,494
1779135421.3859706,15924,977,493
1779135421.39479,15925,977,493
1779135421.4060254,15926,977,492
1779135421.414753,15927,977,493
1779135421.4284253,15928,977,493
1779135421.4372783,15929,977,493
1779135421.4486282,15930,971,492
1779135421.4584112,15931,737,493
1779135421.467262,15932,528,492
1779135421.4809067,15933,343,492
1779135421.4872518,15934,183,492
1779135421.512249,15935,53,492
1779135421.5321975,15936,0,491
1779135421.5334322,15937,0,491
1779135421.5334496,15938,1,491
1779135421.5346768,15939,0,492
1779135421.5496771,15940,1,492
1779135421.5509615,15941,0,491
1779135421.5646899,15942,0,491
1779135421.598529,15943,0,491
1779135421.5997684,15944,0,491
1779135421.601014,15945,0,491
1779135421.607163,15946,0,491
1779135421.6160686,15947,1,491
1779135421.6296885,15948,0,491
1779135421.63849,15949,0,491
1779135421.649675,15950,1,491
1779135421.6635032,15951,0,490
1779135421.672285,15952,1,490
1779135421.6723275,15953,1,490
1779135421.6834414,15954,1,490
1779135421.692192,15955,1,491
1779135421.7059937,15956,0,490
1779135421.7148256,15957,0,491
1779135421.72595,15958,0,490
1779135421.7347383,15959,1,490
1779135421.748586,15960,0,489
1779135421.7571747,15961,0,490
1779135421.772185,15962,0,491
1779135421.773433,15963,0,491
1779135421.787174,15964,1,491
1779135421.8009057,15965,0,492
1779135421.8072956,15966,1,492
1779135421.820929,15967,1,491
1779135421.8359785,15968,1,493
1779135421.8422651,15969,0,493
1779135421.8422837,15970,1,493
1779135421.8747134,15971,0,494
1779135421.8759048,15972,0,494
1779135421.9009469,15973,17,494
1779135421.9021606,15974,125,494
1779135421.908439,15975,290,495
1779135421.9096498,15976,514,495
1779135421.9146898,15977,791,496
1779135421.9259238,15978,977,496
1779135421.9347897,15979,977,497
1779135421.9485707,15980,977,496
1779135421.9572408,15981,977,497
1779135421.968603,15982,977,497
1779135421.9798067,15983,977,498
1779135421.9947252,15984,977,497
1779135422.0009863,15985,977,497
1779135422.0147083,15986,977,499
1779135422.014747,15987,977,498
1779135422.0234342,15988,977,498
1779135422.0372016,15989,977,499
1779135422.0434864,15990,977,498
1779135422.0572395,15991,977,498
1779135422.0659611,15992,977,498
1779135422.079676,15993,977,498
1779135422.0884626,15994,977,497
1779135422.097196,15995,977,499
1779135422.1109345,15996,977,498
1779135422.1197107,15997,977,497
1779135422.1310325,15998,977,497
1779135422.1446981,15999,977,497
1779135422.1521912,16000,977,497
1779135422.1635673,16001,977,498
1779135422.172201,16002,977,497
1779135422.172236,16003,977,497
1779135422.1859515,16004,977,497
1779135422.1935716,16005,977,496
1779135422.2046726,16006,977,496
1779135422.2385483,16007,977,495
1779135422.2397256,16008,977,495
1779135422.2648947,16009,977,494
1779135422.2660809,16010,977,494
1779135422.2886276,16011,977,495
1779135422.289797,16012,977,493
1779135422.2910326,16013,977,493
1779135422.292267,16014,977,492
1779135422.3047094,16015,977,492
1779135422.3134756,16016,977,492
1779135422.3222616,16017,977,492
1779135422.322322,16018,977,491
1779135422.333477,16019,933,491
1779135422.3422053,16020,735,491
1779135422.3560688,16021,548,490
1779135422.3648734,16022,378,489
1779135422.3760912,16023,229,489
1779135422.3847542,16024,106,489
1779135422.3984923,16025,9,488
1779135422.4048011,16026,0,488
1779135422.4210596,16027,1,487
1779135422.4222355,16028,0,487
1779135422.436193,16029,1,487
1779135422.449711,16030,1,487
1779135422.4559846,16031,1,487
1779135422.4648745,16032,0,486
1779135422.4736807,16033,0,487
1779135422.4824743,16034,1,487
1779135422.498634,16035,1,487
1779135422.4996707,16036,0,486
1779135422.5122461,16037,0,487
1779135422.5260375,16038,1,486
1779135422.5373185,16039,0,486
1779135422.5460227,16040,1,485
1779135422.5598128,16041,0,486
1779135422.5685184,16042,1,486
1779135422.5798204,16043,1,486
1779135422.588597,16044,0,486
1779135422.6322265,16045,0,486
1779135422.6334472,16046,1,485
1779135422.6409707,16047,1,486
1779135422.6434414,16048,0,484
1779135422.6447296,16049,0,486
1779135422.6447442,16050,0,485
1779135422.6559753,16051,1,484
1779135422.6647248,16052,0,484
1779135422.6785324,16053,0,484
1779135422.6873522,16054,0,484
1779135422.6986535,16055,1,483
1779135422.7072225,16056,0,484
1779135422.7161136,16057,0,484
1779135422.7297478,16058,1,484
1779135422.7409923,16059,1,483
1779135422.7497787,16060,0,483
1779135422.763481,16061,1,484
1779135422.7724137,16062,1,484
1779135422.7835274,16063,1,485
1779135422.7922986,16064,0,484
1779135422.7923317,16065,1,486
1779135422.8060548,16066,29,485
1779135422.8159728,16067,99,484
1779135422.8222501,16068,211,486
1779135422.836063,16069,376,486
1779135422.8448563,16070,599,486
1779135422.8785882,16071,870,486
1779135422.8797598,16072,977,487
1779135422.8809285,16073,977,486
1779135422.8909857,16074,977,487
1779135422.8972125,16075,977,487
1779135422.908559,16076,977,487
1779135422.9172244,16077,977,489
1779135422.92598,16078,977,487
1779135422.93967,16079,977,487
1779135422.9559963,16080,977,487
1779135422.9560232,16081,977,487
1779135422.9809883,16082,977,487
1779135422.982198,16083,977,488
1779135423.0009909,16084,977,489
1779135423.0022187,16085,977,487
1779135423.0034409,16086,977,487
1779135423.0173044,16087,977,487
1779135423.0259519,16088,977,487
1779135423.0347304,16089,977,487
1779135423.0484703,16090,977,486
1779135423.0571806,16091,977,487
1779135423.0684752,16092,977,487
1779135423.077207,16093,977,486
1779135423.0909874,16094,977,486
1779135423.0998135,16095,977,486
1779135423.116031,16096,977,485
1779135423.1160824,16097,977,485
1779135423.127227,16098,977,485
1779135423.1322362,16099,977,485
1779135423.1435664,16100,977,485
1779135423.1572468,16101,977,484
1779135423.163466,16102,977,484
1779135423.177223,16103,977,484
1779135423.183458,16104,977,483
1779135423.1972196,16105,977,483
1779135423.2059927,16106,977,483
1779135423.2147326,16107,977,483
1779135423.2297335,16108,977,482
1779135423.2348557,16109,977,482
1779135423.2485414,16110,977,483
1779135423.2572563,16111,977,484
1779135423.2735124,16112,977,483
1779135423.282303,16113,977,483
1779135423.2823167,16114,799,482
1779135423.295975,16115,614,483
1779135423.3022168,16116,444,482
1779135423.3159893,16117,295,481
1779135423.3250113,16118,168,481
1779135423.3497956,16119,66,481
1779135423.350971,16120,0,482
1779135423.3761747,16121,0,481
1779135423.377239,16122,1,481
1779135423.3997326,16123,1,481
1779135423.4010093,16124,0,481
1779135423.4022357,16125,0,481
1779135423.4122481,16126,1,481
1779135423.4185011,16127,0,481
1779135423.4360962,16128,0,481
1779135423.4409869,16129,0,481
1779135423.4547431,16130,1,481
1779135423.4547575,16131,1,480
1779135423.4660833,16132,0,481
1779135423.4747598,16133,0,480
1779135423.4885798,16134,0,481
1779135423.5184848,16135,0,481
1779135423.5197563,16136,0,481
1779135423.520973,16137,0,480
1779135423.5309887,16138,0,480
1779135423.5385,16139,0,479
1779135423.54974,16140,1,480
1779135423.5585816,16141,0,480
1779135423.5722618,16142,1,480
1779135423.5809815,16143,1,480
1779135423.5972114,16144,0,480
1779135423.5985062,16145,0,480
1779135423.6122534,16146,1,480
1779135423.6122787,16147,28,480
1779135423.6235018,16148,50,480
1779135423.6322951,16149,71,481
1779135423.646178,16150,88,482
1779135423.6547198,16151,102,483
1779135423.6659813,16152,116,483
1779135423.674757,16153,141,483
1779135423.688583,16154,189,483
1779135423.728522,16155,274,484
1779135423.7297275,16156,408,485
1779135423.7386014,16157,598,486
1779135423.7397482,16158,840,486
1779135423.7410278,16159,977,486
1779135423.752217,16160,977,487
1779135423.7610543,16161,977,488
1779135423.7748058,16162,977,488
1779135423.7748406,16163,977,489
1779135423.7859921,16164,977,489
1779135423.7948258,16165,977,491
1779135423.8086069,16166,977,490
1779135423.8173363,16167,977,490
1779135423.8285878,16168,977,490
1779135423.837313,16169,977,491
1779135423.8513453,16170,977,492
1779135423.8597455,16171,977,492
1779135423.8709996,16172,977,492
1779135423.8797367,16173,977,492
1779135423.8935733,16174,977,492
1779135423.9022923,16175,977,492
1779135423.903561,16176,977,492
1779135423.9135668,16177,977,493
1779135423.922484,16178,977,492
1779135423.936087,16179,977,492
1779135423.9423175,16180,977,492
1779135423.958556,16181,977,492
1779135423.963516,16182,977,493
1779135423.9773507,16183,977,492
1779135423.9835775,16184,977,492
1779135423.9973657,16185,977,492
1779135424.0111027,16186,977,492
1779135424.015997,16187,977,493
1779135424.027255,16188,977,492
1779135424.041074,16189,977,492
1779135424.047266,16190,977,491
1779135424.0735028,16191,977,492
1779135424.0998106,16192,977,492
1779135424.1009905,16193,977,493
1779135424.1010065,16194,977,491
1779135424.1134846,16195,977,492
1779135424.114734,16196,871,492
1779135424.11599,16197,700,493
1779135424.126074,16198,539,492
1779135424.158666,16199,395,492
1779135424.1598396,16200,271,492
1779135424.1610541,16201,169,492
1779135424.162356,16202,86,492
1779135424.1772504,16203,22,492
1779135424.1835039,16204,1,492
1779135424.1972613,16205,0,492
1779135424.2060378,16206,0,492
1779135424.2197833,16207,0,492
1779135424.2360787,16208,0,492
1779135424.236108,16209,0,492
1779135424.2422361,16210,1,492
1779135424.256126,16211,0,492
1779135424.2623336,16212,0,492
1779135424.2786644,16213,0,493
1779135424.2797425,16214,1,493
1779135424.293604,16215,1,492
1779135424.304823,16216,0,493
1779135424.3137653,16217,0,492
1779135424.3273318,16218,1,493
1779135424.3360837,16219,1,493
1779135424.3473709,16220,1,492
1779135424.3561242,16221,0,493
1779135424.3698986,16222,0,493
1779135424.3811324,16223,1,493
1779135424.3974538,16224,0,492
1779135424.3986864,16225,1,493
1779135424.412288,16226,0,493
1779135424.412326,16227,1,492
1779135424.4237971,16228,1,493
1779135424.4586377,16229,0,494
1779135424.4597752,16230,1,494
1779135424.4735405,16231,1,494
1779135424.4747584,16232,1,494
1779135424.4759986,16233,5,494
1779135424.4885883,16234,24,495
1779135424.4948132,16235,41,495
1779135424.5060933,16236,57,495
1779135424.5148041,16237,71,496
1779135424.528603,16238,85,496
1779135424.5373912,16239,105,497
1779135424.5536067,16240,140,497
1779135424.5623403,16241,204,498
1779135424.5623813,16242,315,499
1779135424.5761833,16243,483,499
1779135424.5861514,16244,709,500
1779135424.5948741,16245,974,501
1779135424.6035204,16246,977,500
1779135424.6172855,16247,977,501
1779135424.623527,16248,977,501
1779135424.6374853,16249,977,502
1779135424.6461685,16250,977,502
1779135424.654959,16251,977,502
1779135424.6660328,16252,977,502
1779135424.6748166,16253,977,503
1779135424.6873002,16254,977,503
1779135424.6960642,16255,977,502
1779135424.7110639,16256,977,503
1779135424.724785,16257,977,504
1779135424.7335975,16258,977,504
1779135424.733611,16259,977,503
1779135424.7448866,16260,977,503
1779135424.7536135,16261,977,503
1779135424.7673595,16262,977,504
1779135424.8011608,16263,977,504
1779135424.8023217,16264,977,503
1779135424.827573,16265,977,504
1779135424.8286645,16266,977,504
1779135424.847495,16267,977,502
1779135424.8487704,16268,977,503
1779135424.8497796,16269,977,502
1779135424.851119,16270,977,503
1779135424.8651073,16271,977,502
1779135424.8710592,16272,977,502
1779135424.8848042,16273,977,501
1779135424.8936076,16274,977,501
1779135424.8936198,16275,977,501
1779135424.9037573,16276,977,501
1779135424.9123502,16277,977,501
1779135424.9262145,16278,977,500
1779135424.9348304,16279,977,502
1779135424.9460976,16280,977,502
1779135424.9548388,16281,977,502
1779135424.9686978,16282,977,499
1779135424.9773078,16283,977,500
1779135424.9887075,16284,977,499
1779135424.9973338,16285,977,499
1779135425.0111337,16286,977,500
1779135425.019919,16287,875,500
1779135425.0361965,16288,680,500
1779135425.0362427,16289,498,499
1779135425.0448456,16290,335,499
1779135425.053678,16291,196,499
1779135425.0648315,16292,81,498
1779135425.0786524,16293,1,499
1779135425.084971,16294,0,499
1779135425.0986733,16295,1,499
1779135425.1049693,16296,0,498
1779135425.1198113,16297,0,498
1779135425.1261508,16298,1,498
1779135425.1398892,16299,0,498
1779135425.1461117,16300,0,498
1779135425.1599004,16301,0,498
1779135425.2049508,16302,1,498
1779135425.2061377,16303,1,497
1779135425.208637,16304,0,497
1779135425.2098,16305,0,497
1779135425.2110791,16306,1,497
1779135425.2111304,16307,1,497
1779135425.2299497,16308,1,497
1779135425.2311506,16309,0,496
1779135425.244797,16310,0,496
1779135425.253641,16311,1,497
1779135425.2648249,16312,1,497
1779135425.2736466,16313,1,497
1779135425.2874155,16314,0,497
1779135425.2961388,16315,1,496
1779135425.3072674,16316,0,496
1779135425.3160288,16317,0,496
1779135425.3260748,16318,1,496
1779135425.339871,16319,1,496
1779135425.3563347,16320,0,496
1779135425.3563962,16321,0,497
1779135425.3649256,16322,1,497
1779135425.3736675,16323,1,497
1779135425.3848174,16324,1,497
1779135425.3936617,16325,8,497
1779135425.4074037,16326,29,497
1779135425.4424608,16327,45,497
1779135425.4435534,16328,60,498
1779135425.4448438,16329,74,499
1779135425.4460142,16330,91,499
1779135425.4599743,16331,121,499
1779135425.4660485,16332,184,499
1779135425.479974,16333,290,500
1779135425.4887993,16334,457,500
1779135425.4973917,16335,683,501
1779135425.512358,16336,960,501
1779135425.5123823,16337,977,501
1779135425.5274138,16338,977,502
1779135425.569797,16339,977,502
1779135425.5710676,16340,977,503
1779135425.5722632,16341,977,503
1779135425.5735404,16342,977,504
1779135425.574788,16343,977,503
1779135425.5910647,16344,977,503
1779135425.5922782,16345,977,504
1779135425.6061282,16346,977,504
1779135425.6198058,16347,977,503
1779135425.6261964,16348,977,504
1779135425.6348367,16349,977,504
1779135425.6485252,16350,977,504
1779135425.6572843,16351,977,504
1779135425.672338,16352,977,504
1779135425.6723518,16353,977,504
1779135425.6861897,16354,977,504
1779135425.6948946,16355,977,503
1779135425.7061534,16356,977,504
1779135425.714832,16357,977,504
1779135425.7287517,16358,977,504
1779135425.735,16359,977,504
1779135425.7510927,16360,977,504
1779135425.7524567,16361,977,504
1779135425.7661023,16362,977,503
1779135425.7798011,16363,977,504
1779135425.7861295,16364,977,504
1779135425.7998056,16365,977,503
1779135425.8087013,16366,977,503
1779135425.822421,16367,977,504
1779135425.8336236,16368,977,503
1779135425.8336802,16369,977,503
1779135425.8423018,16370,977,504
1779135425.856252,16371,977,503
1779135425.862309,16372,977,503
1779135425.8762805,16373,977,504
1779135425.8848453,16374,977,504
1779135425.911063,16375,977,504
1779135425.9122915,16376,977,504
1779135425.9411495,16377,977,504
1779135425.942408,16378,977,505
1779135425.9536214,16379,976,506
1779135425.9549766,16380,777,505
1779135425.9561656,16381,579,505
1779135425.9710667,16382,397,505
1779135425.9797776,16383,241,505
1779135425.9961386,16384,112,505
1779135425.996157,16385,14,505
1779135426.0023043,16386,1,505
1779135426.0160592,16387,0,504
1779135426.0223167,16388,0,505
1779135426.0361185,16389,0,506
1779135426.0449235,16390,1,505
1779135426.0786834,16391,1,505
1779135426.079812,16392,0,505
1779135426.081151,16393,0,505
1779135426.082374,16394,1,505
1779135426.0961506,16395,0,505
1779135426.1073258,16396,0,505
1779135426.1160803,16397,0,505
1779135426.1299443,16398,0,505
1779135426.1385767,16399,0,505
1779135426.1536508,16400,0,505
1779135426.1624172,16401,0,504
1779135426.1624353,16402,0,505
1779135426.1760578,16403,0,505
1779135426.1823366,16404,0,504
1779135426.1960623,16405,0,504
1779135426.2048953,16406,0,504
1779135426.2187493,16407,1,503
1779135426.2249024,16408,0,503
1779135426.2387345,16409,0,503
1779135426.2475343,16410,1,504
1779135426.258667,16411,0,504
1779135426.3060613,16412,0,504
1779135426.307309,16413,0,504
1779135426.3085544,16414,1,504
1779135426.3098936,16415,27,504
1779135426.312326,16416,55,504
1779135426.327408,16417,75,505
1779135426.327462,16418,84,505
1779135426.332554,16419,92,505
1779135426.343671,16420,100,506
1779135426.3524096,16421,118,507
1779135426.36745,16422,158,507
1779135426.3724525,16423,238,507
1779135426.3886042,16424,367,508
1779135426.3974118,16425,551,508
1779135426.4061463,16426,783,508
1779135426.4199154,16427,977,510
1779135426.426366,16428,977,510
1779135426.4399438,16429,977,510
1779135426.4486458,16430,977,510
1779135426.4574294,16431,977,510
1779135426.4725332,16432,977,511
1779135426.4725876,16433,977,511
1779135426.4861774,16434,977,511
1779135426.4949474,16435,977,511
1779135426.5061889,16436,977,511
1779135426.5149798,16437,977,511
1779135426.528664,16438,977,511
1779135426.5373993,16439,977,511
1779135426.5487158,16440,977,510
1779135426.5573509,16441,977,510
1779135426.5712433,16442,977,509
1779135426.5786538,16443,977,509
1779135426.5899842,16444,977,508
1779135426.5987163,16445,977,508
1779135426.6124685,16446,977,508
1779135426.6211133,16447,977,507
1779135426.6323943,16448,977,507
1779135426.6575143,16449,977,507
1779135426.6586225,16450,977,506
1779135426.6586337,16451,977,505
1779135426.6837993,16452,977,506
1779135426.6849477,16453,977,504
1779135426.6924305,16454,977,504
1779135426.7250729,16455,977,504
1779135426.726236,16456,977,503
1779135426.7424936,16457,977,503
1779135426.7436657,16458,977,503
1779135426.7449882,16459,977,503
1779135426.746169,16460,977,501
1779135426.756218,16461,977,501
1779135426.7699802,16462,907,501
1779135426.7761726,16463,735,500
1779135426.7962036,16464,575,500
1779135426.8011696,16465,433,499
1779135426.8150046,16466,311,498
1779135426.8150227,16467,210,498
1779135426.8224258,16468,126,498
1779135426.8361592,16469,63,497
1779135426.8449793,16470,17,497
1779135426.853701,16471,1,497
1779135426.864976,16472,1,497
1779135426.8736773,16473,0,496
1779135426.887405,16474,1,496
1779135426.8962824,16475,1,496
1779135426.9074397,16476,0,496
1779135426.9160993,16477,1,495
1779135426.9299548,16478,1,496
1779135426.938645,16479,1,496
1779135426.9549377,16480,1,496
1779135426.9636662,16481,0,496
1779135426.9724808,16482,1,495
1779135426.9725237,16483,1,496
1779135426.9836001,16484,0,495
1779135426.9923325,16485,0,495
1779135427.0174599,16486,0,495
1779135427.0187242,16487,1,494
1779135427.0436141,16488,22,494
1779135427.044872,16489,40,493
1779135427.0686975,16490,59,493
1779135427.069946,16491,77,493
1779135427.0711076,16492,94,493
1779135427.0761836,16493,111,493
1779135427.089953,16494,126,493
1779135427.0973096,16495,136,493
1779135427.1135974,16496,145,492
1779135427.1223605,16497,150,492
1779135427.1223793,16498,152,492
1779135427.1360955,16499,152,492
1779135427.1423318,16500,152,492
1779135427.1560814,16501,152,492
1779135427.1648781,16502,161,492
1779135427.17362,16503,186,492
1779135427.1850007,16504,240,492
1779135427.1960838,16505,336,492
1779135427.2048645,16506,483,493
1779135427.2185934,16507,678,493
1779135427.224865,16508,915,493
1779135427.2386532,16509,977,494
1779135427.2474387,16510,977,493
1779135427.256184,16511,977,494
1779135427.2711926,16512,977,496
1779135427.2849739,16513,977,495
1779135427.296179,16514,977,495
1779135427.2962093,16515,977,495
1779135427.3023598,16516,977,495
1779135427.3161666,16517,977,495
1779135427.3249137,16518,977,496
1779135427.361208,16519,977,496
1779135427.3624694,16520,977,496
1779135427.3637059,16521,977,496
1779135427.3649652,16522,977,497
1779135427.3912046,16523,977,498
1779135427.3923357,16524,977,497
1779135427.4174066,16525,977,497
1779135427.4185815,16526,977,497
1779135427.443742,16527,977,497
1779135427.4461045,16528,977,497
1779135427.447355,16529,977,497
1779135427.4561243,16530,977,497
1779135427.4561527,16531,977,497
1779135427.4623344,16532,977,497
1779135427.4761786,16533,977,497
1779135427.4849992,16534,977,497
1779135427.4935942,16535,977,496
1779135427.5050323,16536,977,497
1779135427.5137334,16537,977,496
1779135427.527462,16538,977,497
1779135427.536254,16539,977,496
1779135427.5473375,16540,977,496
1779135427.556191,16541,977,496
1779135427.5699022,16542,977,497
1779135427.5786948,16543,862,497
1779135427.5950346,16544,704,497
1779135427.603713,16545,561,497
1779135427.6124318,16546,431,497
1779135427.6124794,16547,321,497
1779135427.6237133,16548,227,497
1779135427.6325061,16549,152,497
1779135427.6460845,16550,91,497
1779135427.6549673,16551,43,498
1779135427.6661167,16552,10,497
1779135427.6749885,16553,1,498
1779135427.6886225,16554,1,497
1779135427.6973562,16555,1,498
1779135427.7086823,16556,1,499
1779135427.717467,16557,1,499
1779135427.7274797,16558,1,499
1779135427.7661169,16559,1,499
1779135427.7799134,16560,0,499
1779135427.7811625,16561,1,499
1779135427.7824304,16562,1,499
1779135427.7824504,16563,1,499
1779135427.783667,16564,17,499
1779135427.7987204,16565,33,499
1779135427.7998753,16566,48,499
1779135427.8136656,16567,63,499
1779135427.824967,16568,75,499
1779135427.8336349,16569,87,499
1779135427.8474126,16570,98,499
1779135427.8562276,16571,110,499
1779135427.8673582,16572,119,499
1779135427.8761895,16573,127,498
1779135427.889875,16574,132,499
1779135427.8986201,16575,134,499
1779135427.914889,16576,132,499
1779135427.9236853,16577,128,500
1779135427.9362204,16578,124,500
1779135427.9362626,16579,120,500
1779135427.9423378,16580,117,500
1779135427.9561517,16581,121,502
1779135427.964856,16582,137,502
1779135427.9987323,16583,178,502
1779135427.9999628,16584,256,503
1779135428.0011234,16585,383,503
1779135428.0023584,16586,561,504
1779135428.0161502,16587,786,504
1779135428.027382,16588,977,504
1779135428.0361013,16589,977,505
1779135428.046153,16590,977,504
1779135428.0599267,16591,977,504
1779135428.076144,16592,977,504
1779135428.0761738,16593,977,505
1779135428.0823758,16594,977,505
1779135428.0961213,16595,977,505
1779135428.1023579,16596,977,506
1779135428.1274874,16597,977,505
1779135428.1286855,16598,977,505
1779135428.1511931,16599,977,507
1779135428.1524463,16600,977,505
1779135428.1536164,16601,977,505
1779135428.1686113,16602,977,505
1779135428.1773553,16603,977,505
1779135428.1885967,16604,977,505
1779135428.197381,16605,977,506
1779135428.2112138,16606,977,504
1779135428.2201033,16607,977,504
1779135428.2361708,16608,977,504
1779135428.2362175,16609,977,504
1779135428.2448766,16610,977,504
1779135428.2574267,16611,977,503
1779135428.2636101,16612,977,503
1779135428.2774653,16613,977,504
1779135428.286189,16614,977,502
1779135428.2948925,16615,977,501
1779135428.3060856,16616,977,501
1779135428.3148937,16617,977,501
1779135428.3286636,16618,977,502
1779135428.3374617,16619,977,499
1779135428.3487506,16620,977,499
1779135428.3574688,16621,977,499
1779135428.36881,16622,977,500
1779135428.3824565,16623,977,499
1779135428.3937306,16624,858,498
1779135428.393785,16625,676,498
1779135428.4024746,16626,510,497
1779135428.4161792,16627,365,497
1779135428.422497,16628,242,497
1779135428.4362445,16629,144,496
1779135428.4449494,16630,68,496
1779135428.458813,16631,13,495
1779135428.4674425,16632,1,496
1779135428.4937127,16633,0,496
1779135428.4949226,16634,1,495
1779135428.52017,16635,1,495
1779135428.5212646,16636,0,495
1779135428.5412276,16637,0,494
1779135428.5424547,16638,0,494
1779135428.543781,16639,1,493
1779135428.5600173,16640,0,493
1779135428.560062,16641,1,493
1779135428.5611966,16642,0,493
1779135428.5750926,16643,0,493
1779135428.5862858,16644,1,492
1779135428.5950367,16645,0,492
1779135428.608758,16646,0,492
1779135428.6389856,16647,1,492
1779135428.639928,16648,0,491
1779135428.6412308,16649,0,491
1779135428.6512177,16650,1,492
1779135428.6575491,16651,1,491
1779135428.6686728,16652,0,491
1779135428.6775265,16653,0,491
1779135428.6912348,16654,1,489
1779135428.7049463,16655,1,489
1779135428.7111611,16656,0,489
1779135428.7248995,16657,0,489
1779135428.733671,16658,0,490
1779135428.7336843,16659,1,489
1779135428.744991,16660,1,490
1779135428.753755,16661,0,489
1779135428.767493,16662,0,489
1779135428.7773807,16663,1,489
1779135428.7836282,16664,1,490
1779135428.7979608,16665,1,490
1779135428.806168,16666,10,490
1779135428.8199947,16667,25,490
1779135428.8262348,16668,51,491
1779135428.851149,16669,99,491
1779135428.8524537,16670,177,491
1779135428.8775358,16671,296,492
1779135428.9036422,16672,459,492
1779135428.911243,16673,661,493
1779135428.9125283,16674,895,493
1779135428.912542,16675,977,494
1779135428.9137022,16676,977,494
1779135428.914852,16677,977,494
1779135428.9298742,16678,977,494
1779135428.9311411,16679,977,496
1779135428.9473853,16680,977,494
1779135428.9561648,16681,977,495
1779135428.9648666,16682,977,495
1779135428.978657,16683,977,495
1779135428.9886503,16684,977,495
1779135428.9974103,16685,977,495
1779135429.0062282,16686,977,495
1779135429.0199502,16687,977,495
1779135429.03622,16688,977,495
1779135429.0362542,16689,977,494
1779135429.0424335,16690,977,494
1779135429.056192,16691,977,494
1779135429.0624595,16692,977,494
1779135429.0761523,16693,977,494
1779135429.0849168,16694,977,495
1779135429.0936525,16695,977,494
1779135429.1048822,16696,977,494
1779135429.1136553,16697,977,494
1779135429.1274655,16698,977,494
1779135429.1361978,16699,977,494
1779135429.1474164,16700,977,494
1779135429.1562276,16701,977,494
1779135429.1699028,16702,977,494
1779135429.178772,16703,977,493
1779135429.1961427,16704,977,494
1779135429.2011666,16705,977,493
1779135429.2486997,16706,977,494
1779135429.248736,16707,977,494
1779135429.2498615,16708,871,493
1779135429.2511308,16709,696,494
1779135429.2523704,16710,534,494
1779135429.278672,16711,393,494
1779135429.2798784,16712,276,493
1779135429.281152,16713,185,493
1779135429.2824035,16714,117,492
1779135429.2962117,16715,68,494
1779135429.3062446,16716,36,494
1779135429.3148754,16717,18,494
1779135429.328729,16718,10,494
1779135429.3374743,16719,7,494
1779135429.353857,16720,10,494
1779135429.36253,16721,16,493
1779135429.3625574,16722,24,494
1779135429.3762217,16723,35,494
1779135429.3824377,16724,45,494
1779135429.396153,16725,55,493
1779135429.4061418,16726,61,494
1779135429.414909,16727,65,495
1779135429.4262834,16728,63,495
1779135429.4349883,16729,61,495
1779135429.4487047,16730,56,495
1779135429.4575777,16731,51,495
1779135429.468803,16732,46,495
1779135429.4774559,16733,44,495
1779135429.4912715,16734,41,495
1779135429.4998848,16735,39,495
1779135429.513755,16736,40,496
1779135429.5137765,16737,43,496
1779135429.522404,16738,45,496
1779135429.5362406,16739,50,496
1779135429.5424228,16740,55,496
1779135429.5563023,16741,60,497
1779135429.5649207,16742,66,497
1779135429.6099832,16743,71,498
1779135429.6111758,16744,75,497
1779135429.6199775,16745,79,498
1779135429.6211894,16746,81,498
1779135429.6223805,16747,85,497
1779135429.6236296,16748,88,498
1779135429.6387112,16749,88,499
1779135429.6474314,16750,88,500
1779135429.6561437,16751,88,499
1779135429.6711712,16752,86,500
1779135429.6849554,16753,83,501
1779135429.6937206,16754,80,501
1779135429.6937451,16755,76,502
1779135429.704937,16756,71,502
1779135429.7136989,16757,68,502
1779135429.7249334,16758,63,502
1779135429.733718,16759,62,503
1779135429.749926,16760,64,503
1779135429.7511635,16761,80,504
1779135429.7650132,16762,113,503
1779135429.7788737,16763,176,504
1779135429.7849991,16764,274,504
1779135429.7986422,16765,415,504
1779135429.8075278,16766,591,505
1779135429.8163064,16767,792,505
1779135429.8349016,16768,976,506
1779135429.8436997,16769,976,505
1779135429.8524735,16770,976,505
1779135429.852499,16771,977,505
1779135429.8636713,16772,977,506
1779135429.8724334,16773,977,506
1779135429.8862019,16774,977,507
1779135429.9188492,16775,977,506
1779135429.919926,16776,977,507
1779135429.9236903,16777,977,505
1779135429.924927,16778,977,507
1779135429.9388173,16779,977,506
1779135429.963744,16780,977,507
1779135429.9649148,16781,977,506
1779135429.9850187,16782,977,506
1779135429.9862638,16783,977,505
1779135429.9924512,16784,977,507
1779135430.0061867,16785,977,505
1779135430.0112543,16786,977,505
1779135430.0112717,16787,977,505
1779135430.0249896,16788,977,505
1779135430.0337114,16789,977,505
1779135430.0424175,16790,977,505
1779135430.0562084,16791,977,506
1779135430.0624325,16792,977,505
1779135430.0762053,16793,977,504
1779135430.0848832,16794,977,504
1779135430.0936854,16795,974,504
1779135430.1049314,16796,800,504
1779135430.1137574,16797,651,504
1779135430.1311908,16798,519,503
1779135430.1327314,16799,411,503
1779135430.154913,16800,323,503
1779135430.1637228,16801,257,503
1779135430.163738,16802,209,502
1779135430.17243,16803,178,502
1779135430.183699,16804,162,502
1779135430.1974463,16805,159,502
1779135430.2024481,16806,162,502
1779135430.2164237,16807,170,501
1779135430.227464,16808,181,501
1779135430.2387483,16809,190,502
1779135430.2475567,16810,195,502
1779135430.262187,16811,199,502
1779135430.2676864,16812,196,502
1779135430.2812874,16813,191,501
1779135430.2899625,16814,182,501
1779135430.3037634,16815,173,501
1779135430.3338478,16816,162,501
1779135430.333881,16817,152,501
1779135430.3349526,16818,141,501
1779135430.3600748,16819,131,501
1779135430.36121,16820,124,501
1779135430.3862638,16821,120,501
1779135430.3874888,16822,119,501
1779135430.392544,16823,118,501
1779135430.393721,16824,117,501
1779135430.394999,16825,117,500
1779135430.4099693,16826,116,500
1779135430.4187906,16827,117,500
1779135430.4299457,16828,117,500
1779135430.4389083,16829,118,500
1779135430.4524903,16830,116,500
1779135430.4662652,16831,117,500
1779135430.4687176,16832,118,500
1779135430.4837692,16833,119,500
1779135430.4838078,16834,121,500
1779135430.4925008,16835,124,499
1779135430.5036893,16836,126,499
1779135430.5124593,16837,129,500
1779135430.5262136,16838,129,499
1779135430.5613487,16839,131,499
1779135430.5625181,16840,136,499
1779135430.563769,16841,140,499
1779135430.5649917,16842,143,498
1779135430.5786972,16843,146,498
1779135430.5900226,16844,146,498
1779135430.5988123,16845,144,498
1779135430.6125355,16846,143,497
1779135430.621252,16847,142,498
1779135430.637473,16848,141,498
1779135430.6388023,16849,140,497
1779135430.6388183,16850,139,497
1779135430.6525903,16851,136,497
1779135430.6637104,16852,135,497
1779135430.6725104,16853,134,497
1779135430.7150314,16854,132,497
1779135430.7161925,16855,133,497
1779135430.722484,16856,139,496
1779135430.7236767,16857,156,496
1779135430.724931,16858,192,496
1779135430.7386873,16859,259,497
1779135430.744957,16860,359,496
1779135430.7587628,16861,497,497
1779135430.7686925,16862,664,498
1779135430.7774723,16863,856,498
1779135430.7938044,16864,976,499
1779135430.8025134,16865,976,500
1779135430.8025286,16866,976,499
1779135430.8162901,16867,976,499
1779135430.8225336,16868,977,499
1779135430.836264,16869,977,499
1779135430.8449357,16870,977,499
1779135430.8537934,16871,977,498
1779135430.8650777,16872,977,499
1779135430.8762088,16873,977,499
1779135430.8849566,16874,977,499
1779135430.8987746,16875,977,500
1779135430.9049664,16876,977,499
1779135430.9187021,16877,977,499
1779135430.9274502,16878,977,499
1779135430.9362595,16879,977,498
1779135430.9512947,16880,977,498
1779135430.96496,16881,977,498
1779135430.9762065,16882,977,498
1779135430.976226,16883,977,497
1779135430.9824412,16884,977,497
1779135430.9962149,16885,977,497
1779135431.0049856,16886,977,497
1779135431.0138924,16887,977,497
1779135431.0249853,16888,977,497
1779135431.033698,16889,976,496
1779135431.0599604,16890,976,496
1779135431.0612028,16891,976,496
1779135431.0862572,16892,976,496
1779135431.0874395,16893,976,495
1779135431.1125817,16894,907,496
1779135431.1138284,16895,779,495
1779135431.121208,16896,662,494
1779135431.1225052,16897,563,494
1779135431.1225257,16898,481,493
1779135431.1363215,16899,414,493
1779135431.1425526,16900,360,493
1779135431.1562705,16901,322,492
1779135431.1649995,16902,292,492
1779135431.201275,16903,273,492
1779135431.2024589,16904,259,492
1779135431.203702,16905,254,492
1779135431.2049615,16906,252,493
1779135431.218878,16907,251,493
1779135431.2250488,16908,252,492
1779135431.2387338,16909,254,493
1779135431.247494,16910,253,492
1779135431.256379,16911,248,493
1779135431.2712972,16912,243,492
1779135431.2851095,16913,236,493
1779135431.2937076,16914,229,492
1779135431.2937298,16915,221,493
1779135431.3049614,16916,208,493
1779135431.3137546,16917,196,493
1779135431.3277335,16918,185,492
1779135431.3363273,16919,174,493
1779135431.3476174,16920,163,493
1779135431.3563306,16921,156,492
1779135431.3701096,16922,152,493
1779135431.378777,16923,150,492
1779135431.3900945,16924,150,492
1779135431.3988144,16925,155,492
1779135431.4363997,16926,161,492
1779135431.4375222,16927,170,492
1779135431.4637845,16928,177,492
1779135431.473907,16929,185,491
1779135431.475052,16930,191,491
1779135431.4751139,16931,198,492
1779135431.4762118,16932,205,492
1779135431.4774776,16933,212,492
1779135431.4875426,16934,217,491
1779135431.493808,16935,220,492
1779135431.5049934,16936,221,492
1779135431.5137749,16937,220,492
1779135431.525094,16938,218,492
1779135431.5390303,16939,214,493
1779135431.545053,16940,209,493
1779135431.5588768,16941,209,493
1779135431.5675468,16942,217,493
1779135431.5764127,16943,246,493
1779135431.5913413,16944,303,494
1779135431.6050572,16945,395,494
1779135431.6138546,16946,522,495
1779135431.6139245,16947,683,496
1779135431.6262972,16948,866,495
1779135431.635051,16949,976,496
1779135431.643783,16950,976,496
1779135431.6575074,16951,977,497
1779135431.6637146,16952,977,497
1779135431.6774738,16953,977,497
1779135431.6862473,16954,977,498
1779135431.6950202,16955,977,497
1779135431.706239,16956,977,497
1779135431.7149742,16957,977,497
1779135431.731308,16958,977,497
1779135431.7326915,16959,977,497
1779135431.7550852,16960,977,498
1779135431.7637608,16961,977,497
1779135431.7637806,16962,977,497
1779135431.7727103,16963,977,498
1779135431.811202,16964,977,496
1779135431.8124812,16965,977,496
1779135431.8412685,16966,977,497
1779135431.8424804,16967,977,496
1779135431.8538256,16968,977,495
1779135431.855013,16969,977,495
1779135431.8562634,16970,977,495
1779135431.857583,16971,977,495
1779135431.868733,16972,977,495
1779135431.8775072,16973,977,495
1779135431.8913503,16974,977,495
1779135431.900001,16975,977,494
1779135431.9163477,16976,977,493
1779135431.9163876,16977,977,493
1779135431.925083,16978,976,492
1779135431.9337418,16979,977,492
1779135431.9450955,16980,976,491
1779135431.953824,16981,976,492
1779135431.96751,16982,855,491
1779135431.976395,16983,724,491
1779135431.9874997,16984,604,490
1779135431.9962666,16985,504,490
1779135432.0101151,16986,419,489
1779135432.018876,16987,351,489
1779135432.030001,16988,296,488
1779135432.0388372,16989,255,488
1779135432.047584,16990,224,488
1779135432.0613844,16991,202,488
1779135432.0725038,16992,186,487
1779135432.0813146,16993,176,488
1779135432.095115,16994,168,487
1779135432.0951307,16995,163,487
1779135432.101322,16996,159,487
1779135432.1150353,16997,159,487
1779135432.128781,16998,159,487
1779135432.1337693,16999,159,487
1779135432.145069,17000,158,487
1779135432.1700156,17001,158,487
1779135432.171213,17002,156,487
1779135432.192598,17003,156,487
1779135432.1937573,17004,152,487
1779135432.1950328,17005,151,487
1779135432.2100103,17006,148,487
1779135432.2187798,17007,147,487
1779135432.2350664,17008,147,487
1779135432.24385,17009,151,487
1779135432.2525856,17010,158,487
1779135432.2526112,17011,166,487
1779135432.2638524,17012,172,487
1779135432.272516,17013,177,487
1779135432.286293,17014,180,487
1779135432.2951534,17015,183,487
1779135432.3063037,17016,186,487
1779135432.3150148,17017,188,487
1779135432.32889,17018,190,487
1779135432.3375528,17019,191,487
1779135432.3488543,17020,191,487
1779135432.357558,17021,190,486
1779135432.3713753,17022,188,487
1779135432.3801093,17023,188,487
1779135432.3964028,17024,188,487
1779135432.3964612,17025,187,487
1779135432.4052265,17026,184,487
1779135432.4138021,17027,182,487
1779135432.4251795,17028,179,487
1779135432.4337995,17029,179,487
1779135432.4476426,17030,179,487
1779135432.480038,17031,178,488
1779135432.4812808,17032,176,488
1779135432.482493,17033,176,488
1779135432.48373,17034,178,489
1779135432.497553,17035,185,489
1779135432.5087597,17036,208,489
1779135432.5363672,17037,257,490
1779135432.5375495,17038,340,490
1779135432.5626118,17039,463,491
1779135432.5688133,17040,628,491
1779135432.5700066,17041,830,492
1779135432.5713573,17042,976,491
1779135432.5713768,17043,976,492
1779135432.5875647,17044,976,491
1779135432.5963445,17045,977,492
1779135432.6051798,17046,977,492
1779135432.6187754,17047,977,493
1779135432.6250577,17048,977,493
1779135432.6389422,17049,977,493
1779135432.6476398,17050,977,493
1779135432.6563137,17051,977,493
1779135432.6675465,17052,977,493
1779135432.6763256,17053,977,494
1779135432.6900246,17054,977,494
1779135432.698775,17055,977,493
1779135432.71521,17056,977,494
1779135432.723877,17057,977,493
1779135432.7325516,17058,977,493
1779135432.7325757,17059,977,494
1779135432.743781,17060,977,494
1779135432.7525578,17061,977,494
1779135432.766332,17062,977,494
1779135432.7725604,17063,977,493
1779135432.7888877,17064,977,494
1779135432.7938747,17065,977,495
1779135432.8076675,17066,977,494
1779135432.8162575,17067,977,494
1779135432.8275263,17068,977,494
1779135432.836275,17069,977,492
1779135432.8499885,17070,977,493
1779135432.8587823,17071,977,493
1779135432.8763025,17072,977,492
1779135432.922554,17073,977,494
1779135432.9237664,17074,977,492
1779135432.9237957,17075,977,492
1779135432.9250393,17076,977,492
1779135432.9262624,17077,977,492
1779135432.9275017,17078,977,492
1779135432.9362667,17079,977,492
1779135432.945029,17080,977,492
1779135432.953747,17081,977,492
1779135432.9675066,17082,977,492
1779135432.9800522,17083,950,492
1779135432.9813106,17084,789,492
1779135432.9964044,17085,640,492
1779135433.0050714,17086,509,492
1779135433.018782,17087,398,492
1779135433.0350502,17088,307,491
1779135433.043767,17089,238,491
1779135433.0525696,17090,184,491
1779135433.0526142,17091,146,491
1779135433.0637558,17092,119,492
1779135433.0725074,17093,102,492
1779135433.0838106,17094,95,491
1779135433.1190534,17095,93,492
1779135433.120161,17096,95,492
1779135433.1212943,17097,99,491
1779135433.1228905,17098,103,492
1779135433.136277,17099,106,492
1779135433.1476142,17100,109,492
1779135433.156346,17101,109,492
1779135433.170483,17102,108,492
1779135433.178794,17103,107,492
1779135433.1927834,17104,105,492
1779135433.201293,17105,104,492
1779135433.201381,17106,102,493
1779135433.215246,17107,101,492
1779135433.2213087,17108,103,493
1779135433.2350488,17109,109,493
1779135433.2439187,17110,116,492
1779135433.2887936,17111,126,493
1779135433.2900543,17112,134,493
1779135433.2950244,17113,142,492
1779135433.296247,17114,150,493
1779135433.2974885,17115,159,492
1779135433.3138855,17116,165,492
1779135433.315093,17117,171,492
1779135433.328851,17118,173,493
1779135433.3425543,17119,173,492
1779135433.3539305,17120,171,492
1779135433.3539624,17121,168,492
1779135433.3625386,17122,166,492
1779135433.3763182,17123,161,493
1779135433.3825762,17124,158,493
1779135433.3938484,17125,154,493
1779135433.407593,17126,152,493
1779135433.416292,17127,149,494
1779135433.4275892,17128,145,494
1779135433.436325,17129,144,495
1779135433.4500186,17130,145,495
1779135433.4588144,17131,147,495
1779135433.4700475,17132,149,495
1779135433.4787269,17133,150,496
1779135433.492739,17134,149,496
1779135433.5013406,17135,150,497
1779135433.5125852,17136,149,497
1779135433.5126302,17137,150,498
1779135433.5212715,17138,154,498
1779135433.5351596,17139,168,498
1779135433.5413926,17140,203,499
1779135433.555057,17141,268,499
1779135433.563849,17142,374,499
1779135433.5775447,17143,528,500
1779135433.5837784,17144,725,501
1779135433.5976388,17145,958,501
1779135433.6063876,17146,977,502
1779135433.645072,17147,977,502
1779135433.646281,17148,977,502
1779135433.6625695,17149,977,502
1779135433.6637917,17150,977,503
1779135433.6650536,17151,977,503
1779135433.6813545,17152,977,504
1779135433.6813674,17153,977,504
1779135433.6825435,17154,977,504
1779135433.6963103,17155,977,504
1779135433.7050643,17156,977,504
1779135433.7139206,17157,977,505
1779135433.7277162,17158,977,506
1779135433.7638454,17159,977,504
1779135433.765048,17160,977,504
1779135433.766313,17161,977,505
1779135433.7676253,17162,977,506
1779135433.7812688,17163,977,504
1779135433.787533,17164,977,505
1779135433.7962825,17165,977,506
1779135433.8137915,17166,977,504
1779135433.8150442,17167,977,504
1779135433.823784,17168,977,504
1779135433.8325758,17169,977,504
1779135433.846318,17170,977,504
1779135433.8550293,17171,977,503
1779135433.866303,17172,977,503
1779135433.8750408,17173,977,502
1779135433.8887744,17174,977,502
1779135433.8975265,17175,977,502
1779135433.9089015,17176,977,502
1779135433.9176364,17177,977,501
1779135433.9288564,17178,977,500
1779135433.9375353,17179,977,500
1779135433.953921,17180,977,502
1779135433.9551754,17181,977,500
1779135433.9689064,17182,977,500
1779135433.982568,17183,977,499
1779135434.024027,17184,977,499
1779135434.0252278,17185,977,500
1779135434.0252626,17186,977,498
1779135434.0265274,17187,977,499
1779135434.0277023,17188,977,498
1779135434.0338795,17189,977,497
1779135434.0477026,17190,855,497
1779135434.0526292,17191,680,497
1779135434.0638313,17192,518,496
1779135434.0775628,17193,376,496
1779135434.0837824,17194,255,495
1779135434.0975952,17195,155,495
1779135434.1037796,17196,77,495
1779135434.1175606,17197,20,495
1779135434.1262853,17198,1,495
1779135434.1350405,17199,0,494
1779135434.155102,17200,0,493
1779135434.1639168,17201,0,493
1779135434.1639447,17202,1,493
1779135434.1725516,17203,1,493
1779135434.1838582,17204,1,492
1779135434.1926255,17205,1,492
1779135434.2064042,17206,23,491
1779135434.2151852,17207,45,492
1779135434.2263813,17208,68,491
1779135434.235108,17209,88,491
1779135434.2451766,17210,106,490
1779135434.2589722,17211,123,490
1779135434.265074,17212,136,490
1779135434.278912,17213,147,489
1779135434.2875812,17214,157,489
1779135434.3013206,17215,164,489
1779135434.31261,17216,167,488
1779135434.321391,17217,169,488
1779135434.3214297,17218,171,487
1779135434.3351104,17219,170,486
1779135434.3414226,17220,171,486
1779135434.3739822,17221,172,484
1779135434.3750465,17222,174,484
1779135434.407619,17223,176,484
1779135434.4089124,17224,176,483
1779135434.4339468,17225,175,483
1779135434.4350874,17226,172,483
1779135434.4426205,17227,167,481
1779135434.443906,17228,163,481
1779135434.44509,17229,158,481
1779135434.4463136,17230,150,480
1779135434.4625998,17231,141,480
1779135434.4739487,17232,132,480
1779135434.474006,17233,128,480
1779135434.4826298,17234,131,479
1779135434.4965296,17235,147,479
1779135434.5025702,17236,184,478
1779135434.5163655,17237,256,478
1779135434.5251234,17238,372,478
1779135434.5389404,17239,535,478
1779135434.5451035,17240,742,477
1779135434.5589824,17241,973,477
1779135434.5676854,17242,977,477
1779135434.5813851,17243,977,476
1779135434.5876572,17244,977,476
1779135434.6014578,17245,977,475
1779135434.6100905,17246,977,475
1779135434.624023,17247,977,475
1779135434.635371,17248,977,475
1779135434.6354194,17249,977,476
1779135434.6439924,17250,977,473
1779135434.6582782,17251,977,473
1779135434.6641698,17252,977,473
1779135434.6801965,17253,977,473
1779135434.681326,17254,977,472
1779135434.6951685,17255,977,472
1779135434.7091365,17256,977,471
1779135434.7151203,17257,977,471
1779135434.7513812,17258,977,470
1779135434.752705,17259,977,470
1779135434.767639,17260,977,469
1779135434.7689705,17261,977,469
1779135434.77009,17262,977,468
1779135434.78517,17263,977,468
1779135434.791466,17264,977,468
1779135434.8027017,17265,977,468
1779135434.8027546,17266,977,469
1779135434.8113906,17267,977,469
1779135434.8251681,17268,977,467
1779135434.8340166,17269,977,467
1779135434.845177,17270,977,467
1779135434.8540246,17271,977,467
1779135434.867593,17272,977,467
1779135434.876355,17273,977,467
1779135434.8876698,17274,977,467
1779135434.8964148,17275,977,468
1779135434.9100595,17276,977,466
1779135434.9188938,17277,977,467
1779135434.930111,17278,977,467
1779135434.9439406,17279,977,467
1779135434.953931,17280,977,468
1779135434.953952,17281,857,467
1779135434.9690118,17282,704,467
1779135434.9701257,17283,561,467
1779135434.9839976,17284,432,467
1779135434.997686,17285,322,467
1779135435.003978,17286,231,467
1779135435.0389733,17287,159,468
1779135435.0401874,17288,105,469
1779135435.041443,17289,67,468
1779135435.047569,17290,40,470
1779135435.0563357,17291,25,470
1779135435.0713294,17292,20,470
1779135435.076319,17293,21,472
1779135435.1250794,17294,27,472
1779135435.1263177,17295,36,473
1779135435.1303947,17296,47,473
1779135435.1304164,17297,59,474
1779135435.130422,17298,70,475
1779135435.1313338,17299,82,475
1779135435.1463249,17300,96,476
1779135435.1513565,17301,111,476
1779135435.1677945,17302,125,476
1779135435.1739051,17303,140,475
1779135435.1826124,17304,153,476
1779135435.196353,17305,166,476
1779135435.2076206,17306,176,476
1779135435.2163346,17307,187,477
1779135435.2300973,17308,195,477
1779135435.2389243,17309,201,478
1779135435.2500992,17310,203,478
1779135435.2639172,17311,204,478
1779135435.273956,17312,203,478
1779135435.2739727,17313,201,478
1779135435.2838922,17314,198,479
1779135435.2926693,17315,195,480
1779135435.3063495,17316,196,481
1779135435.3150647,17317,211,482
1779135435.3267047,17318,246,482
1779135435.335794,17319,310,483
1779135435.3490326,17320,419,484
1779135435.358404,17321,573,485
1779135435.3695831,17322,773,485
1779135435.3779595,17323,977,487
